student_id,district,area_type,grade,age,gender,socioeconomic_status,parent_education,household_income,attendance_rate,academic_score,distance_to_school_km,midday_meal,school_infra_score,dropout_next_year,dropout_risk,counseling_en
RJ000001,Kota,Rural,8,8,Male,Low,Primary,7892,73.0,70.5,9.74,1,6.77,1,0.9129756,High risk...
RJ000002,Bhilwara,Rural,11,13,Female,High,Higher Secondary,86772,93.7,75.0,2.39,0,7.36,1,0.88704133,High risk...
RJ000003,Alwar,Urban,3,12,Female,Upper-Middle,Secondary,36295,91.7,79.9,1.21,0,7.87,0,0.0056703114,Low risk...
RJ000004,Ajmer,Urban,6,8,Female,Middle,Secondary,21376,83.0,59.2,2.46,0,6.77,0,0.10238058,Low risk...
RJ000005,Jodhpur,Rural,6,11,Female,Upper-Middle,Secondary,37857,88.1,67.5,0.1,0,3.65,0,0.021569965,Low risk...
RJ000006,Jodhpur,Rural,10,9,Male,Low,Secondary,5127,73.3,61.3,4.11,1,6.23,1,0.50964475,Moderate risk..
RJ000007,Jaipur,Urban,3,16,Male,Upper-Middle,Secondary,46507,86.2,79.8,1.47,0,4.48,0,0.0055098645,Low risk...
RJ000008,Barmer,Rural,12,10,Female,Low,No formal,7845,66.5,35.8,6.02,1,3.29,0,0.04516602,Low risk...
RJ000009,Ajmer,Rural,12,16,Male,Middle,Graduate+,17905,82.5,69.3,2.55,1,5.1,1,0.0015446182,Low risk...
RJ000010,Alwar,Rural,12,10,Female,Middle,No formal,21673,85.4,61.8,7.6,0,5.1,0,0.004583461,Low risk...
RJ000011,Jaipur,Rural,7,12,Male,Low,Primary,6707,76.9,45.1,1.76,1,4.56,0,0.032513183,Low risk...
RJ000012,Bhilwara,Rural,11,16,Male,Lower-Middle,No formal,15669,76.3,55.6,6.12,1,6.63,0,0.015248572,Low risk...
RJ000013,Sikar,Rural,4,10,Male,Low,No formal,5449,77.7,47.8,2.0,1,5.25,0,0.030840399,Low risk...
RJ000014,Jodhpur,Rural,5,16,Female,High,Secondary,77422,93.2,55.3,5.65,0,3.23,0,0.0055330754,Low risk...
RJ000015,Jodhpur,Rural,9,8,Male,Low,Primary,5768,67.4,53.9,0.96,1,4.9,0,0.046451807,Low risk...
RJ000016,Jodhpur,Urban,6,15,Male,Lower-Middle,Higher Secondary,10867,79.5,65.7,2.32,1,5.74,0,0.06331068,Low risk...
RJ000017,Kota,Rural,10,10,Male,Middle,Primary,29728,81.6,62.6,7.97,1,7.1,1,0.020845216,Low risk...
RJ000018,Udaipur,Urban,4,12,Female,Low,Primary,6954,77.3,64.0,0.99,1,5.33,0,0.14773458,Low risk...
RJ000019,Bikaner,Urban,8,10,Male,Lower-Middle,Primary,15484,78.4,55.6,1.14,1,8.74,0,0.00039171733,Low risk...
RJ000020,Kota,Rural,9,10,Male,Lower-Middle,Secondary,16108,74.2,76.8,3.92,0,5.93,1,0.8248573,High risk...
RJ000021,Ajmer,Rural,10,14,Male,Low,Higher Secondary,7982,67.0,60.3,2.48,1,6.16,0,0.04576237,Low risk...
RJ000022,Jaipur,Rural,5,8,Female,Middle,Primary,26953,85.9,77.4,4.52,0,4.72,0,0.015762974,Low risk...
RJ000023,Kota,Urban,2,18,Male,Low,Primary,4980,68.2,43.1,2.11,1,8.91,0,0.5314043,Moderate risk..
RJ000024,Kota,Rural,6,11,Male,Low,Graduate+,5133,71.9,59.0,0.1,1,7.31,0,0.009963771,Low risk...
RJ000025,Bikaner,Rural,11,6,Male,Lower-Middle,No formal,13358,77.7,65.6,5.57,1,6.27,1,0.9139487,High risk...
RJ000026,Sikar,Rural,12,15,Female,Lower-Middle,Primary,16115,73.3,57.8,1.18,0,7.14,0,0.01759092,Low risk...
RJ000027,Jodhpur,Urban,8,10,Female,Upper-Middle,Primary,48209,91.5,61.9,0.1,1,7.08,0,0.017034,Low risk...
RJ000028,Udaipur,Rural,5,13,Female,Upper-Middle,No formal,60975,93.6,55.0,5.62,0,4.37,0,0.0404546,Low risk...
RJ000029,Ajmer,Rural,1,10,Female,Lower-Middle,Primary,10603,78.9,68.8,8.02,1,5.82,0,0.27064738,Low risk...
RJ000030,Jaipur,Urban,8,14,Female,Lower-Middle,No formal,9125,77.6,65.3,0.76,0,6.34,0,0.11055422,Low risk...
RJ000031,Ajmer,Urban,9,16,Male,Low,Higher Secondary,7544,75.0,67.3,1.67,1,7.53,0,0.14092267,Low risk...
RJ000032,Jodhpur,Rural,1,11,Female,Low,Secondary,7893,76.0,59.6,1.99,1,3.24,1,0.025577921,Low risk...
RJ000033,Jaipur,Rural,8,13,Female,Lower-Middle,Higher Secondary,12164,74.3,56.1,2.75,0,3.3,0,0.032254938,Low risk...
RJ000034,Bhilwara,Rural,10,15,Female,Middle,Primary,19293,83.1,65.0,4.59,1,7.62,0,0.03505003,Low risk...
RJ000035,Bhilwara,Rural,12,13,Male,Low,Secondary,4378,67.9,48.2,3.78,1,7.36,1,0.9382329,High risk...
RJ000036,Sikar,Rural,2,18,Female,Low,Secondary,4463,78.8,59.3,5.49,1,6.17,0,0.028513556,Low risk...
RJ000037,Kota,Rural,4,8,Male,Lower-Middle,Higher Secondary,12089,82.3,79.9,7.0,1,8.02,0,0.07639179,Low risk...
RJ000038,Jaipur,Urban,2,12,Female,Low,No formal,5186,74.6,43.5,0.38,1,5.36,0,0.05897154,Low risk...
RJ000039,Alwar,Urban,2,12,Male,Middle,Primary,25584,87.9,73.8,0.57,1,4.26,0,0.009439036,Low risk...
RJ000040,Bikaner,Rural,10,15,Male,Lower-Middle,Secondary,12503,73.6,74.1,3.19,0,8.44,0,0.060554884,Low risk...
RJ000041,Jaipur,Urban,3,17,Male,Lower-Middle,Graduate+,12248,78.7,76.3,0.83,0,5.95,0,0.06071669,Low risk...
RJ000042,Udaipur,Rural,8,11,Male,Low,Graduate+,6804,77.2,72.0,5.66,1,6.05,0,0.057493676,Low risk...
RJ000043,Jaipur,Rural,4,17,Female,Upper-Middle,Secondary,52901,90.7,68.7,6.05,0,3.13,1,0.019042542,Low risk...
RJ000044,Barmer,Rural,7,12,Male,Low,No formal,5863,75.8,53.8,9.27,1,2.85,0,0.029235402,Low risk...
RJ000045,Jodhpur,Rural,12,7,Male,Upper-Middle,No formal,42116,87.2,47.8,4.26,0,3.91,1,0.9414279,High risk...
RJ000046,Alwar,Rural,10,14,Female,Lower-Middle,Graduate+,11495,81.4,71.6,2.06,0,5.82,0,0.12400251,Low risk...
RJ000047,Kota,Rural,3,15,Male,Upper-Middle,Primary,33711,85.0,63.4,7.92,0,6.93,0,0.06862109,Low risk...
RJ000048,Udaipur,Urban,10,15,Female,Middle,No formal,23129,82.9,57.7,1.98,1,6.85,1,0.0343657,Low risk...
RJ000049,Udaipur,Urban,12,6,Male,Low,Graduate+,5040,75.4,67.6,1.36,1,4.82,0,0.18081532,Low risk...
RJ000050,Jodhpur,Rural,11,6,Male,Middle,No formal,22590,85.9,65.5,9.28,0,3.99,0,0.0165262,Low risk...
RJ000051,Bhilwara,Urban,3,8,Female,Middle,Secondary,30002,91.0,67.5,1.02,0,8.41,0,0.0048977374,Low risk...
RJ000052,Sikar,Rural,2,8,Female,Low,Secondary,8352,75.5,76.2,6.8,1,8.19,1,0.8615244,High risk...
RJ000053,Bhilwara,Rural,12,6,Male,Low,No formal,8079,68.9,60.7,8.55,1,6.25,0,0.04909812,Low risk...
RJ000054,Barmer,Rural,6,17,Female,Lower-Middle,Primary,15302,76.4,68.6,4.29,1,5.28,0,0.04688966,Low risk...
RJ000055,Ajmer,Urban,6,12,Female,Middle,No formal,30401,82.2,62.0,1.66,1,5.3,0,0.09896272,Low risk...
RJ000056,Bhilwara,Rural,1,9,Female,Middle,Secondary,34036,90.4,76.3,7.08,1,7.49,0,0.0027805003,Low risk...
RJ000057,Jaipur,Urban,7,15,Male,Middle,Primary,30661,86.5,60.3,0.41,1,4.16,0,0.027152272,Low risk...
RJ000058,Jodhpur,Rural,12,18,Male,Middle,No formal,25742,82.3,68.2,1.56,1,5.19,0,0.039475124,Low risk...
RJ000059,Jaipur,Urban,4,7,Female,Middle,Graduate+,28024,88.0,73.7,1.19,1,6.02,0,0.02968418,Low risk...
RJ000060,Kota,Rural,11,15,Female,Lower-Middle,Primary,10969,77.4,53.9,4.92,1,7.64,0,0.1785462,Low risk...
RJ000061,Bikaner,Urban,12,10,Male,Low,Primary,4214,73.4,59.5,1.3,1,7.37,0,0.0054163807,Low risk...
RJ000062,Kota,Urban,3,11,Female,Upper-Middle,No formal,42639,93.9,67.5,1.19,0,8.82,1,0.8622862,High risk...
RJ000063,Sikar,Rural,8,14,Male,Low,No formal,5900,69.3,73.7,5.53,1,5.11,0,0.013580648,Low risk...
RJ000064,Kota,Urban,2,9,Male,Lower-Middle,Graduate+,14558,82.3,75.4,2.09,0,9.7,0,0.0017819182,Low risk...
RJ000065,Kota,Rural,9,7,Male,Middle,Primary,32536,79.0,75.6,6.15,1,6.47,1,0.09570004,Low risk...
RJ000066,Udaipur,Urban,8,10,Female,Lower-Middle,Primary,16486,78.9,72.0,1.06,1,6.63,0,0.04016106,Low risk...
RJ000067,Jaipur,Urban,8,8,Male,Low,Higher Secondary,5678,74.3,65.3,2.07,1,6.08,0,0.09853873,Low risk...
RJ000068,Sikar,Rural,3,7,Female,Low,Secondary,8221,71.1,57.1,3.34,1,4.04,0,0.048195187,Low risk...
RJ000069,Jaipur,Urban,4,17,Female,Lower-Middle,Primary,15115,79.3,49.3,0.59,1,4.89,1,0.9144189,High risk...
RJ000070,Bhilwara,Rural,2,6,Female,High,Higher Secondary,57727,94.5,70.1,3.87,0,7.1,0,0.0333389,Low risk...
RJ000071,Sikar,Rural,2,15,Female,Lower-Middle,Secondary,13400,82.2,72.6,4.42,0,6.42,0,0.041766893,Low risk...
RJ000072,Jodhpur,Urban,4,7,Female,Lower-Middle,No formal,11471,79.7,58.9,1.73,1,4.91,0,0.0038880077,Low risk...
RJ000073,Jaipur,Urban,6,11,Female,Low,Secondary,4343,70.0,63.0,0.81,0,5.32,1,0.89133465,High risk...
RJ000074,Sikar,Urban,5,13,Male,Low,Graduate+,6432,73.8,50.5,1.53,1,8.01,0,0.08873321,Low risk...
RJ000075,Alwar,Rural,1,18,Male,Low,Primary,6656,71.0,61.8,5.49,1,5.61,0,0.08047679,Low risk...
RJ000076,Alwar,Rural,10,8,Male,Low,Secondary,5259,70.8,69.3,4.13,1,3.5,1,0.88716453,High risk...
RJ000077,Sikar,Rural,1,16,Male,Lower-Middle,Graduate+,16295,80.7,56.7,3.91,1,4.92,1,0.90476596,High risk...
RJ000078,Jaipur,Rural,6,14,Female,Low,Secondary,6764,73.1,64.8,5.75,1,4.52,0,0.015339544,Low risk...
RJ000079,Kota,Urban,3,17,Male,Low,No formal,4939,73.3,68.2,0.26,1,9.65,0,0.06502072,Low risk...
RJ000080,Jaipur,Rural,3,14,Female,Middle,No formal,30122,82.5,76.4,5.59,0,1.36,0,0.0021773425,Low risk...
RJ000081,Barmer,Rural,7,7,Female,Upper-Middle,Secondary,47223,87.9,66.7,7.71,1,4.9,0,0.027985973,Low risk...
RJ000082,Ajmer,Rural,1,13,Female,Upper-Middle,Primary,46407,94.8,78.7,3.25,0,5.95,0,0.0020898092,Low risk...
RJ000083,Kota,Rural,1,15,Male,Lower-Middle,Graduate+,15410,85.8,85.4,3.85,1,7.91,0,0.018455077,Low risk...
RJ000084,Jaipur,Rural,10,16,Female,Low,Primary,4780,78.8,66.1,1.0,1,4.27,0,0.077813014,Low risk...
RJ000085,Kota,Rural,3,17,Male,Middle,Primary,26092,92.1,81.1,9.95,1,9.43,0,0.0145980995,Low risk...
RJ000086,Kota,Urban,8,10,Male,Low,Secondary,7479,68.9,59.1,0.1,1,8.83,0,0.008996331,Low risk...
RJ000087,Alwar,Urban,1,9,Female,Middle,Primary,29057,86.8,70.8,0.64,0,7.17,0,0.01663833,Low risk...
RJ000088,Ajmer,Urban,10,15,Female,Middle,Primary,17595,83.4,60.7,1.6,0,5.56,1,0.8559852,High risk...
RJ000089,Barmer,Rural,4,10,Male,Middle,No formal,31280,86.2,63.9,7.32,0,4.06,0,0.008897611,Low risk...
RJ000090,Udaipur,Urban,9,9,Female,High,Secondary,108902,91.2,76.2,1.62,0,5.15,0,0.008100512,Low risk...
RJ000091,Jaipur,Urban,4,13,Male,Middle,Higher Secondary,29832,93.7,71.0,1.34,0,5.96,1,0.8333682,High risk...
RJ000092,Alwar,Rural,10,9,Male,Middle,Secondary,32828,80.3,64.4,3.09,0,4.61,1,0.79908216,High risk...
RJ000093,Sikar,Urban,8,18,Male,Low,Primary,5715,70.4,63.9,1.97,0,8.15,0,0.0807075,Low risk...
RJ000094,Udaipur,Urban,7,15,Female,Upper-Middle,No formal,42544,93.9,86.3,0.19,0,4.38,1,0.9232624,High risk...
RJ000095,Sikar,Urban,3,17,Female,Low,Higher Secondary,5548,73.2,47.9,1.82,1,7.55,0,0.07101877,Low risk...
RJ000096,Udaipur,Rural,7,18,Male,Upper-Middle,Graduate+,54652,90.2,92.4,4.13,0,4.53,0,0.0011157544,Low risk...
RJ000097,Udaipur,Urban,7,11,Male,Low,Primary,8157,76.1,59.2,0.84,1,5.73,0,0.07942997,Low risk...
RJ000098,Bikaner,Rural,10,7,Female,Low,Secondary,7919,73.0,69.5,0.1,1,8.25,1,0.95454955,High risk...
RJ000099,Jaipur,Rural,3,10,Male,Middle,Primary,20129,87.6,77.4,1.77,1,2.87,0,0.004439968,Low risk...
RJ000100,Jaipur,Rural,2,11,Male,Low,Primary,6830,78.3,75.1,6.98,1,3.15,0,0.019238375,Low risk...
RJ000101,Jaipur,Urban,9,10,Female,Middle,Higher Secondary,34929,81.3,63.4,2.17,0,4.15,0,0.0153812505,Low risk...
RJ000102,Ajmer,Rural,1,17,Male,Low,No formal,5441,74.5,56.4,5.0,1,5.01,0,0.061610207,Low risk...
RJ000103,Kota,Rural,7,7,Female,Upper-Middle,Primary,51496,90.6,69.5,4.74,0,7.25,0,0.0022423728,Low risk...
RJ000104,Udaipur,Rural,4,12,Male,Middle,No formal,33366,80.3,58.8,0.1,0,4.83,0,0.082227096,Low risk...
RJ000105,Barmer,Urban,2,9,Female,Middle,Primary,33242,91.7,81.2,0.88,0,6.58,0,0.005737219,Low risk...
RJ000106,Jodhpur,Urban,2,13,Male,Lower-Middle,Secondary,11100,82.4,66.8,0.96,1,6.28,0,0.020423444,Low risk...
RJ000107,Bikaner,Rural,8,12,Female,Low,No formal,4594,73.0,44.4,4.16,1,7.07,0,0.04823221,Low risk...
RJ000108,Alwar,Rural,7,12,Male,Middle,Secondary,28805,80.1,61.0,8.4,0,5.77,1,0.8690117,High risk...
RJ000109,Jodhpur,Rural,12,14,Female,Low,Primary,8177,66.6,42.9,7.22,1,5.91,0,0.021896457,Low risk...
RJ000110,Jaipur,Rural,7,6,Female,Lower-Middle,Secondary,12667,77.8,62.9,2.92,1,2.27,1,0.50046974,Moderate risk..
RJ000111,Kota,Rural,5,15,Male,Lower-Middle,No formal,12245,82.4,68.3,1.51,1,5.53,1,0.83979607,High risk...
RJ000112,Jodhpur,Rural,10,11,Male,Lower-Middle,Secondary,15657,71.3,55.5,0.1,0,4.73,0,0.056772072,Low risk...
RJ000113,Bhilwara,Rural,8,11,Female,Low,Secondary,5983,74.9,59.7,2.86,1,6.3,0,0.03235231,Low risk...
RJ000114,Sikar,Rural,2,11,Female,Low,Graduate+,7060,74.4,64.9,1.3,1,4.03,0,0.02965916,Low risk...
RJ000115,Ajmer,Rural,2,18,Male,Low,Higher Secondary,5832,74.8,66.4,3.89,1,5.53,0,0.051085163,Low risk...
RJ000116,Barmer,Urban,5,17,Male,Upper-Middle,Primary,43380,90.8,74.2,1.79,0,5.19,0,0.003469195,Low risk...
RJ000117,Sikar,Urban,1,11,Female,Low,No formal,4989,76.8,66.0,0.89,0,8.45,0,0.049369305,Low risk...
RJ000118,Jodhpur,Rural,6,17,Male,High,Secondary,60953,90.4,90.3,2.64,0,4.25,0,0.0004901231,Low risk...
RJ000119,Barmer,Rural,4,15,Female,Low,Secondary,7918,76.4,64.8,1.92,1,4.49,0,0.075649686,Low risk...
RJ000120,Udaipur,Rural,6,12,Female,Low,No formal,4961,66.5,59.3,2.46,1,3.16,0,0.039586794,Low risk...
RJ000121,Sikar,Rural,7,15,Female,Lower-Middle,No formal,8923,77.6,47.4,8.31,1,5.63,0,0.030732382,Low risk...
RJ000122,Barmer,Rural,3,11,Male,Low,Secondary,6646,75.5,60.3,5.55,1,3.1,0,0.08174786,Low risk...
RJ000123,Kota,Rural,11,6,Male,Lower-Middle,Higher Secondary,12986,76.0,63.8,5.59,1,4.9,1,0.9567118,High risk...
RJ000124,Jaipur,Rural,8,8,Female,Upper-Middle,Higher Secondary,49384,83.0,62.1,7.04,0,2.06,0,0.41985226,Moderate risk..
RJ000125,Jodhpur,Urban,7,7,Female,Low,No formal,6166,75.3,54.4,0.13,1,6.73,0,0.1264565,Low risk...
RJ000126,Bikaner,Rural,1,11,Female,Middle,Primary,19984,84.3,65.3,8.27,0,6.34,0,0.029873915,Low risk...
RJ000127,Sikar,Rural,6,13,Male,Lower-Middle,No formal,8576,79.3,57.0,5.77,0,3.98,0,0.057566445,Low risk...
RJ000128,Barmer,Rural,7,8,Male,Low,Primary,4395,73.5,80.5,4.62,1,4.61,0,0.024960287,Low risk...
RJ000129,Jaipur,Urban,11,15,Male,Low,Secondary,8161,71.1,64.8,2.31,1,7.34,0,0.03366617,Low risk...
RJ000130,Udaipur,Urban,4,13,Female,Upper-Middle,Secondary,48253,94.0,90.4,0.21,0,6.57,0,0.030655732,Low risk...
RJ000131,Bikaner,Rural,2,13,Male,Low,Primary,5879,75.3,72.7,6.65,1,6.46,0,0.099619254,Low risk...
RJ000132,Jodhpur,Rural,10,10,Male,Upper-Middle,No formal,44441,88.8,61.7,3.67,0,3.28,0,0.037800636,Low risk...
RJ000133,Jaipur,Rural,9,13,Male,Lower-Middle,Primary,13878,77.8,62.6,0.1,1,2.82,0,0.023056395,Low risk...
RJ000134,Kota,Rural,7,11,Male,Low,Graduate+,5782,74.8,63.9,0.1,1,6.46,0,0.027775643,Low risk...
RJ000135,Bhilwara,Rural,1,10,Other,Lower-Middle,No formal,15090,86.2,63.9,10.44,0,7.7,0,0.002756858,Low risk...
RJ000136,Kota,Rural,8,14,Female,Middle,Primary,22049,84.9,58.7,1.04,0,7.04,0,0.03794411,Low risk...
RJ000137,Udaipur,Urban,3,12,Male,Middle,Secondary,23927,89.3,68.0,0.2,0,4.36,1,0.83266807,High risk...
RJ000138,Alwar,Rural,4,13,Male,Lower-Middle,Secondary,16254,84.9,71.8,7.68,1,4.02,1,0.93280953,High risk...
RJ000139,Kota,Rural,12,6,Male,Upper-Middle,Higher Secondary,39699,90.6,77.4,0.37,1,9.67,0,0.0017097928,Low risk...
RJ000140,Bhilwara,Rural,5,16,Male,Low,Primary,6979,72.8,61.3,5.59,1,7.89,0,0.036360554,Low risk...
RJ000141,Bhilwara,Rural,1,7,Male,Upper-Middle,Primary,42984,95.1,72.2,9.47,0,6.3,0,0.0013058697,Low risk...
RJ000142,Jodhpur,Rural,6,13,Female,Middle,Primary,25746,86.2,74.2,10.34,0,5.31,0,0.08599405,Low risk...
RJ000143,Udaipur,Rural,10,17,Male,Middle,Graduate+,18291,86.9,72.6,2.66,0,2.82,0,0.007814551,Low risk...
RJ000144,Kota,Urban,6,14,Male,Middle,Secondary,20427,87.2,81.5,0.13,0,8.73,0,0.054498408,Low risk...
RJ000145,Kota,Rural,2,9,Male,Lower-Middle,Higher Secondary,9256,82.3,55.0,2.81,1,7.13,0,0.4337007,Moderate risk..
RJ000146,Jaipur,Urban,11,17,Female,Middle,No formal,32283,84.3,69.3,1.13,0,5.29,0,0.04494084,Low risk...
RJ000147,Ajmer,Urban,10,15,Female,Lower-Middle,Secondary,16478,78.3,68.9,1.44,0,5.56,1,0.8940456,High risk...
RJ000148,Udaipur,Rural,6,16,Female,Lower-Middle,Primary,8971,80.4,58.4,0.1,1,4.11,0,0.029346699,Low risk...
RJ000149,Jaipur,Urban,8,15,Female,Lower-Middle,No formal,9046,78.0,57.5,0.1,0,3.36,1,0.8296282,High risk...
RJ000150,Kota,Rural,6,14,Female,Low,No formal,6519,72.7,60.8,3.41,1,7.0,0,0.22693363,Low risk...
RJ000151,Barmer,Rural,4,9,Male,Lower-Middle,Secondary,12634,85.8,76.8,8.11,1,6.03,1,0.85429466,High risk...
RJ000152,Jodhpur,Urban,4,15,Female,Low,Primary,6932,75.9,47.1,2.42,1,6.62,1,0.88100564,High risk...
RJ000153,Jaipur,Rural,9,15,Male,Low,Higher Secondary,7295,70.3,67.6,2.78,1,2.92,0,0.013716719,Low risk...
RJ000154,Udaipur,Rural,6,15,Male,Low,Secondary,7548,72.7,58.0,3.67,1,2.45,1,0.88600737,High risk...
RJ000155,Bhilwara,Rural,8,14,Female,Upper-Middle,No formal,36196,91.7,77.5,6.68,0,4.97,0,0.017222458,Low risk...
RJ000156,Jodhpur,Rural,8,16,Male,Lower-Middle,Secondary,8718,76.3,49.1,6.95,0,4.71,0,0.058661934,Low risk...
RJ000157,Alwar,Urban,7,12,Female,Middle,No formal,33060,80.6,81.4,1.0,1,7.14,1,0.8836005,High risk...
RJ000158,Sikar,Rural,3,7,Male,Low,Primary,6172,70.8,51.0,6.67,1,5.8,1,0.8763425,High risk...
RJ000159,Jodhpur,Rural,10,14,Female,Lower-Middle,Secondary,16558,72.3,72.8,8.94,1,5.78,1,0.9229692,High risk...
RJ000160,Alwar,Rural,1,9,Female,Low,Higher Secondary,6438,72.1,63.1,4.77,1,5.51,0,0.056554787,Low risk...
RJ000161,Kota,Rural,5,13,Female,Low,Primary,6342,70.5,51.4,6.85,1,7.6,1,0.96634185,High risk...
RJ000162,Ajmer,Rural,10,12,Female,Lower-Middle,Higher Secondary,13633,81.7,71.5,7.84,1,3.6,0,0.7113539,High risk...
RJ000163,Ajmer,Rural,10,18,Female,Lower-Middle,Secondary,9829,77.4,72.7,4.66,1,6.62,0,0.044589713,Low risk...
RJ000164,Udaipur,Rural,2,12,Female,Low,Primary,5267,74.4,47.8,6.44,1,3.81,1,0.27355456,Low risk...
RJ000165,Jaipur,Rural,12,13,Male,Lower-Middle,Primary,16009,72.2,64.5,4.04,1,2.8,1,0.84928495,High risk...
RJ000166,Sikar,Urban,10,6,Male,Upper-Middle,Secondary,38188,87.1,70.2,0.93,1,7.12,0,0.018174656,Low risk...
RJ000167,Kota,Urban,2,10,Female,Low,No formal,5178,70.3,60.3,1.45,1,10.0,0,0.07203181,Low risk...
RJ000168,Jodhpur,Urban,7,7,Female,Low,Higher Secondary,6342,71.9,63.6,0.47,1,7.73,0,0.113335624,Low risk...
RJ000169,Jaipur,Rural,11,7,Female,Middle,Secondary,28720,89.2,66.9,9.66,0,2.64,0,0.010896811,Low risk...
RJ000170,Ajmer,Rural,3,6,Female,Low,No formal,4204,77.0,50.8,1.29,1,6.17,0,0.008144125,Low risk...
RJ000171,Alwar,Urban,8,10,Female,High,Graduate+,81580,90.9,82.4,0.77,0,7.2,0,0.0030446956,Low risk...
RJ000172,Jaipur,Rural,9,7,Male,Lower-Middle,No formal,11752,80.1,66.9,4.96,1,4.6,0,0.087924086,Low risk...
RJ000173,Udaipur,Rural,8,9,Male,Lower-Middle,Higher Secondary,15671,76.9,71.8,8.42,1,4.25,0,0.081091784,Low risk...
RJ000174,Jodhpur,Rural,6,8,Male,Lower-Middle,Primary,15453,77.1,65.3,8.99,0,4.71,0,0.0039081555,Low risk...
RJ000175,Ajmer,Urban,5,8,Male,Lower-Middle,Secondary,16010,85.1,76.6,1.62,0,7.82,0,0.01162897,Low risk...
RJ000176,Jodhpur,Rural,3,7,Female,Low,Primary,7737,71.6,69.8,2.28,1,2.34,0,0.019218218,Low risk...
RJ000177,Alwar,Rural,3,18,Female,Upper-Middle,Secondary,56281,89.9,56.9,2.44,0,5.72,0,0.0044765435,Low risk...
RJ000178,Bikaner,Rural,7,11,Female,Lower-Middle,No formal,15616,79.9,42.7,2.55,1,6.1,0,0.059248645,Low risk...
RJ000179,Bhilwara,Rural,5,7,Male,Low,Primary,4934,71.2,72.1,2.8,1,6.69,0,0.02199408,Low risk...
RJ000180,Jaipur,Rural,12,13,Male,Lower-Middle,No formal,11263,78.5,49.9,5.04,1,3.61,0,0.059226524,Low risk...
RJ000181,Kota,Rural,6,13,Male,Low,Higher Secondary,7071,72.6,55.3,1.45,1,6.36,0,0.054435346,Low risk...
RJ000182,Jaipur,Rural,6,18,Female,Low,Primary,8077,75.5,58.6,1.87,1,3.03,0,0.030012926,Low risk...
RJ000183,Bhilwara,Urban,9,17,Male,Lower-Middle,Secondary,14002,79.8,52.6,2.53,1,7.25,0,0.0366686,Low risk...
RJ000184,Barmer,Urban,1,10,Male,Lower-Middle,Higher Secondary,10147,81.3,66.1,2.39,1,5.6,1,0.8523597,High risk...
RJ000185,Jodhpur,Urban,8,15,Male,Lower-Middle,Higher Secondary,16335,83.6,63.0,1.7,0,6.11,0,0.11907496,Low risk...
RJ000186,Ajmer,Rural,10,12,Male,Low,No formal,7393,69.5,53.3,3.28,1,5.86,1,0.87335616,High risk...
RJ000187,Sikar,Rural,5,9,Female,Lower-Middle,Higher Secondary,14419,84.0,73.0,1.47,1,4.64,1,0.9124763,High risk...
RJ000188,Udaipur,Rural,6,6,Male,Low,No formal,7403,77.0,57.0,0.1,1,5.3,0,0.13926221,Low risk...
RJ000189,Udaipur,Rural,6,16,Male,Lower-Middle,Secondary,13937,84.8,65.7,8.89,0,4.55,1,0.8930238,High risk...
RJ000190,Jodhpur,Rural,1,7,Male,Lower-Middle,Secondary,8586,82.5,69.6,3.13,1,5.53,0,0.053878747,Low risk...
RJ000191,Jaipur,Rural,3,15,Male,Middle,No formal,21938,84.6,72.6,12.13,0,1.84,0,0.012157863,Low risk...
RJ000192,Barmer,Urban,12,15,Female,Upper-Middle,No formal,61632,92.7,81.9,0.55,0,6.51,0,0.15713249,Low risk...
RJ000193,Barmer,Urban,6,9,Female,Upper-Middle,Primary,40591,88.5,67.0,0.1,0,6.81,0,0.008420149,Low risk...
RJ000194,Ajmer,Rural,11,6,Male,High,Primary,99211,87.6,82.8,6.98,0,3.28,0,0.009293464,Low risk...
RJ000195,Kota,Rural,11,18,Female,High,Higher Secondary,79771,89.4,81.1,4.48,0,9.79,0,0.02635304,Low risk...
RJ000196,Kota,Rural,9,13,Male,Middle,Primary,33382,81.1,54.4,2.21,0,6.74,0,0.03465524,Low risk...
RJ000197,Alwar,Rural,6,14,Female,High,Graduate+,87229,94.1,68.9,1.07,0,5.9,0,0.004976748,Low risk...
RJ000198,Barmer,Rural,12,9,Male,Upper-Middle,Primary,51404,84.7,61.8,7.36,0,5.62,1,0.83531904,High risk...
RJ000199,Barmer,Rural,6,15,Male,Middle,Graduate+,21693,84.6,84.8,4.8,0,4.8,0,0.0041129966,Low risk...
RJ000200,Sikar,Rural,1,8,Female,Low,Secondary,4442,78.9,61.3,5.85,1,6.8,0,0.07063226,Low risk...
RJ000201,Ajmer,Urban,9,7,Female,Low,Higher Secondary,7378,73.9,49.6,0.14,1,8.49,1,0.89976925,High risk...
RJ000202,Jaipur,Rural,4,10,Female,Middle,No formal,18684,86.5,63.6,5.07,1,2.5,0,0.51389605,Moderate risk..
RJ000203,Jodhpur,Rural,2,8,Male,Lower-Middle,Secondary,14463,82.0,51.4,2.58,1,4.21,0,0.067782834,Low risk...
RJ000204,Barmer,Rural,1,15,Male,Middle,No formal,27221,88.0,57.9,7.04,0,5.61,0,0.013385285,Low risk...
RJ000205,Ajmer,Urban,3,12,Other,Low,Primary,7644,73.7,55.1,1.48,1,4.87,0,0.041318964,Low risk...
RJ000206,Jaipur,Rural,3,16,Male,Lower-Middle,Secondary,10128,81.0,67.8,4.27,1,4.68,0,0.018150395,Low risk...
RJ000207,Jaipur,Urban,5,11,Male,Middle,Secondary,26977,87.5,78.7,0.35,0,6.82,1,0.8999149,High risk...
RJ000208,Alwar,Rural,1,6,Male,Upper-Middle,No formal,50846,91.6,74.0,3.82,0,6.64,0,0.00872168,Low risk...
RJ000209,Jaipur,Urban,7,17,Male,Low,Primary,4512,74.3,50.7,1.36,1,5.55,0,0.26869816,Low risk...
RJ000210,Jodhpur,Urban,1,13,Male,Upper-Middle,Secondary,54777,89.5,68.7,0.1,0,7.13,0,0.07992714,Low risk...
RJ000211,Udaipur,Rural,4,7,Male,Middle,No formal,24308,84.7,64.9,7.76,1,4.33,0,0.049023315,Low risk...
RJ000212,Alwar,Urban,6,10,Male,Low,Primary,4741,71.3,56.3,0.86,1,5.54,0,0.05944679,Low risk...
RJ000213,Ajmer,Urban,1,14,Female,Lower-Middle,Secondary,11651,80.3,64.0,1.89,1,5.98,0,0.014568669,Low risk...
RJ000214,Jodhpur,Urban,7,13,Male,Low,No formal,4613,76.9,45.9,1.19,1,5.34,1,0.9134885,High risk...
RJ000215,Alwar,Urban,10,7,Male,Low,Secondary,7930,73.7,53.0,1.44,0,6.8,0,0.0801273,Low risk...
RJ000216,Jodhpur,Rural,7,14,Female,Lower-Middle,Secondary,12237,75.8,60.3,4.01,0,4.0,0,0.020988155,Low risk...
RJ000217,Kota,Rural,3,10,Female,Low,Higher Secondary,4780,76.3,41.4,2.72,1,7.03,1,0.24119201,Low risk...
RJ000218,Alwar,Rural,4,15,Male,Low,No formal,5259,73.3,62.6,0.91,1,5.58,1,0.88249654,High risk...
RJ000219,Ajmer,Rural,6,11,Female,Middle,Higher Secondary,30181,83.5,59.5,3.42,0,6.5,1,0.7853633,High risk...
RJ000220,Barmer,Rural,11,18,Male,Lower-Middle,No formal,15003,72.5,62.5,6.92,1,4.91,0,0.05819299,Low risk...
RJ000221,Ajmer,Rural,7,8,Female,Lower-Middle,Primary,8747,81.9,69.5,3.95,1,5.63,0,0.04797181,Low risk...
RJ000222,Udaipur,Rural,4,18,Male,Low,No formal,4451,70.4,51.4,5.83,1,1.78,1,0.93528557,High risk...
RJ000223,Jaipur,Rural,10,8,Male,Middle,Higher Secondary,33551,83.3,78.4,9.3,0,3.74,0,0.009019384,Low risk...
RJ000224,Kota,Rural,11,15,Female,Upper-Middle,Secondary,41926,84.2,74.5,2.26,0,8.46,0,0.004474952,Low risk...
RJ000225,Jodhpur,Rural,9,13,Female,Lower-Middle,No formal,10024,80.3,59.2,4.91,1,5.34,0,0.10329762,Low risk...
RJ000226,Jodhpur,Urban,9,16,Male,Upper-Middle,No formal,35376,87.0,62.3,0.76,1,6.74,0,0.041941397,Low risk...
RJ000227,Bhilwara,Urban,9,15,Male,Middle,Primary,25829,83.6,74.5,1.02,0,8.96,0,0.026752546,Low risk...
RJ000228,Bikaner,Rural,12,15,Male,Middle,No formal,30993,82.2,64.7,4.53,1,7.68,0,0.023336735,Low risk...
RJ000229,Barmer,Rural,10,17,Female,Middle,Secondary,26620,84.4,77.0,9.62,0,4.02,0,0.0070338077,Low risk...
RJ000230,Ajmer,Urban,6,7,Male,Low,Secondary,4287,73.5,43.0,2.03,1,7.34,0,0.028781854,Low risk...
RJ000231,Sikar,Rural,2,16,Male,Low,Graduate+,6232,75.4,68.5,7.21,1,4.74,0,0.27759424,Low risk...
RJ000232,Udaipur,Rural,2,17,Male,Low,Graduate+,5509,73.9,54.2,3.58,1,4.66,0,0.07351015,Low risk...
RJ000233,Ajmer,Rural,11,17,Female,Low,Secondary,7068,66.3,57.6,9.4,1,5.04,0,0.01231039,Low risk...
RJ000234,Udaipur,Urban,4,7,Female,Low,No formal,6399,71.1,61.9,0.86,1,5.49,0,0.2674335,Low risk...
RJ000235,Jodhpur,Urban,9,18,Female,Upper-Middle,Primary,61908,90.2,83.6,0.1,1,6.6,0,0.038463682,Low risk...
RJ000236,Alwar,Rural,3,10,Male,Low,Primary,6712,74.1,52.6,0.1,1,5.92,1,0.87482,High risk...
RJ000237,Kota,Rural,6,11,Female,High,Primary,91419,90.5,65.7,1.9,0,7.65,0,0.007913889,Low risk...
RJ000238,Jaipur,Urban,2,17,Female,Lower-Middle,Secondary,12770,77.3,63.6,1.5,0,4.61,0,0.026031692,Low risk...
RJ000239,Ajmer,Rural,1,7,Female,Low,Graduate+,5506,70.8,57.2,3.2,1,6.6,0,0.017139101,Low risk...
RJ000240,Jodhpur,Rural,12,10,Male,Lower-Middle,Higher Secondary,13697,74.4,72.9,0.44,0,4.43,1,0.95631164,High risk...
RJ000241,Bhilwara,Rural,5,12,Male,Low,No formal,5598,76.7,59.0,3.78,1,7.9,0,0.024700359,Low risk...
RJ000242,Bhilwara,Rural,8,15,Female,High,Primary,96171,89.8,70.5,5.38,0,7.23,0,0.10177744,Low risk...
RJ000243,Barmer,Rural,10,15,Male,Middle,Higher Secondary,21645,84.7,76.2,0.1,1,4.0,0,0.007108325,Low risk...
RJ000244,Kota,Rural,10,13,Female,Low,Higher Secondary,5744,69.7,61.6,2.1,1,7.73,0,0.063301876,Low risk...
RJ000245,Jaipur,Urban,2,17,Female,Upper-Middle,Primary,49885,93.4,65.1,0.15,0,4.52,0,0.014404666,Low risk...
RJ000246,Bhilwara,Urban,10,12,Female,Middle,Secondary,28499,82.4,66.9,0.28,0,9.09,1,0.8577507,High risk...
RJ000247,Bikaner,Urban,9,13,Female,Low,Secondary,7008,68.3,52.1,0.96,0,5.5,1,0.85871935,High risk...
RJ000248,Bhilwara,Urban,12,17,Female,Middle,Primary,29756,81.7,65.5,0.11,1,8.25,0,0.13331157,Low risk...
RJ000249,Bhilwara,Rural,8,14,Male,Lower-Middle,No formal,11074,84.0,71.9,4.68,1,7.14,1,0.87662435,High risk...
RJ000250,Barmer,Rural,3,10,Male,Low,Higher Secondary,7949,80.4,59.2,4.3,1,3.74,0,0.06019724,Low risk...
RJ000251,Kota,Rural,1,18,Male,Middle,Secondary,18024,89.5,59.4,2.24,1,7.74,1,0.880451,High risk...
RJ000252,Bikaner,Rural,4,10,Female,Low,No formal,4991,74.1,58.4,10.58,1,6.84,0,0.009960771,Low risk...
RJ000253,Barmer,Rural,8,16,Male,Lower-Middle,Secondary,8989,79.4,59.5,11.86,1,4.69,0,0.008377929,Low risk...
RJ000254,Kota,Urban,3,15,Male,Low,Secondary,7020,76.0,63.9,2.47,1,8.32,0,0.097869486,Low risk...
RJ000255,Jodhpur,Urban,10,9,Female,High,Higher Secondary,71325,90.4,77.2,1.28,0,6.57,0,0.004633055,Low risk...
RJ000256,Udaipur,Urban,12,18,Female,Middle,No formal,20985,83.8,46.6,1.39,0,6.02,1,0.9288049,High risk...
RJ000257,Bhilwara,Rural,2,14,Other,Low,Graduate+,6219,76.1,73.7,7.17,1,7.45,1,0.85213196,High risk...
RJ000258,Alwar,Urban,7,10,Female,Low,No formal,6800,72.1,47.4,1.04,1,6.92,0,0.058001157,Low risk...
RJ000259,Ajmer,Rural,4,7,Female,Low,Secondary,6801,70.9,60.4,9.82,1,7.53,0,0.040052053,Low risk...
RJ000260,Jaipur,Rural,6,15,Female,Middle,Secondary,27255,84.1,63.2,3.79,0,3.45,1,0.8344283,High risk...
RJ000261,Ajmer,Urban,5,13,Female,Low,Primary,8366,76.4,57.0,1.48,1,5.8,0,0.11850794,Low risk...
RJ000262,Bhilwara,Urban,2,12,Female,Middle,Primary,32554,87.4,81.6,0.28,1,7.48,0,0.025741424,Low risk...
RJ000263,Jaipur,Rural,10,13,Female,Upper-Middle,Higher Secondary,39024,88.4,76.0,3.58,0,4.52,0,0.100238144,Low risk...
RJ000264,Udaipur,Rural,2,17,Female,Middle,Secondary,30778,86.7,77.3,4.84,1,5.61,1,0.82232636,High risk...
RJ000265,Barmer,Rural,9,8,Female,Low,Primary,6591,68.8,58.1,0.44,1,3.85,0,0.12004378,Low risk...
RJ000266,Alwar,Urban,11,9,Male,Lower-Middle,No formal,8992,76.3,64.2,1.7,1,6.58,0,0.40507948,Moderate risk..
RJ000267,Alwar,Rural,10,10,Male,Lower-Middle,No formal,8816,74.4,61.5,3.36,1,5.0,0,0.093556255,Low risk...
RJ000268,Alwar,Urban,2,11,Male,Lower-Middle,No formal,15117,78.2,62.5,1.06,0,6.74,0,0.021281824,Low risk...
RJ000269,Kota,Rural,8,6,Male,Middle,Graduate+,27037,88.1,84.2,5.64,0,5.6,0,0.0079640895,Low risk...
RJ000270,Kota,Rural,8,9,Male,Lower-Middle,Secondary,13199,77.2,65.6,5.3,1,8.18,1,0.80431134,High risk...
RJ000271,Sikar,Rural,1,16,Male,Lower-Middle,Graduate+,11225,79.8,88.7,4.04,1,6.6,1,0.8755781,High risk...
RJ000272,Sikar,Rural,1,17,Male,Upper-Middle,No formal,60806,96.9,79.3,8.44,1,3.51,0,0.047021497,Low risk...
RJ000273,Barmer,Rural,4,15,Female,Low,Secondary,7196,76.9,55.0,3.98,1,6.45,0,0.161294,Low risk...
RJ000274,Barmer,Urban,2,18,Female,Lower-Middle,No formal,16193,80.4,60.3,2.82,1,7.81,0,0.0979987,Low risk...
RJ000275,Udaipur,Urban,12,10,Male,Middle,Secondary,19237,83.8,71.5,0.1,0,2.41,0,0.044173717,Low risk...
RJ000276,Udaipur,Rural,1,12,Female,Low,Primary,6652,75.3,61.1,7.51,1,1.8,1,0.81465536,High risk...
RJ000277,Sikar,Rural,9,18,Female,Middle,No formal,28657,81.9,68.1,0.1,1,5.28,0,0.017726274,Low risk...
RJ000278,Ajmer,Rural,3,10,Female,Middle,Secondary,19705,88.4,77.4,3.72,0,6.32,0,0.045035347,Low risk...
RJ000279,Alwar,Urban,1,18,Female,Middle,Primary,23560,87.0,56.9,0.46,0,7.15,0,0.027970348,Low risk...
RJ000280,Sikar,Rural,2,18,Male,Low,Secondary,5102,75.7,73.7,11.96,1,5.43,0,0.045079652,Low risk...
RJ000281,Barmer,Urban,8,6,Male,Low,Secondary,8335,75.6,59.4,0.95,1,6.77,1,0.71726644,High risk...
RJ000282,Kota,Urban,5,16,Male,Low,Secondary,6482,76.7,59.3,1.92,0,8.06,0,0.103475995,Low risk...
RJ000283,Kota,Urban,11,12,Male,Low,Graduate+,5524,69.3,59.3,1.82,1,10.0,1,0.90611285,High risk...
RJ000284,Jaipur,Rural,7,13,Female,High,Primary,93212,93.5,78.2,0.1,0,3.51,0,0.026526706,Low risk...
RJ000285,Ajmer,Rural,6,18,Male,Middle,Primary,29042,82.1,62.7,0.85,1,3.37,0,0.11463192,Low risk...
RJ000286,Jaipur,Rural,1,12,Male,Low,Higher Secondary,5659,77.4,61.5,5.95,1,2.82,0,0.06162369,Low risk...
RJ000287,Bikaner,Rural,6,16,Male,Upper-Middle,Secondary,62809,89.9,68.5,4.48,1,7.63,0,0.029643739,Low risk...
RJ000288,Udaipur,Urban,11,18,Male,Middle,No formal,31657,84.1,49.6,1.07,1,5.19,0,0.04671709,Low risk...
RJ000289,Kota,Rural,7,9,Female,Low,Higher Secondary,5881,72.1,56.9,4.1,1,6.98,0,0.038264297,Low risk...
RJ000290,Ajmer,Urban,4,13,Female,Lower-Middle,No formal,13944,86.8,55.7,1.21,1,6.7,0,0.041084398,Low risk...
RJ000291,Jaipur,Rural,8,10,Male,Low,No formal,7184,69.8,53.2,4.31,0,3.97,0,0.07864432,Low risk...
RJ000292,Jaipur,Rural,8,15,Male,High,No formal,65734,94.4,75.5,0.83,0,2.38,0,0.00083416014,Low risk...
RJ000293,Sikar,Rural,7,14,Male,Lower-Middle,No formal,15777,75.9,63.5,3.31,1,6.64,0,0.06369857,Low risk...
RJ000294,Kota,Rural,11,17,Male,Upper-Middle,No formal,57520,88.5,76.7,0.27,0,7.24,0,0.037374403,Low risk...
RJ000295,Jaipur,Rural,2,17,Female,Low,No formal,7374,77.2,68.1,2.14,1,4.03,1,0.83586866,High risk...
RJ000296,Udaipur,Urban,6,15,Male,Upper-Middle,Primary,38514,89.7,65.2,1.85,0,5.57,1,0.86685234,High risk...
RJ000297,Sikar,Rural,6,10,Female,Low,Primary,4772,72.0,59.0,3.46,1,5.0,0,0.0066449516,Low risk...
RJ000298,Jodhpur,Urban,12,6,Female,High,No formal,66111,89.9,67.2,1.79,0,6.51,0,0.00085082545,Low risk...
RJ000299,Ajmer,Urban,12,17,Male,Upper-Middle,Secondary,34430,87.3,53.2,0.82,0,6.58,0,0.039047405,Low risk...
RJ000300,Jaipur,Rural,7,14,Male,Lower-Middle,No formal,16298,84.4,54.4,2.85,1,3.69,0,0.046630494,Low risk...
RJ000301,Jaipur,Rural,6,17,Female,Middle,No formal,32401,82.9,61.9,0.97,0,1.12,0,0.11746107,Low risk...
RJ000302,Udaipur,Urban,2,10,Female,Middle,Primary,19089,85.8,65.7,0.87,1,6.3,0,0.0020449394,Low risk...
RJ000303,Udaipur,Rural,8,11,Male,Upper-Middle,Primary,52856,89.4,73.3,4.55,0,3.81,0,0.0072618634,Low risk...
RJ000304,Ajmer,Rural,4,9,Female,Low,Primary,5231,73.7,63.5,5.74,1,5.75,0,0.033163086,Low risk...
RJ000305,Alwar,Rural,9,11,Female,Lower-Middle,Primary,8545,77.7,48.1,4.37,0,7.01,1,0.8193464,High risk...
RJ000306,Bhilwara,Rural,8,17,Male,Upper-Middle,Secondary,40710,91.7,77.2,5.95,0,7.98,0,0.038510222,Low risk...
RJ000307,Udaipur,Rural,3,13,Female,Middle,Secondary,25201,78.5,66.5,0.1,1,4.03,1,0.8928584,High risk...
RJ000308,Kota,Urban,3,8,Male,Lower-Middle,Graduate+,8568,79.2,75.0,2.59,1,8.59,0,0.023694677,Low risk...
RJ000309,Sikar,Rural,8,10,Female,Middle,Primary,23165,79.3,71.7,0.62,1,7.94,0,0.038121942,Low risk...
RJ000310,Kota,Rural,2,7,Other,Low,Primary,7141,71.9,57.6,6.95,1,7.86,0,0.078691594,Low risk...
RJ000311,Bikaner,Rural,9,7,Female,Middle,No formal,21497,91.2,78.2,5.51,0,7.47,0,0.008959345,Low risk...
RJ000312,Jaipur,Rural,4,18,Male,Low,Secondary,6237,76.3,56.7,0.1,1,3.43,1,0.9222632,High risk...
RJ000313,Jaipur,Urban,6,12,Male,Low,No formal,7928,76.4,51.8,1.76,0,4.22,1,0.13509883,Low risk...
RJ000314,Bhilwara,Urban,3,15,Female,Lower-Middle,Primary,8638,80.8,67.5,0.86,0,6.7,1,0.8838137,High risk...
RJ000315,Sikar,Urban,3,18,Female,Lower-Middle,Primary,14999,83.3,62.6,1.79,1,8.43,1,0.8560979,High risk...
RJ000316,Alwar,Rural,3,15,Female,Lower-Middle,Secondary,11625,75.7,65.5,1.69,1,4.58,0,0.026838154,Low risk...
RJ000317,Bikaner,Urban,11,16,Female,Lower-Middle,Higher Secondary,12946,80.1,84.4,1.15,1,8.57,0,0.049076296,Low risk...
RJ000318,Jodhpur,Rural,10,15,Female,Low,Graduate+,5170,69.0,67.0,6.08,1,3.99,1,0.9634157,High risk...
RJ000319,Jodhpur,Rural,12,11,Male,Low,No formal,6632,68.9,56.5,6.21,1,5.53,0,0.4315587,Moderate risk..
RJ000320,Jodhpur,Rural,12,9,Male,Middle,Primary,30287,84.0,59.0,5.23,0,3.33,0,0.030017672,Low risk...
RJ000321,Udaipur,Rural,2,10,Male,Lower-Middle,Higher Secondary,10093,82.4,56.2,2.72,0,4.23,1,0.89145637,High risk...
RJ000322,Alwar,Rural,8,6,Female,Lower-Middle,Primary,11283,78.8,62.3,6.96,1,5.87,0,0.09658978,Low risk...
RJ000323,Alwar,Urban,9,12,Female,Lower-Middle,Primary,13166,73.9,68.5,0.1,0,5.48,0,0.018979408,Low risk...
RJ000324,Kota,Urban,8,13,Female,Upper-Middle,Secondary,44629,88.8,68.7,0.11,1,7.39,0,0.019794423,Low risk...
RJ000325,Bhilwara,Rural,10,14,Male,Middle,Secondary,22630,86.4,73.1,1.65,1,6.44,0,0.017101597,Low risk...
RJ000326,Alwar,Rural,3,13,Male,Low,Graduate+,6097,73.4,78.0,1.82,1,5.6,1,0.9218184,High risk...
RJ000327,Udaipur,Rural,7,10,Male,Middle,Secondary,22589,88.9,82.6,8.09,1,4.09,0,0.020958532,Low risk...
RJ000328,Ajmer,Urban,11,8,Male,High,Primary,72905,87.4,71.5,2.31,0,6.38,0,0.0007604369,Low risk...
RJ000329,Bikaner,Urban,10,15,Male,Lower-Middle,Primary,13529,77.5,63.5,2.02,0,9.42,0,0.092429675,Low risk...
RJ000330,Jodhpur,Rural,2,16,Male,High,Higher Secondary,82716,99.0,67.7,3.4,0,3.24,0,0.0016114517,Low risk...
RJ000331,Kota,Rural,4,14,Male,Lower-Middle,Secondary,14087,78.5,60.1,0.1,0,7.2,0,0.052679125,Low risk...
RJ000332,Alwar,Rural,12,11,Female,Lower-Middle,Secondary,15435,79.7,63.6,3.75,1,5.25,0,0.013857437,Low risk...
RJ000333,Jaipur,Rural,6,10,Male,Low,Graduate+,8160,79.4,63.3,0.43,1,2.78,0,0.027286846,Low risk...
RJ000334,Jaipur,Rural,11,18,Female,Middle,Secondary,20149,83.5,70.1,4.48,0,5.91,0,0.106538154,Low risk...
RJ000335,Jaipur,Rural,5,8,Female,Low,Primary,6830,72.4,74.3,7.56,1,1.45,0,0.043164525,Low risk...
RJ000336,Jaipur,Rural,9,11,Female,Low,Secondary,6646,69.7,72.0,1.06,1,4.85,0,0.06395429,Low risk...
RJ000337,Barmer,Rural,10,8,Female,Low,Secondary,7841,75.4,65.2,4.72,1,5.5,0,0.10109029,Low risk...
RJ000338,Alwar,Rural,4,15,Male,Low,No formal,7963,78.3,66.7,6.99,1,6.17,0,0.069818534,Low risk...
RJ000339,Udaipur,Rural,5,17,Male,Lower-Middle,Primary,14788,84.3,60.4,4.66,1,4.07,0,0.030459065,Low risk...
RJ000340,Jaipur,Rural,4,11,Female,Lower-Middle,Secondary,13402,80.4,78.0,2.43,1,4.95,1,0.8418575,High risk...
RJ000341,Udaipur,Urban,8,9,Female,Low,Primary,5037,75.6,48.5,0.74,1,5.03,0,0.023343192,Low risk...
RJ000342,Udaipur,Rural,8,7,Female,High,Secondary,71492,91.4,80.1,6.87,0,4.37,1,0.8951318,High risk...
RJ000343,Jodhpur,Rural,3,13,Female,Low,Primary,6732,72.4,63.0,4.79,1,4.17,1,0.8991685,High risk...
RJ000344,Bikaner,Urban,1,9,Male,Lower-Middle,Graduate+,9570,85.4,67.7,1.41,0,8.53,0,0.00065523223,Low risk...
RJ000345,Bikaner,Rural,6,14,Male,Low,Primary,4973,78.4,61.0,7.47,1,7.39,1,0.9123842,High risk...
RJ000346,Ajmer,Urban,2,12,Female,Low,No formal,8028,72.4,47.9,0.51,1,5.55,0,0.65267336,Moderate risk..
RJ000347,Ajmer,Rural,2,17,Male,Low,Primary,8217,72.4,50.3,0.39,1,4.34,0,0.08232699,Low risk...
RJ000348,Jaipur,Rural,3,7,Male,Lower-Middle,Primary,8444,81.1,51.5,5.89,1,5.19,0,0.4340673,Moderate risk..
RJ000349,Kota,Urban,8,9,Female,Middle,Primary,32593,87.4,74.2,0.18,0,10.0,0,0.0026863038,Low risk...
RJ000350,Ajmer,Rural,3,10,Male,Low,No formal,8140,71.6,66.1,0.29,1,5.52,0,0.030660532,Low risk...
RJ000351,Udaipur,Rural,7,8,Male,Lower-Middle,Secondary,12816,79.7,48.5,0.1,1,4.81,0,0.056877714,Low risk...
RJ000352,Barmer,Rural,10,14,Female,Low,Primary,6085,69.7,72.1,0.87,1,4.95,0,0.5339432,Moderate risk..
RJ000353,Ajmer,Rural,10,18,Female,Middle,Secondary,33579,85.6,69.3,3.69,1,5.45,0,0.036961198,Low risk...
RJ000354,Jodhpur,Rural,9,10,Male,Middle,Secondary,17632,81.6,69.3,7.03,0,4.64,0,0.017782496,Low risk...
RJ000355,Jaipur,Rural,8,7,Female,Low,Secondary,7730,74.8,51.1,1.33,1,4.65,0,0.057679214,Low risk...
RJ000356,Ajmer,Rural,1,16,Female,Lower-Middle,Primary,10891,81.5,75.1,5.67,1,6.54,1,0.028610032,Low risk...
RJ000357,Jaipur,Urban,7,8,Male,High,Secondary,91905,89.2,73.1,0.34,1,4.23,0,0.007288753,Low risk...
RJ000358,Ajmer,Rural,7,14,Male,Lower-Middle,Primary,11115,79.2,72.2,4.54,1,7.83,0,0.059917327,Low risk...
RJ000359,Bhilwara,Urban,8,12,Male,Lower-Middle,Higher Secondary,12793,72.7,73.8,1.63,1,8.79,0,0.09878866,Low risk...
RJ000360,Ajmer,Rural,10,7,Female,Lower-Middle,Higher Secondary,15190,75.8,76.6,10.3,1,5.14,1,0.9354447,High risk...
RJ000361,Bikaner,Rural,5,14,Male,Lower-Middle,Primary,9923,81.0,59.0,0.1,0,6.85,0,0.007324092,Low risk...
RJ000362,Ajmer,Urban,10,9,Other,High,No formal,93179,85.2,63.0,0.63,0,6.09,0,0.00059924193,Low risk...
RJ000363,Bikaner,Rural,9,18,Female,High,No formal,106307,83.3,58.6,0.1,0,7.88,0,0.024859142,Low risk...
RJ000364,Udaipur,Urban,9,14,Female,Middle,Primary,33268,77.0,69.0,1.18,0,6.11,0,0.040154394,Low risk...
RJ000365,Bhilwara,Rural,8,18,Female,Lower-Middle,Secondary,15911,82.5,70.2,0.1,0,7.72,0,0.010877355,Low risk...
RJ000366,Bikaner,Rural,6,7,Female,Lower-Middle,Secondary,12755,79.3,74.1,10.9,0,6.81,0,0.025534222,Low risk...
RJ000367,Bhilwara,Rural,6,17,Male,Lower-Middle,Primary,14849,77.9,71.2,2.93,1,4.45,0,0.048352096,Low risk...
RJ000368,Barmer,Rural,1,15,Male,High,Secondary,81024,97.8,62.9,3.37,0,2.9,0,0.0005671565,Low risk...
RJ000369,Jodhpur,Rural,6,17,Female,Middle,Graduate+,25553,84.3,83.9,3.87,1,4.11,0,0.014095949,Low risk...
RJ000370,Jaipur,Rural,4,9,Male,Lower-Middle,Secondary,10784,81.3,74.4,0.6,1,3.95,1,0.248124,Low risk...
RJ000371,Jaipur,Rural,4,10,Male,Low,No formal,5398,74.6,55.3,7.17,1,3.19,0,0.68756366,Moderate risk..
RJ000372,Jaipur,Rural,2,7,Female,Lower-Middle,Secondary,8718,80.1,68.9,5.92,1,2.92,0,0.027086401,Low risk...
RJ000373,Jaipur,Rural,11,15,Female,High,Primary,85762,90.9,69.2,6.75,0,3.91,0,0.034192473,Low risk...
RJ000374,Alwar,Rural,4,6,Male,Lower-Middle,Higher Secondary,10994,82.8,75.0,0.35,1,5.25,0,0.02616171,Low risk...
RJ000375,Jaipur,Rural,5,12,Female,Low,Primary,4988,73.4,56.7,7.41,1,3.14,1,0.8752331,High risk...
RJ000376,Kota,Urban,12,15,Male,Low,Primary,4711,69.1,60.9,0.4,1,7.26,0,0.014090171,Low risk...
RJ000377,Barmer,Rural,5,6,Female,Lower-Middle,Secondary,11315,79.0,65.9,3.3,1,3.85,1,0.79269546,High risk...
RJ000378,Jaipur,Rural,5,16,Male,Upper-Middle,Primary,59819,83.1,62.0,6.69,0,4.54,1,0.8898805,High risk...
RJ000379,Sikar,Urban,4,16,Female,High,Secondary,84918,94.3,76.1,1.97,0,5.95,0,0.0021656633,Low risk...
RJ000380,Kota,Rural,1,13,Male,Upper-Middle,No formal,49043,88.4,88.2,0.1,0,8.04,0,0.03298254,Low risk...
RJ000381,Jaipur,Rural,10,8,Female,Middle,Secondary,18451,85.4,63.8,3.45,1,5.0,0,0.0023946282,Low risk...
RJ000382,Alwar,Rural,8,15,Male,Lower-Middle,No formal,12767,78.2,58.4,2.56,1,4.57,0,0.012489535,Low risk...
RJ000383,Ajmer,Rural,3,11,Male,Lower-Middle,Primary,14008,81.3,59.0,4.26,0,4.55,0,0.07447169,Low risk...
RJ000384,Barmer,Rural,2,12,Male,Lower-Middle,Secondary,9666,83.6,63.7,7.06,0,5.68,0,0.038188398,Low risk...
RJ000385,Alwar,Rural,9,15,Male,Middle,No formal,34712,81.2,68.7,0.1,0,6.59,0,0.014004548,Low risk...
RJ000386,Sikar,Rural,7,6,Male,Lower-Middle,Primary,16087,80.1,69.4,2.67,1,4.77,1,0.68404627,Moderate risk..
RJ000387,Kota,Rural,9,11,Male,Middle,Secondary,34879,84.8,68.8,1.53,0,5.75,0,0.0063821734,Low risk...
RJ000388,Jodhpur,Urban,2,12,Female,Low,Secondary,5713,74.9,71.2,1.66,1,6.85,0,0.04785308,Low risk...
RJ000389,Alwar,Rural,9,11,Female,Low,No formal,7654,69.2,61.4,1.53,1,5.94,0,0.001881062,Low risk...
RJ000390,Sikar,Rural,10,9,Male,Middle,Secondary,23253,85.3,67.9,4.2,1,5.81,1,0.7848471,High risk...
RJ000391,Bhilwara,Urban,9,6,Female,Upper-Middle,No formal,55098,90.1,55.3,1.13,0,9.57,0,0.0044355527,Low risk...
RJ000392,Bikaner,Urban,11,16,Male,Lower-Middle,Primary,16362,77.3,68.6,0.33,1,7.58,0,0.019266687,Low risk...
RJ000393,Kota,Urban,9,14,Female,Low,Primary,4851,68.8,58.2,1.05,1,9.26,0,0.12792225,Low risk...
RJ000394,Sikar,Urban,10,9,Male,Upper-Middle,No formal,35920,85.9,65.2,1.47,0,6.63,0,0.019167064,Low risk...
RJ000395,Kota,Urban,10,12,Female,Middle,Graduate+,19327,83.3,68.8,0.1,0,9.47,0,0.059408423,Low risk...
RJ000396,Bhilwara,Rural,4,12,Male,Lower-Middle,No formal,15106,82.6,69.0,4.41,1,7.95,0,0.05200434,Low risk...
RJ000397,Barmer,Rural,10,7,Female,Lower-Middle,Secondary,14000,72.7,64.4,7.06,1,5.67,0,0.103311285,Low risk...
RJ000398,Bikaner,Rural,3,6,Male,Lower-Middle,Higher Secondary,12787,79.3,66.1,6.89,1,7.86,1,0.93329453,High risk...
RJ000399,Alwar,Rural,6,13,Male,Lower-Middle,Graduate+,14901,78.3,59.7,9.33,1,5.61,0,0.021991871,Low risk...
RJ000400,Alwar,Rural,3,13,Male,Upper-Middle,Primary,58273,90.8,78.6,5.68,0,5.64,1,0.008399182,Low risk...
RJ000401,Jaipur,Rural,11,12,Female,Low,Higher Secondary,8188,67.1,65.5,1.47,1,3.98,1,0.7885797,High risk...
RJ000402,Barmer,Rural,9,13,Female,Low,Graduate+,5045,71.3,67.3,4.91,1,4.07,1,0.89618826,High risk...
RJ000403,Udaipur,Rural,3,8,Female,Low,No formal,6055,74.1,36.7,4.75,1,3.61,1,0.89017665,High risk...
RJ000404,Sikar,Rural,2,16,Female,Low,Primary,8077,72.4,58.7,6.45,1,5.81,0,0.04596273,Low risk...
RJ000405,Kota,Rural,8,7,Female,Low,No formal,6138,72.1,54.8,1.38,1,8.02,0,0.03177371,Low risk...
RJ000406,Barmer,Urban,6,12,Female,Low,Secondary,6248,71.9,56.2,1.39,1,5.54,1,0.82421416,High risk...
RJ000407,Bikaner,Rural,8,13,Male,Low,Secondary,8158,74.0,68.4,4.02,1,6.19,0,0.19170971,Low risk...
RJ000408,Jaipur,Rural,7,6,Female,Low,No formal,7286,70.3,61.4,6.52,1,1.94,0,0.01872532,Low risk...
RJ000409,Barmer,Rural,3,17,Male,Low,Secondary,6519,75.3,66.7,4.93,1,3.43,1,0.92273754,High risk...
RJ000410,Jaipur,Rural,8,15,Female,Low,No formal,5701,70.1,63.9,4.37,1,3.07,0,0.15534897,Low risk...
RJ000411,Kota,Rural,10,14,Female,Lower-Middle,Higher Secondary,16089,75.7,57.6,4.7,1,6.93,0,0.013823867,Low risk...
RJ000412,Bhilwara,Urban,1,18,Female,Lower-Middle,No formal,8475,82.9,59.6,0.24,1,8.37,0,0.018264258,Low risk...
RJ000413,Bhilwara,Urban,1,16,Female,Low,Secondary,5548,76.7,64.6,0.1,0,7.45,0,0.019757375,Low risk...
RJ000414,Ajmer,Urban,10,9,Female,Lower-Middle,No formal,16347,76.2,54.2,1.23,0,4.69,0,0.10677947,Low risk...
RJ000415,Ajmer,Rural,8,17,Female,High,Primary,83899,90.7,75.8,5.62,0,5.13,0,0.006152639,Low risk...
RJ000416,Bikaner,Rural,9,9,Male,Upper-Middle,Secondary,51151,83.6,64.0,4.13,0,7.39,1,0.056806274,Low risk...
RJ000417,Kota,Urban,10,8,Male,Low,Primary,6437,75.7,71.4,1.32,1,9.49,1,0.89613855,High risk...
RJ000418,Kota,Rural,6,11,Female,Middle,Primary,24454,87.6,60.7,0.1,0,8.19,0,0.1578372,Low risk...
RJ000419,Alwar,Urban,5,6,Female,Lower-Middle,Higher Secondary,13988,82.0,86.7,0.36,1,7.25,0,0.023024378,Low risk...
RJ000420,Alwar,Urban,2,11,Male,Low,No formal,7419,70.7,72.2,2.03,1,6.98,0,0.066961475,Low risk...
RJ000421,Sikar,Rural,11,7,Male,Low,Higher Secondary,5731,69.2,61.2,1.5,1,6.29,0,0.012325468,Low risk...
RJ000422,Sikar,Urban,9,14,Male,Low,No formal,6680,71.0,65.3,0.25,1,8.34,0,0.04556154,Low risk...
RJ000423,Jaipur,Rural,6,7,Male,Lower-Middle,No formal,9095,73.7,54.5,3.12,1,2.94,0,0.13020729,Low risk...
RJ000424,Udaipur,Urban,8,12,Female,Middle,No formal,27083,87.2,73.9,1.03,1,6.25,0,0.08164043,Low risk...
RJ000425,Jaipur,Urban,9,17,Female,Middle,Graduate+,30586,88.4,74.1,0.13,0,4.49,0,0.0077885585,Low risk...
RJ000426,Udaipur,Rural,9,6,Female,Low,No formal,6658,78.2,50.1,5.74,1,4.2,1,0.9714153,High risk...
RJ000427,Bikaner,Rural,8,17,Female,Low,Higher Secondary,7889,69.4,33.8,2.35,0,8.33,0,0.09196966,Low risk...
RJ000428,Barmer,Urban,12,12,Female,Low,Graduate+,5402,70.9,62.9,2.29,1,5.92,1,0.83622634,High risk...
RJ000429,Kota,Rural,10,10,Male,Lower-Middle,Primary,12531,81.5,66.7,4.32,0,6.42,0,0.068022504,Low risk...
RJ000430,Jaipur,Rural,8,13,Male,High,Secondary,60899,90.7,83.1,7.14,0,3.15,0,0.0025222856,Low risk...
RJ000431,Jaipur,Rural,3,9,Male,Middle,Secondary,29750,85.3,69.5,3.69,0,2.66,0,0.093853325,Low risk...
RJ000432,Sikar,Urban,3,17,Male,High,Primary,80802,88.4,76.7,2.2,0,5.84,0,0.0013591213,Low risk...
RJ000433,Ajmer,Rural,2,15,Male,Middle,No formal,26781,90.9,64.4,3.06,0,6.21,0,0.025320541,Low risk...
RJ000434,Jaipur,Rural,1,12,Male,Lower-Middle,Primary,9479,81.9,62.0,9.9,0,4.14,1,0.980828,High risk...
RJ000435,Jaipur,Urban,4,11,Male,Lower-Middle,Secondary,16778,78.3,73.4,0.55,1,4.39,1,0.88180226,High risk...
RJ000436,Alwar,Rural,2,10,Male,Lower-Middle,Secondary,14884,82.4,47.7,1.95,1,4.38,0,0.036035072,Low risk...
RJ000437,Jaipur,Rural,2,9,Female,Lower-Middle,No formal,11765,82.0,62.8,3.7,1,2.7,0,0.02620247,Low risk...
RJ000438,Sikar,Rural,11,12,Male,Middle,No formal,27474,83.5,60.4,1.82,1,4.69,0,0.055183895,Low risk...
RJ000439,Alwar,Rural,11,17,Female,Lower-Middle,Graduate+,13597,76.3,79.2,0.25,1,6.51,0,0.102663614,Low risk...
RJ000440,Jaipur,Rural,5,10,Male,Low,No formal,8235,78.9,56.6,6.18,1,3.5,1,0.19657049,Low risk...
RJ000441,Jaipur,Rural,4,10,Female,Middle,Secondary,30947,86.1,73.8,0.1,0,5.74,0,0.01032328,Low risk...
RJ000442,Bhilwara,Rural,1,6,Female,Upper-Middle,No formal,42515,96.9,79.0,1.85,0,7.11,0,0.038638543,Low risk...
RJ000443,Kota,Rural,9,7,Female,Lower-Middle,Higher Secondary,16613,79.7,56.3,0.1,1,6.8,0,0.17599842,Low risk...
RJ000444,Kota,Rural,4,10,Female,Middle,Higher Secondary,22781,87.6,71.8,4.43,0,8.3,0,0.052500214,Low risk...
RJ000445,Sikar,Urban,5,18,Male,Low,Primary,6623,73.7,56.4,0.22,0,5.24,0,0.12655364,Low risk...
RJ000446,Bhilwara,Rural,7,8,Male,Lower-Middle,No formal,14286,81.9,70.2,5.64,1,7.34,0,0.118846685,Low risk...
RJ000447,Bhilwara,Rural,2,18,Male,Low,Primary,5339,75.8,66.5,5.97,1,5.94,0,0.05134478,Low risk...
RJ000448,Alwar,Urban,8,7,Male,Low,Primary,8217,69.7,55.6,0.72,1,4.68,0,0.052859053,Low risk...
RJ000449,Kota,Rural,11,9,Male,Lower-Middle,Primary,10215,74.1,51.7,4.57,0,7.25,0,0.057288114,Low risk...
RJ000450,Jaipur,Rural,2,9,Female,Low,Secondary,6055,76.8,72.4,5.55,1,4.45,1,0.7801134,High risk...
RJ000451,Sikar,Rural,11,9,Female,Middle,No formal,20648,80.3,61.1,6.82,0,5.63,1,0.7851738,High risk...
RJ000452,Udaipur,Rural,10,9,Female,Upper-Middle,Primary,59062,87.3,55.0,0.1,0,4.07,0,0.009268184,Low risk...
RJ000453,Bikaner,Rural,5,8,Female,Low,Secondary,5131,77.2,52.1,0.1,1,4.67,0,0.020999223,Low risk...
RJ000454,Barmer,Urban,12,18,Female,Middle,Secondary,18108,83.4,71.5,0.94,0,6.04,0,0.04088688,Low risk...
RJ000455,Jaipur,Rural,2,17,Female,Lower-Middle,Primary,8727,79.3,53.0,1.53,1,3.47,1,0.8834931,High risk...
RJ000456,Udaipur,Urban,2,12,Female,Low,Secondary,5938,79.7,80.7,0.43,0,6.1,0,0.015616666,Low risk...
RJ000457,Jaipur,Rural,4,14,Male,Middle,Secondary,26649,88.1,63.4,5.9,0,2.55,0,0.13972078,Low risk...
RJ000458,Bikaner,Urban,4,17,Male,Lower-Middle,Secondary,8750,83.6,68.2,1.14,0,9.59,0,0.012019286,Low risk...
RJ000459,Jaipur,Urban,8,10,Female,Lower-Middle,No formal,9180,71.7,57.8,0.91,1,4.6,1,0.20340201,Low risk...
RJ000460,Jaipur,Rural,6,9,Female,Upper-Middle,No formal,34570,90.5,62.0,6.68,0,3.31,0,0.015427833,Low risk...
RJ000461,Jaipur,Rural,10,16,Female,Lower-Middle,Higher Secondary,14015,80.0,50.5,0.1,0,4.14,1,0.869582,High risk...
RJ000462,Ajmer,Rural,8,7,Male,High,Higher Secondary,72790,96.6,79.9,2.5,0,3.81,0,0.013336356,Low risk...
RJ000463,Alwar,Rural,7,7,Female,Lower-Middle,Secondary,13126,74.6,56.7,0.62,0,6.18,0,0.045174923,Low risk...
RJ000464,Ajmer,Urban,10,10,Male,Low,No formal,4510,75.1,59.5,0.1,1,5.14,0,0.057212517,Low risk...
RJ000465,Bhilwara,Urban,4,12,Male,Lower-Middle,Secondary,15894,85.4,68.3,0.1,0,9.31,0,0.0031490896,Low risk...
RJ000466,Kota,Rural,2,15,Male,Low,Higher Secondary,5479,69.4,64.1,8.22,1,7.14,1,0.9568135,High risk...
RJ000467,Kota,Rural,9,15,Male,Lower-Middle,Primary,14937,79.4,75.7,4.77,1,7.22,0,0.016976532,Low risk...
RJ000468,Barmer,Rural,2,14,Male,Middle,No formal,31967,89.4,62.8,5.6,0,1.63,0,0.026008107,Low risk...
RJ000469,Jodhpur,Urban,1,18,Male,Lower-Middle,Secondary,16698,81.0,62.8,1.16,1,5.0,0,0.008914488,Low risk...
RJ000470,Bhilwara,Rural,8,12,Male,Low,Higher Secondary,7312,71.0,49.7,1.98,1,6.94,0,0.06269919,Low risk...
RJ000471,Jaipur,Rural,10,10,Male,Lower-Middle,No formal,12120,79.5,59.6,4.71,0,5.16,0,0.014585992,Low risk...
RJ000472,Bhilwara,Rural,9,15,Female,Low,Secondary,4841,70.2,63.4,0.11,1,7.12,1,0.07865225,Low risk...
RJ000473,Jaipur,Urban,1,15,Female,Middle,Secondary,18338,87.3,66.5,0.65,0,4.46,0,0.013602588,Low risk...
RJ000474,Barmer,Rural,7,15,Male,Middle,Secondary,33010,87.4,73.8,3.74,1,5.53,0,0.017983768,Low risk...
RJ000475,Udaipur,Urban,2,11,Male,High,Secondary,81013,99.0,76.0,1.34,0,4.97,0,0.00578723,Low risk...
RJ000476,Bhilwara,Urban,6,16,Female,Low,Secondary,7350,75.1,52.6,1.72,1,9.68,0,0.029645674,Low risk...
RJ000477,Jaipur,Rural,11,17,Female,Lower-Middle,No formal,12569,77.4,62.4,1.86,1,3.87,1,0.74317527,High risk...
RJ000478,Udaipur,Rural,5,8,Male,Lower-Middle,No formal,15789,78.5,59.0,7.44,1,3.08,1,0.08585299,Low risk...
RJ000479,Bhilwara,Rural,1,10,Female,Upper-Middle,Secondary,55114,89.0,72.4,8.67,0,8.09,0,0.006923649,Low risk...
RJ000480,Udaipur,Rural,2,13,Female,Lower-Middle,No formal,9118,84.8,59.8,3.9,1,4.58,1,0.72981644,High risk...
RJ000481,Ajmer,Rural,2,6,Male,Low,Secondary,7359,75.0,57.8,5.75,1,5.9,0,0.020275693,Low risk...
RJ000482,Alwar,Rural,10,17,Male,Lower-Middle,Secondary,10641,81.0,67.9,2.31,1,5.18,0,0.070522755,Low risk...
RJ000483,Bikaner,Rural,10,6,Male,Middle,No formal,31028,82.5,61.2,0.1,1,7.87,1,0.015060224,Low risk...
RJ000484,Ajmer,Rural,6,12,Female,Middle,Secondary,34099,83.6,82.0,1.32,1,6.92,0,0.04896052,Low risk...
RJ000485,Ajmer,Urban,11,10,Male,Upper-Middle,Primary,60799,88.3,75.0,0.1,0,6.67,0,0.004303834,Low risk...
RJ000486,Barmer,Urban,12,10,Male,Low,Primary,4725,70.3,62.1,0.58,1,5.8,0,0.008575604,Low risk...
RJ000487,Jaipur,Rural,1,6,Male,High,Primary,59062,91.4,69.0,3.7,0,5.16,0,0.029495109,Low risk...
RJ000488,Kota,Rural,11,14,Female,Low,Higher Secondary,7463,76.5,50.1,3.16,1,8.04,1,0.8937025,High risk...
RJ000489,Bhilwara,Urban,4,6,Female,High,Primary,95758,91.6,64.1,1.19,0,8.2,0,0.015563844,Low risk...
RJ000490,Barmer,Rural,12,10,Female,Upper-Middle,Secondary,37049,89.3,66.4,5.03,0,6.43,1,0.84604996,High risk...
RJ000491,Bikaner,Rural,10,15,Female,Middle,No formal,29480,86.0,62.9,0.1,1,6.06,1,0.8059377,High risk...
RJ000492,Ajmer,Rural,11,14,Male,Middle,No formal,17771,79.2,60.8,6.41,1,5.53,0,0.09763929,Low risk...
RJ000493,Kota,Urban,5,9,Female,Low,No formal,6851,71.0,61.3,0.1,1,10.0,0,0.0068433173,Low risk...
RJ000494,Jodhpur,Rural,2,18,Female,Low,Secondary,7696,74.6,64.9,10.2,0,5.17,0,0.03626777,Low risk...
RJ000495,Bikaner,Rural,2,13,Male,Low,Primary,6896,72.9,68.6,3.05,1,6.37,0,0.09590368,Low risk...
RJ000496,Kota,Rural,7,11,Female,Low,No formal,4475,78.2,57.9,2.56,1,6.13,1,0.8348955,High risk...
RJ000497,Ajmer,Urban,7,16,Female,Lower-Middle,Secondary,16724,78.4,67.1,0.53,1,6.73,0,0.04948752,Low risk...
RJ000498,Jaipur,Urban,6,8,Female,Low,No formal,5696,76.2,62.0,2.02,1,5.82,0,0.05561397,Low risk...
RJ000499,Bhilwara,Rural,1,9,Male,Upper-Middle,No formal,43485,93.5,71.6,5.82,1,6.07,0,0.040299937,Low risk...
RJ000500,Bhilwara,Rural,12,7,Female,Lower-Middle,Primary,9112,77.3,72.2,3.87,1,7.45,0,0.24624489,Low risk...
RJ000501,Alwar,Rural,12,6,Female,Middle,Primary,20425,82.6,71.6,6.96,0,3.9,0,0.053478017,Low risk...
RJ000502,Udaipur,Rural,3,18,Male,Middle,Secondary,22246,90.7,61.9,5.39,1,5.04,0,0.013678917,Low risk...
RJ000503,Kota,Rural,9,13,Male,Low,Primary,7557,69.5,56.4,4.09,1,6.8,0,0.044427514,Low risk...
RJ000504,Sikar,Urban,10,6,Male,Low,Primary,7105,76.7,61.5,0.48,1,6.75,0,0.100305215,Low risk...
RJ000505,Alwar,Rural,1,18,Other,Low,Higher Secondary,6651,72.1,80.9,7.59,1,6.22,0,0.051622935,Low risk...
RJ000506,Jodhpur,Urban,2,16,Female,Middle,Higher Secondary,32618,89.8,71.6,0.8,0,6.37,0,0.010532261,Low risk...
RJ000507,Barmer,Rural,8,6,Male,Lower-Middle,Higher Secondary,16782,74.3,57.1,4.84,1,5.17,0,0.03485701,Low risk...
RJ000508,Sikar,Rural,7,9,Male,Low,Higher Secondary,5816,72.1,67.2,5.27,1,6.44,0,0.12372044,Low risk...
RJ000509,Bhilwara,Rural,9,15,Male,Middle,Secondary,24346,84.3,72.6,0.54,0,7.56,1,0.81538576,High risk...
RJ000510,Alwar,Urban,10,17,Female,Low,Secondary,7292,70.0,59.4,1.3,1,8.31,1,0.86307687,High risk...
RJ000511,Ajmer,Urban,12,15,Male,Middle,Secondary,28776,82.0,65.4,1.47,1,4.79,0,0.01113447,Low risk...
RJ000512,Bikaner,Rural,12,11,Female,Lower-Middle,Secondary,8513,72.3,69.0,5.88,1,7.21,0,0.050313175,Low risk...
RJ000513,Bhilwara,Rural,4,14,Female,Middle,Secondary,28970,83.5,61.3,3.91,1,7.05,0,0.04687809,Low risk...
RJ000514,Barmer,Urban,4,6,Female,Upper-Middle,No formal,54168,92.0,66.0,1.21,0,5.98,0,0.11556864,Low risk...
RJ000515,Jaipur,Rural,7,12,Male,Middle,Higher Secondary,34754,85.1,67.3,3.2,0,4.11,0,0.026278222,Low risk...
RJ000516,Jaipur,Rural,1,15,Male,Lower-Middle,Secondary,13329,79.9,74.7,4.23,1,3.83,0,0.05104397,Low risk...
RJ000517,Kota,Rural,10,16,Male,Low,Higher Secondary,7075,75.5,68.0,1.53,1,8.2,1,0.9368844,High risk...
RJ000518,Sikar,Urban,12,10,Male,Middle,No formal,31303,78.8,52.3,0.95,1,5.73,0,0.01721957,Low risk...
RJ000519,Bhilwara,Rural,9,17,Male,Lower-Middle,Primary,9206,76.9,54.0,2.98,1,9.44,0,0.6208054,Moderate risk..
RJ000520,Jodhpur,Rural,2,13,Female,Low,Primary,7286,74.0,75.0,6.31,1,3.7,1,0.90041393,High risk...
RJ000521,Ajmer,Rural,1,12,Male,Middle,Primary,27070,89.8,78.1,7.77,1,5.29,0,0.026574383,Low risk...
RJ000522,Bikaner,Rural,7,9,Male,Low,No formal,4620,73.1,64.1,4.51,1,7.06,0,0.12599067,Low risk...
RJ000523,Bhilwara,Urban,6,9,Male,Low,Primary,7013,73.2,59.6,0.1,0,8.73,0,0.023670416,Low risk...
RJ000524,Barmer,Urban,12,11,Male,Upper-Middle,No formal,38887,81.0,74.2,1.57,0,5.66,1,0.06242294,Low risk...
RJ000525,Sikar,Urban,3,11,Other,Lower-Middle,Primary,12918,83.6,56.9,1.52,0,7.12,0,0.57889295,Moderate risk..
RJ000526,Bikaner,Rural,1,14,Male,Low,Secondary,5380,75.3,69.2,4.65,1,7.85,0,0.39373612,Low risk...
RJ000527,Bikaner,Rural,12,17,Male,Middle,Higher Secondary,19329,82.8,66.5,5.3,1,4.86,0,0.011608436,Low risk...
RJ000528,Kota,Urban,5,10,Female,Upper-Middle,No formal,39402,87.8,64.2,2.6,0,8.54,0,0.0024969,Low risk...
RJ000529,Jaipur,Urban,10,13,Male,Low,Secondary,6043,68.8,65.1,1.15,1,4.75,0,0.27635384,Low risk...
RJ000530,Barmer,Urban,4,10,Male,Middle,No formal,26147,91.0,67.0,1.31,0,8.52,0,0.006670738,Low risk...
RJ000531,Sikar,Urban,5,7,Male,Middle,No formal,20098,80.7,58.4,2.38,0,7.77,0,0.067308396,Low risk...
RJ000532,Bhilwara,Rural,1,11,Male,Low,Secondary,5548,72.8,57.7,0.1,1,8.65,0,0.0072189244,Low risk...
RJ000533,Bhilwara,Urban,1,14,Male,Lower-Middle,Secondary,15619,86.4,53.9,0.32,1,9.21,0,0.02983114,Low risk...
RJ000534,Udaipur,Urban,5,18,Male,Low,Higher Secondary,8024,75.9,72.0,0.53,1,5.56,1,0.96750814,High risk...
RJ000535,Sikar,Rural,6,8,Female,Middle,Primary,26866,84.5,58.2,0.1,1,5.78,0,0.011432514,Low risk...
RJ000536,Bhilwara,Rural,5,6,Male,Middle,Higher Secondary,26081,89.7,89.1,7.95,0,8.27,0,0.0013654948,Low risk...
RJ000537,Barmer,Rural,2,6,Female,Low,No formal,6642,76.8,57.3,0.1,1,6.45,1,0.8074502,High risk...
RJ000538,Jodhpur,Urban,9,18,Female,Middle,No formal,21255,84.7,74.8,0.96,1,5.9,1,0.8224085,High risk...
RJ000539,Bikaner,Rural,5,8,Female,Middle,No formal,34887,86.7,51.0,2.88,0,6.64,0,0.034665667,Low risk...
RJ000540,Jaipur,Rural,11,15,Male,Low,Secondary,7330,72.4,67.3,9.35,1,4.54,1,0.59408504,Moderate risk..
RJ000541,Bhilwara,Urban,11,10,Male,Middle,No formal,21678,84.5,72.1,0.59,1,7.8,0,0.045600645,Low risk...
RJ000542,Ajmer,Urban,5,8,Female,Low,No formal,5343,80.6,72.3,0.59,1,6.89,0,0.04173798,Low risk...
RJ000543,Jodhpur,Rural,10,14,Female,Upper-Middle,Secondary,51925,86.9,57.9,1.19,0,4.78,0,0.011409892,Low risk...
RJ000544,Alwar,Rural,9,13,Female,Lower-Middle,No formal,11112,77.5,54.4,5.57,0,5.25,0,0.08566268,Low risk...
RJ000545,Ajmer,Urban,3,8,Male,Lower-Middle,No formal,11385,77.3,64.5,0.1,0,5.59,0,0.02819943,Low risk...
RJ000546,Kota,Urban,5,14,Female,Middle,No formal,31166,85.8,66.2,1.8,0,8.42,0,0.009006352,Low risk...
RJ000547,Jaipur,Rural,12,18,Male,Lower-Middle,No formal,10642,82.1,65.1,2.92,0,3.3,1,0.81554663,High risk...
RJ000548,Alwar,Urban,5,11,Male,Upper-Middle,Secondary,53715,93.0,70.9,1.1,0,5.81,0,0.068001926,Low risk...
RJ000549,Udaipur,Rural,2,18,Male,Lower-Middle,Secondary,16253,79.9,78.3,6.29,1,3.59,0,0.17591777,Low risk...
RJ000550,Sikar,Rural,11,12,Male,Upper-Middle,No formal,35410,87.1,86.6,1.33,0,3.96,1,0.9307535,High risk...
RJ000551,Udaipur,Rural,4,9,Male,Lower-Middle,No formal,9612,76.6,60.3,2.12,0,4.57,0,0.09059591,Low risk...
RJ000552,Barmer,Rural,11,9,Female,Low,Higher Secondary,8160,68.1,64.9,1.82,1,5.03,0,0.1397315,Low risk...
RJ000553,Udaipur,Urban,11,17,Female,Upper-Middle,Primary,37911,87.4,68.5,0.1,0,5.74,0,0.008443494,Low risk...
RJ000554,Udaipur,Urban,2,18,Female,Middle,Secondary,17866,86.0,79.9,1.3,0,5.09,0,0.008635907,Low risk...
RJ000555,Barmer,Rural,5,7,Male,Middle,Primary,32699,82.9,72.0,4.59,1,4.44,0,0.013758079,Low risk...
RJ000556,Bikaner,Rural,10,10,Female,High,No formal,71809,92.0,60.2,0.1,0,6.44,1,0.06823804,Low risk...
RJ000557,Jaipur,Rural,12,13,Male,Low,Graduate+,5453,70.3,59.8,6.28,0,4.12,1,0.96262157,High risk...
RJ000558,Jaipur,Rural,2,12,Male,Lower-Middle,Secondary,10306,76.8,56.0,0.1,1,2.25,1,0.86608845,High risk...
RJ000559,Alwar,Rural,10,12,Male,Low,No formal,8054,65.3,74.2,1.85,1,5.44,0,0.030102516,Low risk...
RJ000560,Ajmer,Rural,9,11,Male,Lower-Middle,Primary,14905,76.3,66.5,4.6,1,4.37,0,0.028224021,Low risk...
RJ000561,Alwar,Rural,10,8,Male,Middle,Primary,27944,78.7,58.1,3.75,0,7.12,0,0.110543236,Low risk...
RJ000562,Jodhpur,Rural,6,10,Male,High,No formal,81382,86.9,60.2,6.62,0,4.62,0,0.0050486564,Low risk...
RJ000563,Jaipur,Rural,8,18,Female,Lower-Middle,Graduate+,9606,81.9,78.1,2.17,1,3.61,0,0.044301298,Low risk...
RJ000564,Jaipur,Urban,9,6,Female,Middle,Higher Secondary,33705,83.7,77.9,1.18,1,4.01,0,0.06573212,Low risk...
RJ000565,Kota,Rural,8,12,Male,Upper-Middle,No formal,55114,87.7,72.5,3.07,0,6.01,0,0.02667587,Low risk...
RJ000566,Ajmer,Rural,5,14,Female,Middle,Primary,22380,85.4,63.4,6.93,1,5.5,0,0.0099323755,Low risk...
RJ000567,Bikaner,Urban,5,6,Female,Low,Secondary,8179,70.6,62.8,1.8,0,10.0,0,0.016647866,Low risk...
RJ000568,Bikaner,Rural,6,18,Female,Lower-Middle,No formal,16256,80.7,62.8,4.26,1,7.67,0,0.02398815,Low risk...
RJ000569,Barmer,Rural,1,7,Female,High,Secondary,92933,94.6,67.3,7.98,1,4.87,1,0.86274886,High risk...
RJ000570,Kota,Rural,11,8,Male,High,Secondary,111160,87.7,63.2,7.43,0,7.56,0,0.00035326122,Low risk...
RJ000571,Udaipur,Urban,8,8,Female,Lower-Middle,Secondary,9973,76.7,67.3,2.24,1,5.58,1,0.8390551,High risk...
RJ000572,Sikar,Rural,2,13,Female,Upper-Middle,Secondary,54539,87.8,72.3,0.47,0,5.62,0,0.0044870703,Low risk...
RJ000573,Bikaner,Urban,6,12,Female,Low,Secondary,4839,72.3,65.8,2.38,1,8.08,1,0.09104119,Low risk...
RJ000574,Ajmer,Rural,9,11,Female,Low,Graduate+,7105,71.3,71.6,3.39,1,4.03,0,0.02616516,Low risk...
RJ000575,Barmer,Urban,3,15,Female,High,Primary,107512,92.7,83.2,1.52,0,6.3,0,0.006983175,Low risk...
RJ000576,Bhilwara,Rural,2,15,Female,Low,Higher Secondary,6452,75.7,59.6,1.95,1,8.65,1,0.9262957,High risk...
RJ000577,Jaipur,Rural,10,16,Male,Low,No formal,7405,71.3,61.3,3.48,1,4.39,0,0.045644473,Low risk...
RJ000578,Bhilwara,Rural,5,9,Male,Lower-Middle,Primary,9602,80.7,70.0,2.12,1,5.92,0,0.13881311,Low risk...
RJ000579,Udaipur,Rural,11,14,Male,Lower-Middle,No formal,13719,79.8,58.9,4.51,1,3.72,1,0.81401867,High risk...
RJ000580,Jodhpur,Rural,9,6,Male,Lower-Middle,Secondary,8931,79.8,66.9,3.48,1,4.82,0,0.07801387,Low risk...
RJ000581,Bikaner,Urban,6,16,Male,Low,No formal,4355,76.4,57.0,0.31,1,10.0,1,0.9219058,High risk...
RJ000582,Bhilwara,Urban,8,7,Female,Upper-Middle,Higher Secondary,51473,86.0,88.9,0.31,0,10.0,0,0.014624243,Low risk...
RJ000583,Udaipur,Urban,8,9,Female,Upper-Middle,Secondary,49543,87.0,71.0,1.56,0,5.27,0,0.012614319,Low risk...
RJ000584,Kota,Urban,7,8,Female,Lower-Middle,No formal,11166,81.0,65.7,0.83,1,9.7,0,0.006120292,Low risk...
RJ000585,Ajmer,Rural,5,6,Female,Lower-Middle,Secondary,12709,82.0,65.1,0.1,1,5.25,0,0.019921321,Low risk...
RJ000586,Jodhpur,Rural,2,10,Female,Middle,Higher Secondary,29476,85.5,67.9,6.31,0,3.97,1,0.9725168,High risk...
RJ000587,Jaipur,Urban,10,12,Female,Middle,Secondary,28783,85.3,58.8,2.38,1,5.17,0,0.033941597,Low risk...
RJ000588,Jaipur,Rural,10,7,Male,Lower-Middle,No formal,9019,74.7,67.1,3.47,1,3.69,0,0.17363398,Low risk...
RJ000589,Jaipur,Rural,5,10,Female,Lower-Middle,Higher Secondary,14096,81.4,75.4,7.52,1,4.79,1,0.969296,High risk...
RJ000590,Jodhpur,Urban,12,11,Male,Low,Secondary,6970,70.4,57.8,0.7,1,4.19,0,0.0326545,Low risk...
RJ000591,Jaipur,Rural,7,16,Male,Low,Primary,7012,68.8,49.7,4.17,1,4.08,0,0.015051448,Low risk...
RJ000592,Ajmer,Urban,12,12,Male,Lower-Middle,Primary,15518,75.2,62.2,0.42,0,8.04,0,0.019891959,Low risk...
RJ000593,Jodhpur,Rural,12,6,Female,Middle,Primary,27592,89.0,65.0,5.97,1,5.53,0,0.02856392,Low risk...
RJ000594,Kota,Rural,7,12,Female,Middle,Higher Secondary,33913,85.6,70.0,0.1,0,7.94,0,0.04928771,Low risk...
RJ000595,Barmer,Rural,11,9,Male,Middle,Primary,34650,89.9,59.4,6.41,0,3.94,0,0.14294763,Low risk...
RJ000596,Udaipur,Urban,2,13,Male,Lower-Middle,No formal,14715,77.2,61.6,0.61,1,6.25,1,0.77637297,High risk...
RJ000597,Alwar,Rural,7,18,Female,Middle,Higher Secondary,23777,87.3,74.7,1.23,0,6.69,0,0.041787177,Low risk...
RJ000598,Jodhpur,Rural,6,9,Female,Low,No formal,4801,65.9,61.8,4.2,0,3.58,1,0.91309476,High risk...
RJ000599,Jodhpur,Rural,7,11,Male,Lower-Middle,Higher Secondary,15289,79.0,66.6,1.3,1,4.45,0,0.004850841,Low risk...
RJ000600,Jaipur,Rural,11,14,Female,Middle,Primary,20066,84.9,63.9,5.28,0,3.41,0,0.038483936,Low risk...
RJ000601,Jodhpur,Rural,8,10,Female,Lower-Middle,Primary,9628,81.0,51.7,6.46,1,3.48,0,0.019880045,Low risk...
RJ000602,Kota,Rural,4,17,Female,Lower-Middle,No formal,16120,78.1,69.2,0.99,1,7.06,0,0.11962475,Low risk...
RJ000603,Jodhpur,Rural,1,9,Male,Lower-Middle,Higher Secondary,13103,85.1,78.6,0.11,1,4.22,1,0.83748925,High risk...
RJ000604,Jaipur,Rural,8,13,Male,Upper-Middle,Secondary,40740,86.9,70.4,7.29,0,2.69,0,0.023431355,Low risk...
RJ000605,Jaipur,Rural,8,18,Male,Lower-Middle,Graduate+,16489,78.0,58.7,9.82,0,2.53,1,0.92143816,High risk...
RJ000606,Bikaner,Rural,3,14,Male,Middle,Secondary,29878,85.7,59.7,5.48,0,6.38,0,0.015479677,Low risk...
RJ000607,Jodhpur,Rural,3,9,Female,High,No formal,85951,90.6,63.5,5.71,0,4.42,0,0.008641093,Low risk...
RJ000608,Kota,Rural,5,8,Male,Middle,Primary,23266,90.7,77.7,3.0,0,5.91,1,0.016554728,Low risk...
RJ000609,Udaipur,Rural,3,13,Female,Lower-Middle,Primary,14084,81.1,66.6,4.54,1,1.76,0,0.03739605,Low risk...
RJ000610,Alwar,Urban,5,10,Male,Low,Secondary,7270,77.3,52.4,0.22,1,8.23,0,0.032560673,Low risk...
RJ000611,Jaipur,Urban,8,7,Female,Lower-Middle,Graduate+,14382,81.6,74.7,1.01,1,4.1,1,0.8420766,High risk...
RJ000612,Sikar,Rural,1,15,Male,Lower-Middle,Primary,10041,79.1,56.3,8.05,0,5.22,1,0.90863645,High risk...
RJ000613,Ajmer,Urban,2,14,Female,Middle,Secondary,29702,91.1,68.5,0.8,0,7.42,0,0.0014901706,Low risk...
RJ000614,Jaipur,Urban,2,8,Female,Lower-Middle,Graduate+,13284,83.0,80.1,0.73,0,3.67,1,0.8972389,High risk...
RJ000615,Barmer,Rural,12,17,Female,High,No formal,103604,86.4,71.5,3.51,1,3.26,0,0.041614205,Low risk...
RJ000616,Bhilwara,Rural,4,7,Male,Low,Higher Secondary,6824,75.8,74.6,3.82,1,6.52,0,0.036591742,Low risk...
RJ000617,Jaipur,Urban,9,6,Male,Middle,Primary,20060,80.9,64.0,1.42,0,6.07,0,0.016992947,Low risk...
RJ000618,Kota,Urban,2,13,Female,Lower-Middle,Secondary,11076,86.3,76.8,0.95,1,8.85,0,0.024872733,Low risk...
RJ000619,Sikar,Rural,12,16,Male,Lower-Middle,Primary,14648,78.9,58.3,4.51,1,5.4,0,0.09533162,Low risk...
RJ000620,Alwar,Urban,11,8,Male,Middle,Primary,30449,82.8,63.2,0.1,1,6.57,0,0.01243045,Low risk...
RJ000621,Jodhpur,Rural,12,12,Male,Low,No formal,5135,74.3,55.5,2.91,1,4.66,0,0.039120626,Low risk...
RJ000622,Jodhpur,Urban,9,6,Female,Low,Graduate+,5689,67.3,63.1,2.12,1,7.03,1,0.92836833,High risk...
RJ000623,Kota,Rural,7,6,Female,Lower-Middle,Higher Secondary,8529,76.8,56.2,8.72,1,10.0,0,0.023392323,Low risk...
RJ000624,Udaipur,Rural,10,17,Male,Lower-Middle,No formal,11186,76.7,57.7,7.2,1,3.83,1,0.7767995,High risk...
RJ000625,Ajmer,Rural,8,14,Male,Middle,Graduate+,17961,91.2,88.8,7.75,0,6.53,0,0.00077805197,Low risk...
RJ000626,Kota,Urban,1,17,Male,High,Secondary,104881,91.8,64.3,1.65,0,9.87,0,0.0073883263,Low risk...
RJ000627,Bikaner,Rural,5,13,Female,Low,Higher Secondary,7000,68.9,51.1,8.33,1,7.53,1,0.9459562,High risk...
RJ000628,Alwar,Rural,9,17,Male,Lower-Middle,No formal,16541,73.7,47.7,9.9,0,3.15,1,0.7211386,High risk...
RJ000629,Jaipur,Urban,12,18,Male,Middle,Primary,33109,85.2,88.0,0.61,0,4.73,1,0.87572956,High risk...
RJ000630,Jodhpur,Rural,4,8,Female,High,Secondary,89795,91.7,76.7,8.94,0,3.76,0,0.11629547,Low risk...
RJ000631,Alwar,Rural,2,11,Other,Upper-Middle,No formal,47342,91.0,65.9,6.39,0,5.72,0,0.0042260517,Low risk...
RJ000632,Barmer,Rural,6,16,Female,Middle,Primary,32965,87.8,68.8,1.46,0,4.5,0,0.01846051,Low risk...
RJ000633,Udaipur,Urban,2,8,Female,Lower-Middle,Primary,10907,81.0,66.0,2.59,1,4.91,0,0.056947943,Low risk...
RJ000634,Udaipur,Urban,3,18,Male,Low,No formal,5139,75.6,53.7,1.53,0,7.51,1,0.81066465,High risk...
RJ000635,Jaipur,Rural,8,17,Female,Lower-Middle,Primary,11844,80.1,59.5,2.21,1,4.92,1,0.07986182,Low risk...
RJ000636,Bikaner,Rural,3,9,Male,Lower-Middle,Graduate+,8847,79.7,69.1,4.95,1,5.24,0,0.13197604,Low risk...
RJ000637,Udaipur,Rural,2,6,Female,Middle,Primary,22785,87.0,62.0,4.55,0,3.7,0,0.022211608,Low risk...
RJ000638,Jodhpur,Rural,6,10,Male,Lower-Middle,No formal,9103,80.2,58.4,5.39,0,4.73,0,0.03155976,Low risk...
RJ000639,Jodhpur,Urban,3,6,Female,Middle,Primary,18422,89.6,72.2,1.16,0,6.93,0,0.0054804026,Low risk...
RJ000640,Kota,Rural,1,18,Female,Lower-Middle,Secondary,13031,79.6,57.8,3.54,1,6.95,0,0.0121133495,Low risk...
RJ000641,Jaipur,Urban,12,6,Male,Middle,Secondary,29893,73.4,82.9,1.67,0,4.9,0,0.08716639,Low risk...
RJ000642,Kota,Rural,3,15,Female,Low,Secondary,6454,77.0,70.2,6.25,1,7.47,0,0.12617469,Low risk...
RJ000643,Jodhpur,Rural,6,16,Male,Low,No formal,4496,76.3,49.1,6.44,1,4.76,0,0.10773252,Low risk...
RJ000644,Kota,Rural,3,16,Male,Low,Primary,5859,75.6,41.1,4.75,1,5.84,0,0.0625775,Low risk...
RJ000645,Jaipur,Rural,9,12,Male,Upper-Middle,Secondary,34995,88.8,65.8,2.86,0,1.6,0,0.03740587,Low risk...
RJ000646,Barmer,Urban,7,17,Male,Low,Higher Secondary,6930,71.3,68.7,1.21,1,7.45,1,0.88945514,High risk...
RJ000647,Ajmer,Rural,5,11,Male,Middle,Secondary,31962,87.5,74.4,3.1,0,4.01,0,0.034249846,Low risk...
RJ000648,Alwar,Urban,2,7,Female,Low,No formal,4690,78.1,59.5,0.1,1,8.98,0,0.0060488265,Low risk...
RJ000649,Sikar,Urban,9,16,Male,Lower-Middle,Primary,8962,78.2,57.7,0.45,1,6.05,0,0.046465646,Low risk...
RJ000650,Udaipur,Urban,5,17,Male,Upper-Middle,No formal,44287,97.5,64.8,0.78,1,5.29,0,0.015048184,Low risk...
RJ000651,Jaipur,Rural,7,7,Male,Lower-Middle,Secondary,10949,74.3,59.4,1.69,0,3.98,1,0.029092623,Low risk...
RJ000652,Udaipur,Urban,9,16,Female,Low,No formal,5295,72.5,48.9,1.16,1,3.35,1,0.7891371,High risk...
RJ000653,Ajmer,Rural,4,12,Female,Low,No formal,5088,71.0,52.9,5.68,1,7.86,0,0.047269903,Low risk...
RJ000654,Alwar,Rural,9,6,Female,Upper-Middle,Primary,41483,90.6,80.6,10.31,0,4.97,0,0.014435921,Low risk...
RJ000655,Bikaner,Rural,1,18,Female,Lower-Middle,Primary,16509,77.3,55.8,5.58,0,6.43,0,0.029860124,Low risk...
RJ000656,Jaipur,Urban,12,7,Female,Lower-Middle,Primary,15604,72.5,64.0,1.99,1,3.95,0,0.048936624,Low risk...
RJ000657,Kota,Urban,6,17,Female,Lower-Middle,Primary,13451,77.6,68.3,0.46,1,9.23,0,0.8155784,High risk...
RJ000658,Kota,Rural,2,13,Female,Lower-Middle,Secondary,15124,82.3,58.7,4.93,1,7.66,1,0.7446893,High risk...
RJ000659,Ajmer,Rural,8,11,Male,Low,Primary,4262,70.7,51.3,3.05,1,3.87,0,0.03212044,Low risk...
RJ000660,Ajmer,Urban,5,7,Female,Middle,Primary,19450,84.2,74.7,0.82,0,5.13,0,0.029042205,Low risk...
RJ000661,Kota,Rural,3,12,Male,Middle,Primary,22618,86.5,60.1,5.0,0,8.43,0,0.018671224,Low risk...
RJ000662,Bhilwara,Rural,2,9,Female,Low,Primary,6904,74.8,60.0,6.96,0,6.5,0,0.07929391,Low risk...
RJ000663,Ajmer,Rural,8,7,Female,Middle,Secondary,32960,89.0,87.7,10.4,0,3.28,0,0.023817983,Low risk...
RJ000664,Jodhpur,Rural,7,17,Female,Upper-Middle,Primary,38781,91.1,78.1,1.6,0,3.95,0,0.010633141,Low risk...
RJ000665,Jaipur,Rural,9,11,Female,Upper-Middle,Secondary,35885,87.0,70.9,6.84,0,3.21,0,0.03411854,Low risk...
RJ000666,Jodhpur,Rural,8,16,Male,Low,Secondary,7761,78.8,72.0,6.05,1,6.04,1,0.9257589,High risk...
RJ000667,Jodhpur,Rural,11,14,Male,Low,Higher Secondary,5918,72.5,63.5,9.94,1,3.57,0,0.056393232,Low risk...
RJ000668,Jodhpur,Rural,4,16,Male,Upper-Middle,Primary,53535,87.6,76.3,6.12,0,3.79,0,0.010731108,Low risk...
RJ000669,Jodhpur,Rural,2,14,Female,Low,Primary,6502,76.3,45.0,5.8,1,4.31,1,0.9530473,High risk...
RJ000670,Kota,Urban,2,13,Female,Low,Secondary,4939,77.1,63.1,1.02,1,8.3,1,0.08142612,Low risk...
RJ000671,Jodhpur,Rural,2,8,Female,Upper-Middle,No formal,53568,89.4,50.4,6.76,0,4.54,0,0.035021834,Low risk...
RJ000672,Barmer,Urban,11,8,Female,Low,Primary,5967,67.8,57.6,1.4,1,5.18,1,0.8771904,High risk...
RJ000673,Jaipur,Urban,12,7,Female,Lower-Middle,Secondary,10817,76.8,62.2,1.68,1,4.87,0,0.07137725,Low risk...
RJ000674,Udaipur,Rural,6,10,Female,Lower-Middle,No formal,15983,78.4,71.4,2.82,1,4.38,0,0.025043707,Low risk...
RJ000675,Bikaner,Rural,7,17,Female,Middle,Primary,17605,89.4,74.9,9.21,1,8.4,0,0.026038188,Low risk...
RJ000676,Bhilwara,Rural,12,9,Female,Low,Secondary,5900,72.7,57.4,0.1,1,6.57,0,0.12585801,Low risk...
RJ000677,Jaipur,Rural,6,12,Female,Upper-Middle,Graduate+,40966,87.6,71.8,3.75,0,3.01,0,0.038384337,Low risk...
RJ000678,Bikaner,Rural,2,9,Male,Lower-Middle,Higher Secondary,8858,82.8,73.1,4.45,1,8.81,0,0.032257162,Low risk...
RJ000679,Bhilwara,Urban,4,14,Female,Lower-Middle,Primary,9076,84.3,61.6,1.53,1,8.1,0,0.13038066,Low risk...
RJ000680,Barmer,Rural,3,17,Male,Low,Primary,4924,70.8,57.8,8.74,1,4.64,0,0.0069988887,Low risk...
RJ000681,Sikar,Rural,11,17,Male,Low,No formal,6321,67.9,64.8,5.43,1,7.13,0,0.7137764,High risk...
RJ000682,Jodhpur,Rural,4,7,Female,Lower-Middle,No formal,10774,80.5,55.2,2.84,1,4.16,0,0.12484031,Low risk...
RJ000683,Jodhpur,Rural,5,16,Female,Lower-Middle,Secondary,15438,80.1,62.5,2.1,1,3.85,0,0.083566405,Low risk...
RJ000684,Alwar,Urban,7,11,Female,Upper-Middle,No formal,39059,88.8,64.3,1.9,0,6.69,0,0.047637347,Low risk...
RJ000685,Bhilwara,Rural,9,12,Male,Lower-Middle,Primary,14450,77.1,87.1,7.5,1,6.41,0,0.020248266,Low risk...
RJ000686,Udaipur,Rural,11,9,Male,Lower-Middle,Graduate+,10167,76.0,73.0,4.42,1,4.43,0,0.11853592,Low risk...
RJ000687,Ajmer,Urban,2,18,Male,Lower-Middle,Higher Secondary,8757,82.7,79.1,0.1,1,5.58,0,0.021510756,Low risk...
RJ000688,Kota,Rural,8,11,Male,Middle,Secondary,22131,87.9,76.9,1.91,1,8.15,0,0.02149877,Low risk...
RJ000689,Sikar,Rural,3,12,Male,Lower-Middle,Higher Secondary,15436,79.6,74.8,5.12,0,5.43,0,0.08562631,Low risk...
RJ000690,Jodhpur,Urban,9,9,Male,Low,Secondary,4545,79.3,69.4,0.1,1,5.83,0,0.1911565,Low risk...
RJ000691,Kota,Rural,10,13,Male,Upper-Middle,No formal,42352,93.4,72.5,1.83,0,9.1,0,0.014579591,Low risk...
RJ000692,Bikaner,Rural,12,14,Male,Lower-Middle,Primary,8467,80.5,52.3,7.08,1,5.82,0,0.02992605,Low risk...
RJ000693,Udaipur,Rural,4,6,Male,Lower-Middle,Primary,13694,82.4,67.9,9.12,1,4.0,1,0.94238216,High risk...
RJ000694,Jodhpur,Urban,3,12,Female,Lower-Middle,Primary,16319,87.0,66.9,1.89,1,6.23,0,0.024079092,Low risk...
RJ000695,Jaipur,Urban,10,14,Male,Middle,Higher Secondary,24226,82.6,74.3,0.61,0,4.5,0,0.071099,Low risk...
RJ000696,Ajmer,Urban,6,17,Female,Low,Primary,6623,71.0,57.6,2.32,1,7.45,0,0.011477768,Low risk...
RJ000697,Kota,Rural,10,15,Female,Low,No formal,6100,69.9,61.5,6.21,1,6.83,0,0.08342998,Low risk...
RJ000698,Ajmer,Rural,9,10,Male,Middle,Primary,34533,81.0,71.7,5.39,1,5.29,0,0.00904566,Low risk...
RJ000699,Jodhpur,Rural,7,17,Female,Low,No formal,7291,73.4,34.2,3.02,1,3.97,1,0.9795399,High risk...
RJ000700,Udaipur,Rural,4,7,Female,Middle,Higher Secondary,18274,87.4,69.4,1.77,0,4.14,0,0.0103903925,Low risk...
RJ000701,Udaipur,Urban,3,15,Female,Low,Secondary,4657,75.6,48.5,1.66,1,5.55,0,0.08728867,Low risk...
RJ000702,Jaipur,Rural,10,11,Male,Lower-Middle,Secondary,12352,77.5,66.4,5.15,1,3.58,0,0.059281867,Low risk...
RJ000703,Kota,Rural,4,17,Female,Low,Primary,6853,74.9,58.1,1.25,1,6.9,0,0.03480753,Low risk...
RJ000704,Jaipur,Rural,3,17,Female,Lower-Middle,Secondary,10839,86.2,80.6,6.57,1,2.95,1,0.8380813,High risk...
RJ000705,Jaipur,Rural,12,12,Male,Middle,Secondary,29306,84.4,70.3,4.69,0,3.93,0,0.050713528,Low risk...
RJ000706,Bhilwara,Rural,3,7,Male,Low,Secondary,6621,77.8,60.8,4.18,1,7.2,0,0.07023824,Low risk...
RJ000707,Kota,Rural,12,7,Male,Lower-Middle,Graduate+,12055,77.1,76.3,6.94,1,6.68,1,0.84624904,High risk...
RJ000708,Sikar,Rural,9,15,Female,Upper-Middle,Graduate+,49842,83.2,69.9,0.1,0,5.76,0,0.007703914,Low risk...
RJ000709,Jodhpur,Rural,4,17,Male,Lower-Middle,Graduate+,16098,75.1,63.6,0.1,1,3.63,0,0.030401759,Low risk...
RJ000710,Alwar,Rural,9,15,Female,Middle,Secondary,21756,90.2,75.3,8.14,1,6.92,1,0.19632018,Low risk...
RJ000711,Sikar,Rural,12,6,Male,Upper-Middle,Graduate+,56423,84.9,86.3,3.61,0,7.9,1,0.042632896,Low risk...
RJ000712,Ajmer,Rural,10,9,Female,High,Primary,56670,88.6,75.6,2.72,0,6.39,0,0.0048069507,Low risk...
RJ000713,Udaipur,Urban,5,12,Male,Upper-Middle,Higher Secondary,34171,90.7,79.4,1.98,0,6.81,1,0.82341623,High risk...
RJ000714,Bikaner,Urban,7,14,Male,Low,Higher Secondary,8189,74.7,87.2,0.61,1,9.58,1,0.93633705,High risk...
RJ000715,Kota,Rural,5,8,Female,High,Higher Secondary,95073,95.0,71.5,4.95,0,7.16,0,0.057654,Low risk...
RJ000716,Bhilwara,Urban,1,17,Male,Middle,Higher Secondary,28583,93.3,70.3,1.05,0,6.75,0,0.024833228,Low risk...
RJ000717,Sikar,Urban,2,16,Male,Middle,Primary,23346,92.0,72.0,1.75,1,5.89,0,0.007609632,Low risk...
RJ000718,Bhilwara,Rural,11,12,Male,Low,No formal,4974,68.6,66.8,3.09,1,6.48,1,0.8801617,High risk...
RJ000719,Jaipur,Urban,5,12,Female,High,Primary,77275,95.9,65.6,1.77,0,6.32,0,0.014617861,Low risk...
RJ000720,Alwar,Rural,6,12,Female,Middle,Secondary,27972,84.3,82.6,7.33,1,5.62,0,0.028684571,Low risk...
RJ000721,Bhilwara,Rural,7,7,Female,Middle,No formal,28602,84.6,52.7,6.67,1,6.49,0,0.5057351,Moderate risk..
RJ000722,Jodhpur,Rural,2,11,Male,Low,Primary,4912,72.2,58.0,5.86,1,2.25,1,0.9395099,High risk...
RJ000723,Jaipur,Urban,10,7,Male,Low,Secondary,6071,66.4,59.2,0.1,1,7.43,1,0.8828896,High risk...
RJ000724,Alwar,Urban,9,11,Female,High,Secondary,87738,90.9,65.5,0.71,0,7.39,0,0.00062889786,Low risk...
RJ000725,Ajmer,Rural,6,18,Female,Lower-Middle,Graduate+,16464,76.6,63.5,0.9,1,5.91,0,0.0064133275,Low risk...
RJ000726,Barmer,Rural,2,15,Male,Lower-Middle,Secondary,13015,84.3,75.0,0.43,0,4.16,0,0.0146319205,Low risk...
RJ000727,Jaipur,Rural,2,8,Male,Middle,Secondary,27660,86.7,81.6,5.18,1,3.47,0,0.35464618,Low risk...
RJ000728,Sikar,Urban,3,7,Male,Low,Secondary,7414,75.9,46.6,0.71,1,6.57,1,0.8884859,High risk...
RJ000729,Jodhpur,Rural,1,17,Female,Lower-Middle,Higher Secondary,11919,86.1,73.5,7.28,1,4.16,1,0.98630464,High risk...
RJ000730,Jodhpur,Urban,9,11,Male,Lower-Middle,Primary,11624,73.5,58.8,1.53,1,7.44,0,0.040387906,Low risk...
RJ000731,Jodhpur,Rural,10,7,Female,Low,No formal,6682,69.3,55.9,7.15,1,2.89,1,0.9306959,High risk...
RJ000732,Sikar,Rural,11,10,Male,Low,Graduate+,7490,71.5,62.9,3.61,1,5.37,0,0.067857064,Low risk...
RJ000733,Alwar,Rural,4,7,Male,Low,Secondary,6878,75.4,52.9,6.31,1,5.72,0,0.13913846,Low risk...
RJ000734,Udaipur,Rural,5,8,Male,Low,Secondary,4982,77.3,76.7,1.0,1,3.86,0,0.011701879,Low risk...
RJ000735,Kota,Rural,7,8,Male,Lower-Middle,Primary,11741,81.6,73.8,3.82,1,8.37,0,0.019636426,Low risk...
RJ000736,Barmer,Rural,1,11,Male,Upper-Middle,Primary,47647,92.3,70.1,0.1,0,2.96,0,0.009589324,Low risk...
RJ000737,Bikaner,Rural,3,11,Male,Lower-Middle,Secondary,12799,81.9,63.2,4.09,0,9.15,0,0.015090711,Low risk...
RJ000738,Sikar,Rural,3,15,Male,Low,No formal,5626,76.0,54.2,7.67,1,4.04,1,0.8885288,High risk...
RJ000739,Bikaner,Rural,2,8,Male,Low,Primary,6394,71.1,37.6,4.21,1,6.14,0,0.02517962,Low risk...
RJ000740,Kota,Rural,8,8,Male,Middle,Primary,29277,84.0,68.8,6.17,1,6.92,0,0.39491248,Low risk...
RJ000741,Bikaner,Rural,5,18,Female,High,Primary,82206,93.7,78.1,4.82,0,6.62,0,0.07259114,Low risk...
RJ000742,Kota,Rural,1,17,Male,Low,Secondary,6096,77.4,65.5,2.29,1,7.8,0,0.016963515,Low risk...
RJ000743,Alwar,Rural,12,18,Female,Low,Graduate+,7567,67.7,62.4,3.44,1,5.67,1,0.029399963,Low risk...
RJ000744,Udaipur,Urban,2,6,Male,Lower-Middle,Secondary,14757,77.7,65.7,2.17,1,5.59,0,0.58305645,Moderate risk..
RJ000745,Jodhpur,Rural,1,12,Male,Middle,Higher Secondary,24892,87.3,66.0,6.15,0,2.68,0,0.48082647,Moderate risk..
RJ000746,Barmer,Urban,6,18,Male,Lower-Middle,Secondary,16767,85.4,65.2,1.61,1,6.06,0,0.016299916,Low risk...
RJ000747,Bikaner,Rural,9,13,Male,Lower-Middle,Secondary,8958,75.5,62.0,0.1,1,7.28,1,0.8798268,High risk...
RJ000748,Udaipur,Rural,11,7,Male,Middle,No formal,23205,86.5,71.0,4.62,0,5.21,0,0.01376424,Low risk...
RJ000749,Barmer,Rural,7,9,Male,High,No formal,58063,96.8,82.6,2.25,0,4.89,0,0.0026455112,Low risk...
RJ000750,Ajmer,Rural,5,15,Female,Low,Secondary,7726,74.1,60.6,3.47,1,5.38,0,0.017316705,Low risk...
RJ000751,Jaipur,Rural,12,12,Male,High,Primary,98315,87.5,59.7,0.1,0,5.57,0,0.001003383,Low risk...
RJ000752,Bhilwara,Urban,3,13,Male,Lower-Middle,Secondary,14143,82.5,67.8,0.19,1,7.49,0,0.026695544,Low risk...
RJ000753,Ajmer,Rural,12,6,Male,Middle,Primary,21253,83.1,81.6,3.71,0,4.61,1,0.8611968,High risk...
RJ000754,Kota,Rural,12,9,Female,Lower-Middle,Higher Secondary,14345,73.9,57.1,4.16,1,6.24,0,0.048673235,Low risk...
RJ000755,Jaipur,Rural,8,11,Female,Lower-Middle,Graduate+,11385,76.5,75.5,1.5,0,5.22,0,0.17331666,Low risk...
RJ000756,Sikar,Urban,10,8,Male,Middle,No formal,32700,84.9,75.1,1.42,0,8.59,0,0.0006061525,Low risk...
RJ000757,Ajmer,Rural,4,10,Male,Lower-Middle,Primary,10076,83.3,62.7,4.37,1,6.53,0,0.037306707,Low risk...
RJ000758,Udaipur,Rural,9,15,Female,Low,Secondary,5115,71.0,55.0,2.16,1,4.52,1,0.80443525,High risk...
RJ000759,Barmer,Rural,5,14,Male,Lower-Middle,Primary,16469,79.8,68.1,3.35,1,5.08,0,0.17402843,Low risk...
RJ000760,Sikar,Rural,6,16,Female,Lower-Middle,Primary,12743,81.5,67.3,8.16,1,4.95,1,0.8462689,High risk...
RJ000761,Jodhpur,Rural,5,18,Female,Low,Higher Secondary,6075,73.5,70.1,0.1,1,4.86,1,0.8405994,High risk...
RJ000762,Kota,Rural,10,8,Male,Upper-Middle,Graduate+,42580,86.6,91.0,4.55,0,6.09,0,0.008107987,Low risk...
RJ000763,Jodhpur,Rural,12,10,Male,Low,Secondary,7691,68.2,60.3,1.64,1,2.81,1,0.120782316,Low risk...
RJ000764,Alwar,Rural,11,13,Female,Lower-Middle,Primary,11363,74.7,50.9,8.01,0,4.94,0,0.06182043,Low risk...
RJ000765,Jaipur,Rural,7,11,Male,Low,Primary,5696,81.0,64.7,3.46,1,5.5,0,0.016654136,Low risk...
RJ000766,Udaipur,Urban,7,9,Male,Lower-Middle,Primary,9436,78.4,64.6,1.42,0,4.96,0,0.035055514,Low risk...
RJ000767,Sikar,Rural,1,13,Female,Low,Primary,6387,80.1,73.8,3.35,1,5.03,0,0.063611686,Low risk...
RJ000768,Barmer,Urban,2,16,Male,Lower-Middle,Primary,16159,86.6,66.0,2.35,1,6.48,0,0.12171763,Low risk...
RJ000769,Kota,Urban,7,8,Male,Low,No formal,8222,72.4,53.7,3.2,1,9.77,0,0.04008087,Low risk...
RJ000770,Sikar,Urban,8,8,Male,Low,Higher Secondary,8381,73.6,53.6,0.35,1,8.16,1,0.8806999,High risk...
RJ000771,Jaipur,Urban,4,9,Female,Middle,Secondary,25779,86.8,74.5,0.16,1,3.99,0,0.09590564,Low risk...
RJ000772,Barmer,Rural,6,14,Male,Lower-Middle,Secondary,14910,74.7,89.6,7.92,0,4.6,0,0.012032572,Low risk...
RJ000773,Jaipur,Rural,11,10,Female,Low,Graduate+,6521,66.3,60.5,0.1,1,3.84,0,0.029415926,Low risk...
RJ000774,Bikaner,Urban,12,13,Female,Low,Primary,6501,70.6,61.6,1.72,1,9.09,1,0.5228059,Moderate risk..
RJ000775,Sikar,Rural,10,11,Male,Upper-Middle,No formal,56897,86.2,60.8,2.55,1,6.28,0,0.05719026,Low risk...
RJ000776,Jaipur,Rural,3,8,Male,Low,Higher Secondary,7709,80.7,58.6,2.08,1,4.43,0,0.35312825,Low risk...
RJ000777,Jodhpur,Rural,7,13,Male,Upper-Middle,Graduate+,32123,88.3,79.0,3.48,0,4.12,0,0.023638528,Low risk...
RJ000778,Alwar,Rural,11,17,Female,Lower-Middle,Secondary,16319,82.9,68.0,3.0,1,6.51,0,0.096672185,Low risk...
RJ000779,Alwar,Rural,3,14,Female,Low,No formal,7657,73.6,38.6,7.17,1,6.33,0,0.045887813,Low risk...
RJ000780,Ajmer,Urban,11,13,Female,Middle,Secondary,30119,88.7,84.1,1.36,0,7.39,1,0.8500112,High risk...
RJ000781,Alwar,Urban,7,18,Male,Upper-Middle,No formal,58339,90.5,71.1,0.12,0,6.33,0,0.03103631,Low risk...
RJ000782,Udaipur,Urban,12,9,Female,Lower-Middle,Primary,12913,78.2,63.1,1.34,1,6.19,0,0.012864583,Low risk...
RJ000783,Jodhpur,Rural,11,18,Male,Lower-Middle,Primary,14895,75.5,57.5,4.78,1,5.3,1,0.7991804,High risk...
RJ000784,Kota,Rural,12,16,Female,Lower-Middle,Higher Secondary,13429,78.2,70.6,6.42,0,6.86,1,0.8865069,High risk...
RJ000785,Jodhpur,Urban,11,11,Female,Upper-Middle,Primary,48602,92.1,74.5,1.31,0,5.73,0,0.031863138,Low risk...
RJ000786,Barmer,Urban,8,6,Male,Middle,Higher Secondary,21203,84.1,74.1,2.45,0,7.76,0,0.0091091385,Low risk...
RJ000787,Ajmer,Urban,3,9,Male,Low,Primary,7759,74.0,68.5,0.6,1,6.9,0,0.058622647,Low risk...
RJ000788,Bikaner,Rural,2,13,Female,Low,Primary,7912,74.8,70.8,2.15,1,7.18,0,0.6943894,Moderate risk..
RJ000789,Bikaner,Rural,12,6,Female,Low,Graduate+,8279,75.4,83.8,7.42,0,8.73,0,0.039634828,Low risk...
RJ000790,Bhilwara,Rural,6,8,Male,Low,No formal,4706,76.1,52.5,6.11,1,6.68,0,0.040174056,Low risk...
RJ000791,Jodhpur,Urban,4,6,Male,Low,Secondary,5425,78.8,60.7,1.84,1,3.9,0,0.033295404,Low risk...
RJ000792,Ajmer,Rural,8,14,Female,Middle,Primary,29495,85.4,69.7,4.7,0,4.22,0,0.01822901,Low risk...
RJ000793,Udaipur,Urban,2,7,Male,Low,Secondary,7792,75.6,57.1,0.99,1,6.61,0,0.3186648,Low risk...
RJ000794,Ajmer,Rural,4,14,Male,Lower-Middle,No formal,14711,81.8,57.6,3.57,1,5.52,0,0.08514056,Low risk...
RJ000795,Jaipur,Urban,2,18,Male,Lower-Middle,Primary,12227,84.7,70.2,0.1,1,5.18,0,0.035083573,Low risk...
RJ000796,Barmer,Rural,2,9,Male,Low,Secondary,7249,74.8,70.1,0.1,1,5.76,0,0.059932478,Low risk...
RJ000797,Bhilwara,Rural,2,7,Female,Low,Primary,4503,79.6,73.6,1.93,0,7.32,0,0.014665873,Low risk...
RJ000798,Udaipur,Rural,1,9,Other,Low,No formal,6983,77.1,58.2,3.28,1,3.75,1,0.7958452,High risk...
RJ000799,Alwar,Rural,4,17,Female,Low,Secondary,4234,67.3,62.1,2.28,1,6.2,0,0.0064371354,Low risk...
RJ000800,Bhilwara,Rural,2,16,Male,Middle,Primary,18332,90.2,71.7,1.43,0,6.77,0,0.010616244,Low risk...
RJ000801,Alwar,Urban,9,16,Female,Middle,No formal,30753,80.2,61.8,0.52,1,7.35,0,0.01991398,Low risk...
RJ000802,Jodhpur,Rural,9,15,Male,Low,Secondary,6206,74.6,56.2,3.69,1,3.3,0,0.15388113,Low risk...
RJ000803,Ajmer,Rural,11,11,Male,Lower-Middle,Higher Secondary,8900,79.7,60.7,10.5,1,3.94,1,0.9674644,High risk...
RJ000804,Ajmer,Rural,11,16,Female,Low,No formal,6224,72.0,62.0,4.67,1,4.13,0,0.06740726,Low risk...
RJ000805,Bikaner,Rural,7,12,Male,Lower-Middle,Secondary,8927,80.6,59.7,7.12,0,7.24,0,0.07961677,Low risk...
RJ000806,Alwar,Rural,6,8,Other,Lower-Middle,Secondary,11307,82.8,53.5,3.38,1,4.71,0,0.038567707,Low risk...
RJ000807,Bhilwara,Rural,12,8,Male,Lower-Middle,No formal,9722,75.0,58.2,2.01,1,6.53,1,0.08355789,Low risk...
RJ000808,Bhilwara,Urban,3,17,Female,Low,No formal,5121,77.4,71.6,1.31,1,8.5,0,0.08126027,Low risk...
RJ000809,Bikaner,Rural,12,15,Male,Low,Primary,5022,74.0,37.6,7.89,1,7.19,0,0.0031264294,Low risk...
RJ000810,Jaipur,Urban,7,17,Male,Middle,Secondary,24006,90.3,69.9,1.08,1,3.56,0,0.012610074,Low risk...
RJ000811,Bhilwara,Rural,1,13,Male,Upper-Middle,No formal,34899,88.7,72.1,5.34,0,4.63,0,0.03283491,Low risk...
RJ000812,Sikar,Rural,9,10,Female,Upper-Middle,Higher Secondary,48124,89.2,59.3,4.77,0,5.81,0,0.05630498,Low risk...
RJ000813,Jaipur,Urban,4,9,Female,Low,Secondary,5910,71.6,59.3,1.79,0,5.25,0,0.059030898,Low risk...
RJ000814,Bhilwara,Rural,6,12,Female,Middle,Primary,32198,82.5,56.0,3.86,1,5.78,0,0.00797906,Low risk...
RJ000815,Barmer,Rural,6,12,Female,Middle,Primary,31954,86.6,59.5,1.0,1,5.13,0,0.010382625,Low risk...
RJ000816,Udaipur,Rural,11,18,Female,Upper-Middle,Graduate+,57465,87.2,71.6,3.97,0,4.41,0,0.011697176,Low risk...
RJ000817,Ajmer,Urban,3,14,Male,Low,No formal,6172,78.4,51.6,0.1,0,6.2,0,0.042866465,Low risk...
RJ000818,Bikaner,Rural,4,14,Male,Middle,Primary,22589,85.5,57.2,4.89,1,9.22,0,0.0039710323,Low risk...
RJ000819,Jaipur,Rural,11,10,Female,Low,Secondary,5945,70.6,59.9,4.55,1,4.88,0,0.053426284,Low risk...
RJ000820,Kota,Rural,10,18,Female,Lower-Middle,No formal,14174,78.1,78.2,6.18,1,6.97,0,0.019528866,Low risk...
RJ000821,Sikar,Rural,3,17,Female,Lower-Middle,No formal,12850,78.4,66.6,4.58,0,5.03,0,0.0238583,Low risk...
RJ000822,Jaipur,Urban,6,18,Male,Middle,No formal,28425,83.3,71.6,1.8,1,3.65,1,0.88091415,High risk...
RJ000823,Kota,Rural,1,13,Male,Upper-Middle,Primary,53352,95.3,79.2,6.21,0,8.6,0,0.002768242,Low risk...
RJ000824,Bikaner,Rural,8,15,Female,Lower-Middle,No formal,16114,76.9,54.1,4.41,1,7.51,0,0.07287662,Low risk...
RJ000825,Udaipur,Rural,8,6,Female,Lower-Middle,Higher Secondary,16329,82.0,72.1,3.29,1,4.8,0,0.18215023,Low risk...
RJ000826,Barmer,Urban,9,14,Male,Low,Graduate+,7730,73.8,75.6,1.15,1,4.06,0,0.0017845051,Low risk...
RJ000827,Kota,Rural,6,13,Female,Lower-Middle,No formal,8947,74.9,65.1,3.89,1,8.15,0,0.043245368,Low risk...
RJ000828,Kota,Rural,1,11,Female,Lower-Middle,Primary,16626,83.6,67.3,3.16,0,6.86,0,0.035818618,Low risk...
RJ000829,Alwar,Rural,3,18,Male,Low,No formal,7155,76.6,63.6,4.47,1,5.94,0,0.09168355,Low risk...
RJ000830,Bikaner,Rural,1,8,Female,Upper-Middle,No formal,53342,93.3,89.2,4.5,0,7.79,1,0.8165828,High risk...
RJ000831,Jodhpur,Rural,5,8,Female,Low,Primary,4297,73.6,66.5,0.69,0,4.07,0,0.028179685,Low risk...
RJ000832,Bikaner,Rural,3,13,Female,Lower-Middle,Primary,12427,78.2,60.0,5.0,0,6.57,0,0.16639279,Low risk...
RJ000833,Jaipur,Urban,2,10,Female,Upper-Middle,Graduate+,51235,95.5,79.2,0.1,0,5.51,0,0.0011835322,Low risk...
RJ000834,Jodhpur,Rural,3,15,Female,Upper-Middle,Primary,40273,90.7,61.6,1.06,0,3.26,0,0.0019037013,Low risk...
RJ000835,Udaipur,Rural,9,16,Male,Middle,Primary,18957,81.3,83.2,2.49,1,5.03,0,0.0015617626,Low risk...
RJ000836,Bikaner,Rural,11,12,Male,Low,No formal,6436,72.4,69.8,12.34,1,6.54,1,0.9291556,High risk...
RJ000837,Barmer,Urban,8,10,Male,Middle,No formal,25310,82.3,63.5,0.49,1,6.22,0,0.024333054,Low risk...
RJ000838,Kota,Rural,3,13,Male,Low,Higher Secondary,4385,72.2,81.2,7.86,1,6.63,0,0.25527018,Low risk...
RJ000839,Ajmer,Urban,11,15,Male,Upper-Middle,No formal,47862,85.9,70.1,1.32,0,6.66,0,0.04828889,Low risk...
RJ000840,Ajmer,Urban,2,15,Male,Middle,Graduate+,19385,85.5,70.4,1.77,0,5.47,0,0.0033541417,Low risk...
RJ000841,Jaipur,Rural,5,9,Male,Middle,No formal,24930,83.3,70.7,3.61,0,2.8,0,0.028316613,Low risk...
RJ000842,Alwar,Rural,12,7,Male,Low,Secondary,5336,72.9,64.9,5.28,1,7.66,1,0.13098654,Low risk...
RJ000843,Jodhpur,Urban,12,8,Female,Lower-Middle,Graduate+,16552,76.2,74.9,1.25,0,6.44,0,0.068001926,Low risk...
RJ000844,Bhilwara,Rural,12,13,Male,Middle,No formal,18108,86.3,54.3,4.56,1,7.52,0,0.0038872508,Low risk...
RJ000845,Jaipur,Rural,1,16,Female,Upper-Middle,Primary,49141,89.4,62.8,2.79,0,4.13,0,0.0035251079,Low risk...
RJ000846,Bikaner,Rural,4,18,Male,Low,Secondary,4838,69.3,71.5,0.1,1,7.57,0,0.49166343,Moderate risk..
RJ000847,Jaipur,Urban,8,12,Male,Upper-Middle,No formal,41558,88.9,80.4,0.24,1,5.02,1,0.8896227,High risk...
RJ000848,Bhilwara,Rural,1,18,Female,Low,Secondary,4972,81.6,78.3,0.1,1,7.91,0,0.010219197,Low risk...
RJ000849,Udaipur,Rural,5,7,Female,Lower-Middle,No formal,16759,81.6,80.2,10.45,1,3.15,0,0.14959103,Low risk...
RJ000850,Ajmer,Urban,12,11,Male,Middle,No formal,18066,92.1,73.4,2.21,0,8.09,0,0.038644522,Low risk...
RJ000851,Jaipur,Rural,4,14,Male,Low,No formal,6474,75.5,62.9,0.1,1,3.73,1,0.81378454,High risk...
RJ000852,Alwar,Rural,6,9,Male,Low,Higher Secondary,6754,74.2,57.6,8.01,1,6.16,0,0.0208715,Low risk...
RJ000853,Jodhpur,Urban,7,14,Male,Middle,No formal,31013,78.5,56.0,1.88,0,7.17,0,0.031603813,Low risk...
RJ000854,Barmer,Rural,9,7,Male,Lower-Middle,No formal,13658,79.3,45.2,1.89,1,5.19,1,0.7617474,High risk...
RJ000855,Jodhpur,Rural,1,7,Female,Low,Secondary,5172,76.5,61.3,0.1,1,3.28,1,0.8917948,High risk...
RJ000856,Jodhpur,Rural,11,14,Female,Middle,Primary,27966,81.8,48.2,1.41,0,5.31,1,0.8575805,High risk...
RJ000857,Jaipur,Rural,10,17,Female,Middle,Primary,34562,83.1,74.1,1.76,0,5.31,0,0.15813676,Low risk...
RJ000858,Udaipur,Rural,4,12,Male,Lower-Middle,No formal,15527,80.3,64.8,6.45,1,2.03,0,0.040259298,Low risk...
RJ000859,Udaipur,Rural,6,12,Male,Low,Secondary,6105,73.0,45.6,7.5,1,3.88,0,0.052490268,Low risk...
RJ000860,Jaipur,Rural,10,6,Male,Low,Secondary,6205,77.8,63.2,0.28,1,3.9,0,0.059765466,Low risk...
RJ000861,Sikar,Rural,7,18,Male,Middle,Primary,19826,83.9,81.7,4.81,0,5.15,0,0.009619677,Low risk...
RJ000862,Bikaner,Urban,7,16,Male,Lower-Middle,No formal,13187,79.5,60.2,2.11,1,7.52,0,0.040335193,Low risk...
RJ000863,Udaipur,Urban,8,11,Female,Middle,Secondary,22404,83.3,60.0,1.47,1,4.59,0,0.14680216,Low risk...
RJ000864,Bikaner,Rural,10,18,Male,Middle,Secondary,19392,85.9,55.3,10.49,0,5.42,0,0.050392363,Low risk...
RJ000865,Bikaner,Urban,8,12,Female,Lower-Middle,Primary,12383,79.0,49.0,0.1,1,9.72,0,0.042830296,Low risk...
RJ000866,Udaipur,Rural,8,16,Male,Low,No formal,4389,71.7,60.8,0.96,1,5.35,0,0.082545295,Low risk...
RJ000867,Jodhpur,Rural,8,11,Female,Upper-Middle,No formal,35284,82.7,59.6,6.18,0,5.45,0,0.0660188,Low risk...
RJ000868,Jodhpur,Rural,12,11,Female,Lower-Middle,Secondary,10240,77.2,61.5,6.54,1,4.06,0,0.03693867,Low risk...
RJ000869,Barmer,Rural,8,7,Female,Lower-Middle,Graduate+,16721,77.6,65.6,1.18,1,4.97,0,0.030185057,Low risk...
RJ000870,Bhilwara,Rural,6,11,Male,Upper-Middle,No formal,56967,89.3,66.0,8.42,1,8.22,0,0.008101803,Low risk...
RJ000871,Kota,Urban,9,9,Female,Upper-Middle,Primary,48565,84.5,56.5,1.58,0,8.64,0,0.02820122,Low risk...
RJ000872,Kota,Rural,3,14,Female,Lower-Middle,No formal,10354,85.3,67.2,9.02,0,6.42,0,0.041810963,Low risk...
RJ000873,Ajmer,Rural,6,17,Female,Low,Primary,6379,76.1,49.9,5.41,1,4.43,1,0.7890776,High risk...
RJ000874,Bikaner,Rural,5,6,Male,High,Primary,92344,97.3,67.9,7.81,0,7.44,0,0.01789529,Low risk...
RJ000875,Jaipur,Urban,8,18,Female,Middle,Graduate+,17580,87.9,83.3,1.83,0,4.4,0,0.02345773,Low risk...
RJ000876,Jodhpur,Urban,4,13,Male,Lower-Middle,No formal,16698,82.3,65.9,1.39,1,6.07,0,0.10633278,Low risk...
RJ000877,Alwar,Rural,4,10,Female,Lower-Middle,Secondary,13665,77.1,69.7,6.13,1,4.01,0,0.09945121,Low risk...
RJ000878,Ajmer,Rural,10,6,Female,Lower-Middle,Primary,16701,83.0,82.6,7.43,0,4.76,1,0.94909173,High risk...
RJ000879,Jaipur,Rural,11,9,Male,Upper-Middle,Higher Secondary,46276,84.2,70.4,3.9,0,4.02,0,0.035591587,Low risk...
RJ000880,Jodhpur,Rural,10,6,Male,Lower-Middle,Primary,13637,76.7,61.8,1.3,1,4.23,0,0.05987716,Low risk...
RJ000881,Jodhpur,Urban,5,11,Male,Middle,No formal,25576,88.1,64.2,0.71,0,4.86,0,0.023298835,Low risk...
RJ000882,Alwar,Rural,11,7,Female,Middle,Graduate+,17666,85.3,70.1,2.0,0,6.1,0,0.121092275,Low risk...
RJ000883,Jaipur,Rural,6,10,Male,Middle,No formal,32373,87.2,57.7,2.19,1,3.87,1,0.8903019,High risk...
RJ000884,Jaipur,Urban,11,12,Male,Middle,Secondary,25358,81.8,67.8,1.92,0,3.02,0,0.026430389,Low risk...
RJ000885,Sikar,Rural,4,7,Male,Upper-Middle,Higher Secondary,46334,88.7,76.5,5.87,0,5.87,0,0.00921475,Low risk...
RJ000886,Jodhpur,Rural,2,11,Female,Lower-Middle,No formal,11424,89.1,70.2,5.73,1,3.67,0,0.06670014,Low risk...
RJ000887,Ajmer,Rural,12,11,Male,Low,Secondary,6017,70.4,60.8,7.22,1,4.47,1,0.87778825,High risk...
RJ000888,Jodhpur,Rural,12,10,Female,Middle,Higher Secondary,30197,82.0,77.0,5.85,1,3.26,1,0.87662053,High risk...
RJ000889,Jaipur,Urban,2,10,Male,Lower-Middle,Graduate+,14285,79.4,70.4,1.44,0,4.11,0,0.027939258,Low risk...
RJ000890,Jodhpur,Rural,12,8,Female,Low,Secondary,7595,71.2,57.4,0.1,1,4.3,0,0.042133022,Low risk...
RJ000891,Alwar,Rural,3,15,Female,Low,Primary,8294,75.6,53.5,1.01,1,5.91,1,0.11889509,Low risk...
RJ000892,Barmer,Rural,2,15,Male,Low,Secondary,5843,75.5,50.9,1.9,1,4.85,0,0.06067321,Low risk...
RJ000893,Sikar,Rural,1,16,Male,Middle,Secondary,23432,89.1,83.1,0.1,0,6.36,0,0.013617178,Low risk...
RJ000894,Bikaner,Rural,8,17,Female,Middle,Secondary,26137,89.8,66.3,4.34,0,7.85,0,0.3203045,Low risk...
RJ000895,Alwar,Rural,12,7,Male,Low,Higher Secondary,4848,68.7,54.2,4.48,1,3.35,1,0.8756739,High risk...
RJ000896,Jodhpur,Rural,5,12,Male,Middle,No formal,30766,86.1,61.8,9.93,1,3.18,1,0.9066405,High risk...
RJ000897,Kota,Rural,10,6,Female,Low,No formal,6641,69.6,53.0,6.71,1,8.56,1,0.96938914,High risk...
RJ000898,Barmer,Rural,1,11,Female,Middle,Secondary,21198,88.9,84.4,2.48,0,3.43,0,0.26563698,Low risk...
RJ000899,Jaipur,Urban,9,11,Female,Lower-Middle,Graduate+,15658,76.3,65.7,0.75,1,2.38,1,0.92382216,High risk...
RJ000900,Jaipur,Urban,8,8,Male,Middle,Primary,28334,82.9,86.4,1.34,0,6.94,0,0.07336761,Low risk...
RJ000901,Jodhpur,Rural,4,7,Male,Lower-Middle,Graduate+,8686,76.1,68.7,4.43,1,4.39,1,0.88475835,High risk...
RJ000902,Jaipur,Urban,8,17,Male,Low,Graduate+,5025,72.8,82.6,1.23,1,4.43,1,0.47869724,Moderate risk..
RJ000903,Jodhpur,Urban,12,7,Female,Middle,Higher Secondary,33094,83.8,77.8,2.02,0,4.75,0,0.06310256,Low risk...
RJ000904,Ajmer,Rural,10,18,Female,Low,Higher Secondary,5800,77.1,69.5,3.4,1,5.63,0,0.10976732,Low risk...
RJ000905,Bikaner,Urban,7,14,Female,High,Higher Secondary,111124,93.4,89.1,1.93,0,9.24,0,0.007798045,Low risk...
RJ000906,Barmer,Urban,11,16,Male,Lower-Middle,Higher Secondary,12850,75.7,74.8,0.1,0,6.52,1,0.885153,High risk...
RJ000907,Sikar,Rural,11,10,Female,Lower-Middle,Secondary,10146,72.9,66.8,6.02,1,5.22,1,0.79491925,High risk...
RJ000908,Kota,Rural,7,12,Male,Lower-Middle,No formal,13389,75.3,77.2,7.1,1,6.09,0,0.05874335,Low risk...
RJ000909,Jodhpur,Rural,1,17,Male,Low,No formal,4630,72.1,52.8,5.53,1,4.06,0,0.020214211,Low risk...
RJ000910,Kota,Rural,6,10,Female,Lower-Middle,No formal,15183,85.1,56.6,2.69,0,8.44,0,0.12348924,Low risk...
RJ000911,Ajmer,Rural,4,12,Male,High,No formal,91159,94.4,64.7,2.01,0,4.46,0,0.004336006,Low risk...
RJ000912,Jodhpur,Rural,10,18,Female,Low,No formal,8249,69.8,69.4,2.78,1,4.7,0,0.059724573,Low risk...
RJ000913,Ajmer,Rural,10,9,Female,Middle,Higher Secondary,29577,80.6,80.4,3.34,1,4.59,0,0.12383239,Low risk...
RJ000914,Bikaner,Rural,10,13,Female,Lower-Middle,Secondary,8813,74.9,58.7,1.38,0,8.07,0,0.06624676,Low risk...
RJ000915,Udaipur,Rural,11,18,Female,Middle,Primary,25837,81.2,45.5,7.16,0,3.0,0,0.037271906,Low risk...
RJ000916,Bikaner,Rural,12,16,Female,Low,Secondary,6432,74.4,61.0,3.39,0,7.28,1,0.8240152,High risk...
RJ000917,Kota,Rural,2,15,Female,Lower-Middle,Primary,16101,81.4,56.3,6.29,1,7.83,0,0.06050248,Low risk...
RJ000918,Bhilwara,Urban,10,18,Male,High,No formal,80218,86.2,61.3,3.12,0,7.98,0,0.028598798,Low risk...
RJ000919,Sikar,Rural,7,16,Male,Low,Higher Secondary,6693,79.9,59.9,1.93,1,5.77,0,0.124805145,Low risk...
RJ000920,Jaipur,Urban,9,15,Female,Lower-Middle,Primary,9962,74.6,47.5,1.49,1,5.08,0,0.039382298,Low risk...
RJ000921,Barmer,Rural,5,12,Female,Lower-Middle,Secondary,10455,78.2,80.0,6.62,1,4.65,0,0.037429813,Low risk...
RJ000922,Udaipur,Rural,8,15,Female,Lower-Middle,Primary,13008,82.4,59.6,0.39,1,3.3,0,0.52074033,Moderate risk..
RJ000923,Barmer,Rural,5,10,Male,Lower-Middle,Primary,14255,81.2,75.6,4.91,1,5.69,0,0.23049614,Low risk...
RJ000924,Sikar,Urban,7,16,Male,Lower-Middle,Higher Secondary,12058,77.6,65.2,0.97,1,5.97,1,0.7498609,High risk...
RJ000925,Bikaner,Rural,7,11,Male,Low,No formal,6017,69.3,46.0,1.88,1,7.54,0,0.005906957,Low risk...
RJ000926,Jaipur,Urban,9,10,Female,Upper-Middle,Graduate+,39564,85.1,77.6,0.69,0,4.26,0,0.004623302,Low risk...
RJ000927,Jodhpur,Rural,3,12,Female,Middle,No formal,29717,84.3,61.0,0.1,0,4.03,0,0.026427751,Low risk...
RJ000928,Udaipur,Rural,1,17,Female,Low,Primary,4223,76.0,59.5,1.22,1,4.62,0,0.015977832,Low risk...
RJ000929,Ajmer,Urban,2,7,Male,Lower-Middle,Higher Secondary,12707,82.1,70.8,2.27,0,6.21,1,0.4070924,Moderate risk..
RJ000930,Jodhpur,Rural,12,10,Male,Middle,Graduate+,17562,82.1,65.3,4.09,0,1.02,0,0.04875441,Low risk...
RJ000931,Jaipur,Urban,6,15,Female,High,No formal,89234,92.4,56.0,1.19,0,3.77,1,0.91847956,High risk...
RJ000932,Sikar,Rural,10,8,Female,High,No formal,57731,87.3,65.5,3.47,0,3.25,0,0.0080516795,Low risk...
RJ000933,Bhilwara,Urban,10,14,Male,Upper-Middle,Secondary,61112,88.4,78.8,1.34,1,8.72,0,0.0059999432,Low risk...
RJ000934,Udaipur,Urban,12,18,Female,Low,No formal,6207,74.3,50.9,1.31,1,5.47,0,0.08317743,Low risk...
RJ000935,Jodhpur,Urban,9,11,Male,Upper-Middle,Primary,53047,87.5,69.3,1.15,0,5.24,0,0.0036191551,Low risk...
RJ000936,Kota,Urban,3,18,Female,Upper-Middle,Secondary,58388,90.5,84.3,1.22,0,8.25,0,0.005408685,Low risk...
RJ000937,Jaipur,Rural,10,15,Female,Lower-Middle,Secondary,10378,77.7,63.9,2.83,0,3.83,0,0.066371754,Low risk...
RJ000938,Barmer,Rural,2,8,Female,Lower-Middle,No formal,12936,84.9,65.1,2.33,1,3.25,0,0.013163046,Low risk...
RJ000939,Jaipur,Rural,11,12,Female,Lower-Middle,Primary,15653,74.3,60.6,0.83,1,4.57,0,0.014425653,Low risk...
RJ000940,Ajmer,Urban,1,9,Male,Middle,Graduate+,26911,92.4,72.5,1.73,0,6.57,0,0.016653815,Low risk...
RJ000941,Kota,Rural,2,8,Female,Low,Secondary,5850,76.8,56.1,2.18,1,6.43,0,0.042077426,Low risk...
RJ000942,Udaipur,Rural,3,13,Female,Low,Secondary,5749,75.1,55.1,8.8,1,3.56,0,0.060226098,Low risk...
RJ000943,Ajmer,Rural,7,18,Female,Low,Primary,5813,76.6,64.5,0.86,1,4.87,1,0.75568736,High risk...
RJ000944,Sikar,Rural,2,9,Female,Lower-Middle,No formal,13570,78.0,66.4,7.11,1,4.03,0,0.06292393,Low risk...
RJ000945,Jodhpur,Rural,5,16,Male,Low,Primary,4392,75.6,67.4,3.2,1,4.77,1,0.94983315,High risk...
RJ000946,Jaipur,Urban,2,6,Female,Middle,Primary,24769,88.8,65.9,1.81,0,6.08,0,0.034444224,Low risk...
RJ000947,Jaipur,Rural,7,11,Female,Low,Primary,6554,70.2,66.5,5.2,1,3.73,0,0.03270649,Low risk...
RJ000948,Barmer,Rural,10,15,Male,Upper-Middle,Primary,56271,88.9,71.4,0.1,0,5.64,1,0.04180613,Low risk...
RJ000949,Barmer,Rural,8,16,Female,Upper-Middle,Secondary,48195,89.3,72.1,1.6,0,7.35,0,0.009982349,Low risk...
RJ000950,Ajmer,Urban,8,16,Male,Upper-Middle,Secondary,60674,88.0,44.1,2.3,0,4.62,0,0.0045605036,Low risk...
RJ000951,Ajmer,Urban,8,6,Male,Middle,No formal,25266,87.1,59.2,1.01,0,6.55,0,0.0790611,Low risk...
RJ000952,Alwar,Rural,10,10,Male,Low,Secondary,6933,69.8,47.7,1.27,1,4.02,0,0.025421962,Low risk...
RJ000953,Jodhpur,Urban,9,12,Female,Lower-Middle,Secondary,8548,78.8,70.3,1.78,1,7.15,1,0.79363817,High risk...
RJ000954,Barmer,Urban,1,11,Female,Low,No formal,5201,75.6,59.6,0.14,1,6.44,0,0.07776169,Low risk...
RJ000955,Bikaner,Rural,12,7,Female,High,No formal,101666,87.7,57.5,0.1,0,6.57,0,0.0073411935,Low risk...
RJ000956,Bikaner,Rural,1,16,Female,Low,Secondary,6662,77.5,66.9,3.0,1,7.0,0,0.09421554,Low risk...
RJ000957,Udaipur,Rural,10,9,Male,Lower-Middle,Primary,16348,76.9,50.4,6.42,1,5.31,1,0.8161355,High risk...
RJ000958,Jaipur,Urban,2,16,Male,Middle,No formal,30675,83.1,55.0,1.87,0,5.56,1,0.86080754,High risk...
RJ000959,Jodhpur,Rural,11,7,Male,Upper-Middle,No formal,45664,81.6,56.8,3.31,0,4.67,1,0.88513035,High risk...
RJ000960,Alwar,Urban,6,16,Female,Middle,No formal,31127,87.9,70.6,0.66,1,8.35,0,0.02251379,Low risk...
RJ000961,Jaipur,Rural,1,6,Female,Middle,Graduate+,25686,84.3,84.3,3.96,0,4.57,1,0.8830428,High risk...
RJ000962,Ajmer,Rural,5,8,Male,Lower-Middle,Secondary,11173,80.8,61.8,5.25,0,6.12,1,0.7575421,High risk...
RJ000963,Jodhpur,Rural,5,8,Female,Lower-Middle,Primary,8796,80.2,74.3,0.61,0,3.97,1,0.8749229,High risk...
RJ000964,Bikaner,Rural,4,17,Female,Low,Graduate+,7836,73.4,66.9,3.27,1,5.01,0,0.055540334,Low risk...
RJ000965,Kota,Rural,11,12,Male,Upper-Middle,Secondary,44697,92.9,75.6,3.85,1,7.48,0,0.029308485,Low risk...
RJ000966,Kota,Urban,5,6,Female,Lower-Middle,Secondary,14155,80.5,65.8,1.07,0,8.21,0,0.08818129,Low risk...
RJ000967,Alwar,Urban,12,14,Female,Low,Primary,4843,72.8,57.7,0.99,1,7.65,1,0.2786368,Low risk...
RJ000968,Kota,Urban,1,16,Female,Upper-Middle,Secondary,57612,92.9,77.3,1.38,0,7.1,0,0.016864218,Low risk...
RJ000969,Udaipur,Urban,11,11,Male,Lower-Middle,No formal,15323,76.3,65.2,1.63,0,6.31,0,0.1343264,Low risk...
RJ000970,Udaipur,Rural,11,9,Female,Upper-Middle,Primary,46688,86.9,60.7,3.87,1,4.17,0,0.025160437,Low risk...
RJ000971,Alwar,Urban,6,8,Female,Upper-Middle,No formal,52673,93.9,68.3,1.0,0,7.21,1,0.86460465,High risk...
RJ000972,Bhilwara,Rural,7,8,Male,Middle,No formal,26625,88.3,79.8,0.75,1,7.77,0,0.0021002605,Low risk...
RJ000973,Alwar,Rural,8,7,Female,Low,No formal,6520,78.4,62.0,5.92,1,5.33,1,0.9129774,High risk...
RJ000974,Jodhpur,Rural,2,7,Male,Low,Primary,7933,76.2,63.6,1.16,1,3.76,0,0.10715857,Low risk...
RJ000975,Jaipur,Rural,7,17,Female,Upper-Middle,Higher Secondary,61958,86.4,81.6,8.85,0,4.75,1,0.94864565,High risk...
RJ000976,Jodhpur,Urban,6,18,Male,Upper-Middle,Primary,43076,88.2,64.5,1.32,0,6.19,1,0.81099665,High risk...
RJ000977,Ajmer,Rural,9,15,Female,Lower-Middle,Higher Secondary,11187,74.4,64.8,6.29,1,5.69,1,0.8978056,High risk...
RJ000978,Jaipur,Rural,8,10,Male,Lower-Middle,Secondary,10952,80.8,73.0,0.1,1,3.53,0,0.025405534,Low risk...
RJ000979,Udaipur,Urban,11,14,Male,Low,Primary,7437,69.2,67.0,0.66,1,5.59,1,0.94388044,High risk...
RJ000980,Ajmer,Rural,4,7,Male,High,No formal,96482,84.3,45.2,2.34,0,4.99,0,0.06320268,Low risk...
RJ000981,Kota,Rural,9,7,Male,Low,Graduate+,4384,79.4,64.2,0.1,1,5.63,1,0.89682156,High risk...
RJ000982,Sikar,Rural,1,17,Male,Low,No formal,4571,74.3,50.1,6.19,1,4.03,0,0.08216704,Low risk...
RJ000983,Jaipur,Rural,11,11,Female,Middle,Secondary,28809,81.3,65.8,3.93,1,3.49,1,0.99121714,High risk...
RJ000984,Jaipur,Rural,6,18,Male,Low,Secondary,5355,78.5,57.7,8.2,1,1.73,0,0.093763575,Low risk...
RJ000985,Alwar,Rural,8,15,Female,Upper-Middle,Primary,34385,84.9,71.9,3.5,0,5.25,0,0.039147735,Low risk...
RJ000986,Udaipur,Urban,11,7,Male,Low,No formal,5937,74.4,59.5,1.24,0,4.58,0,0.07223632,Low risk...
RJ000987,Alwar,Rural,11,17,Female,Low,Primary,7885,69.2,64.2,3.2,1,5.28,0,0.06642135,Low risk...
RJ000988,Bikaner,Rural,4,9,Female,Lower-Middle,Higher Secondary,11477,76.5,73.9,1.38,0,7.44,0,0.0763219,Low risk...
RJ000989,Jodhpur,Rural,2,11,Female,Lower-Middle,Higher Secondary,14243,86.6,77.8,2.78,0,2.24,0,0.45955634,Moderate risk..
RJ000990,Sikar,Rural,11,10,Female,Low,Graduate+,7982,73.8,64.1,0.39,1,5.74,0,0.055658974,Low risk...
RJ000991,Sikar,Rural,2,6,Male,Lower-Middle,Primary,9822,84.3,67.0,5.16,1,4.96,1,0.81912816,High risk...
RJ000992,Alwar,Rural,10,11,Male,Lower-Middle,Primary,13521,78.6,59.1,3.08,0,3.04,0,0.045450002,Low risk...
RJ000993,Kota,Rural,1,6,Male,Upper-Middle,No formal,60091,93.8,58.9,3.7,0,6.91,1,0.9113504,High risk...
RJ000994,Ajmer,Rural,5,8,Male,Low,Graduate+,5012,70.3,72.3,12.47,1,5.38,0,0.6916238,Moderate risk..
RJ000995,Kota,Urban,6,15,Female,High,Primary,111368,92.8,70.6,0.24,0,8.47,0,0.027652899,Low risk...
RJ000996,Jaipur,Rural,4,10,Male,Lower-Middle,Primary,11467,77.7,50.2,4.94,1,3.15,0,0.051398326,Low risk...
RJ000997,Barmer,Rural,4,15,Female,Low,Higher Secondary,5114,70.3,66.9,3.84,1,4.85,0,0.7901848,High risk...
RJ000998,Jaipur,Rural,5,18,Male,Low,Primary,7719,75.2,58.9,7.47,1,3.13,0,0.024312608,Low risk...
RJ000999,Bhilwara,Urban,5,10,Other,Lower-Middle,Secondary,12330,83.5,51.6,1.32,1,8.38,0,0.03682032,Low risk...
RJ001000,Bikaner,Rural,9,18,Female,Low,No formal,7017,70.8,45.0,3.19,1,5.94,1,0.8570321,High risk...
RJ001001,Jodhpur,Rural,8,15,Male,Low,Primary,6256,71.9,53.1,10.88,1,3.58,1,0.49382785,Moderate risk..
RJ001002,Udaipur,Rural,9,11,Male,Low,Higher Secondary,6903,68.6,63.2,1.42,1,5.86,0,0.028404571,Low risk...
RJ001003,Barmer,Urban,3,17,Female,Middle,Secondary,18119,87.0,76.5,1.87,0,6.37,0,0.009322529,Low risk...
RJ001004,Alwar,Rural,3,15,Other,Lower-Middle,Primary,11342,83.3,71.6,6.75,0,5.63,0,0.0573524,Low risk...
RJ001005,Sikar,Urban,1,13,Male,Low,No formal,6961,78.4,65.4,0.48,1,6.27,0,0.023714894,Low risk...
RJ001006,Ajmer,Rural,10,10,Male,Lower-Middle,Primary,11347,79.1,62.8,6.3,0,4.6,1,0.5243317,Moderate risk..
RJ001007,Alwar,Urban,6,16,Female,Middle,Secondary,31076,83.6,81.9,1.49,0,6.63,1,0.8580606,High risk...
RJ001008,Barmer,Urban,4,6,Female,Low,No formal,8236,72.5,62.6,1.82,1,7.07,0,0.0970209,Low risk...
RJ001009,Jodhpur,Urban,11,10,Male,Upper-Middle,Secondary,32678,89.4,73.4,1.89,0,6.79,0,0.032755993,Low risk...
RJ001010,Udaipur,Urban,8,8,Female,Lower-Middle,Primary,15585,80.9,68.7,2.04,0,5.02,0,0.009814024,Low risk...
RJ001011,Jodhpur,Urban,2,9,Female,High,Secondary,65468,94.0,71.2,0.1,1,5.57,0,0.004218802,Low risk...
RJ001012,Bhilwara,Rural,11,18,Female,Low,No formal,8053,69.7,54.9,2.83,1,6.92,0,0.054853547,Low risk...
RJ001013,Bhilwara,Rural,2,13,Female,High,Secondary,109020,98.0,60.1,3.96,0,7.91,0,0.020300198,Low risk...
RJ001014,Jaipur,Rural,7,12,Female,Lower-Middle,Primary,13181,77.9,59.2,6.66,0,4.08,1,0.03690244,Low risk...
RJ001015,Alwar,Rural,5,16,Male,Lower-Middle,Primary,12424,82.2,79.0,4.96,1,5.27,0,0.36828393,Low risk...
RJ001016,Bhilwara,Rural,1,10,Female,Lower-Middle,Graduate+,14771,81.6,72.6,5.61,1,8.16,0,0.09619637,Low risk...
RJ001017,Jodhpur,Rural,7,7,Male,Low,No formal,8056,69.9,56.3,5.05,1,4.61,0,0.10984209,Low risk...
RJ001018,Udaipur,Urban,7,11,Female,Upper-Middle,Primary,38822,93.8,79.9,1.73,0,4.71,0,0.069956295,Low risk...
RJ001019,Barmer,Urban,10,16,Male,Lower-Middle,Primary,11613,77.9,65.2,0.84,1,6.2,1,0.6899934,Moderate risk..
RJ001020,Jaipur,Rural,6,11,Female,Low,Primary,5954,71.4,52.1,4.49,0,3.44,0,0.05324398,Low risk...
RJ001021,Alwar,Rural,4,15,Male,Low,Secondary,7752,70.3,60.4,4.09,0,4.37,1,0.8008757,High risk...
RJ001022,Kota,Urban,12,15,Female,Low,No formal,4775,66.6,44.4,0.58,0,8.65,0,0.09606554,Low risk...
RJ001023,Bhilwara,Urban,8,16,Male,Lower-Middle,Secondary,13634,77.4,65.9,0.63,1,9.79,0,0.024682049,Low risk...
RJ001024,Bhilwara,Urban,12,11,Female,Lower-Middle,Secondary,11348,82.3,60.7,1.25,1,9.75,0,0.012559193,Low risk...
RJ001025,Bhilwara,Rural,11,14,Female,Lower-Middle,Secondary,15838,75.2,70.5,7.62,1,8.07,1,0.92994833,High risk...
RJ001026,Udaipur,Urban,2,16,Female,Low,No formal,5627,79.8,57.3,1.41,1,6.26,0,0.030648889,Low risk...
RJ001027,Barmer,Rural,2,13,Female,Lower-Middle,Primary,16615,81.1,57.7,5.05,1,4.9,0,0.030559007,Low risk...
RJ001028,Barmer,Rural,2,13,Male,Lower-Middle,Secondary,8531,78.0,63.9,7.28,1,4.09,0,0.02278796,Low risk...
RJ001029,Kota,Rural,3,6,Female,Low,No formal,5206,73.6,60.6,8.51,1,7.94,1,0.8227393,High risk...
RJ001030,Sikar,Urban,6,10,Female,Low,Secondary,6121,69.7,50.2,0.87,0,5.27,1,0.91300106,High risk...
RJ001031,Jaipur,Urban,1,12,Female,Low,No formal,5277,73.4,53.4,1.35,1,4.44,0,0.027784092,Low risk...
RJ001032,Ajmer,Rural,11,11,Female,Upper-Middle,Primary,54728,84.3,67.0,3.43,0,6.1,0,0.010714314,Low risk...
RJ001033,Jodhpur,Rural,2,10,Female,Middle,Higher Secondary,31755,81.8,80.2,8.77,0,3.6,0,0.092310645,Low risk...
RJ001034,Jaipur,Rural,10,13,Male,High,Secondary,95060,95.0,54.8,0.1,0,4.25,0,0.012436616,Low risk...
RJ001035,Jaipur,Rural,2,8,Female,Low,Secondary,8276,76.1,68.6,0.86,1,3.25,0,0.07620059,Low risk...
RJ001036,Alwar,Rural,12,11,Female,Upper-Middle,Higher Secondary,45865,84.4,68.0,8.3,1,5.91,0,0.037023336,Low risk...
RJ001037,Kota,Rural,1,10,Female,Lower-Middle,Secondary,16630,82.7,63.7,2.59,1,5.83,1,0.07711629,Low risk...
RJ001038,Alwar,Rural,3,13,Female,Lower-Middle,Primary,9447,78.5,57.3,0.1,1,6.63,0,0.027496308,Low risk...
RJ001039,Jaipur,Rural,10,9,Male,Low,Graduate+,7753,63.5,57.7,8.54,1,2.5,1,0.92379516,High risk...
RJ001040,Kota,Urban,7,13,Male,Middle,Secondary,18173,93.9,79.3,0.17,1,7.51,0,0.012188787,Low risk...
RJ001041,Udaipur,Urban,1,15,Male,Upper-Middle,Secondary,48255,92.6,69.3,1.47,0,6.7,0,0.02318779,Low risk...
RJ001042,Sikar,Urban,7,7,Male,Low,Primary,6235,71.2,71.6,1.41,0,6.91,0,0.04216195,Low risk...
RJ001043,Kota,Urban,5,14,Female,Low,Higher Secondary,7796,68.2,66.3,0.1,1,8.57,1,0.74326515,High risk...
RJ001044,Ajmer,Rural,9,18,Female,Middle,Primary,29763,79.5,64.9,4.6,1,6.57,0,0.019669527,Low risk...
RJ001045,Barmer,Urban,2,14,Male,High,No formal,80699,99.0,71.6,2.04,0,6.93,0,0.012785823,Low risk...
RJ001046,Ajmer,Rural,1,15,Male,Middle,No formal,33174,92.5,78.5,4.82,1,4.55,0,0.011302142,Low risk...
RJ001047,Jodhpur,Rural,9,15,Female,Low,No formal,7921,74.3,68.8,9.41,1,3.96,1,0.9244639,High risk...
RJ001048,Jaipur,Urban,8,18,Female,Lower-Middle,Primary,8608,75.2,51.4,0.37,1,6.19,0,0.113799915,Low risk...
RJ001049,Barmer,Rural,10,11,Female,Lower-Middle,Higher Secondary,15717,82.0,64.0,8.88,1,3.73,0,0.18028001,Low risk...
RJ001050,Jaipur,Urban,6,9,Female,Upper-Middle,Secondary,48087,90.8,77.6,2.38,0,6.56,0,0.004759207,Low risk...
RJ001051,Barmer,Urban,5,9,Female,Middle,No formal,32182,88.0,73.8,1.23,0,5.75,0,0.0036331879,Low risk...
RJ001052,Udaipur,Rural,8,18,Male,Lower-Middle,Secondary,9923,79.8,63.5,0.1,0,3.11,0,0.008626201,Low risk...
RJ001053,Bhilwara,Rural,8,11,Male,Low,Primary,4835,68.0,50.5,5.91,1,8.24,1,0.93772894,High risk...
RJ001054,Sikar,Rural,5,10,Male,Upper-Middle,Primary,54249,86.4,68.1,5.45,0,6.15,0,0.014835411,Low risk...
RJ001055,Bhilwara,Urban,12,11,Male,Middle,Primary,22319,81.0,76.0,1.91,0,6.88,0,0.037486143,Low risk...
RJ001056,Kota,Rural,7,12,Female,High,Higher Secondary,87295,93.9,77.1,9.69,0,7.26,0,0.7295402,High risk...
RJ001057,Sikar,Urban,1,12,Female,Lower-Middle,Primary,14186,77.9,52.2,1.6,0,5.81,0,0.0397535,Low risk...
RJ001058,Bikaner,Urban,4,14,Male,Middle,No formal,28182,86.0,66.0,1.2,0,9.56,0,0.020306667,Low risk...
RJ001059,Udaipur,Rural,2,13,Male,Middle,Primary,29732,87.0,74.1,6.35,0,5.7,0,0.015004618,Low risk...
RJ001060,Ajmer,Urban,10,18,Male,Low,Secondary,6806,73.9,61.5,0.36,1,7.04,0,0.029368043,Low risk...
RJ001061,Barmer,Rural,3,11,Female,High,Secondary,77231,96.0,85.7,4.23,0,3.94,0,0.01358785,Low risk...
RJ001062,Bhilwara,Rural,12,17,Female,Low,No formal,4580,67.5,60.9,8.02,1,8.04,0,0.010899829,Low risk...
RJ001063,Sikar,Rural,1,11,Male,Middle,No formal,32469,92.3,68.4,5.5,0,5.36,0,0.07666021,Low risk...
RJ001064,Bikaner,Urban,11,10,Male,High,Secondary,103376,86.5,70.2,0.86,0,8.69,0,0.0010018068,Low risk...
RJ001065,Bikaner,Rural,11,6,Female,Low,Secondary,4224,74.3,47.8,2.95,1,6.78,0,0.0016622997,Low risk...
RJ001066,Alwar,Rural,2,14,Female,Lower-Middle,Primary,15463,79.8,73.2,7.8,0,5.47,0,0.018016407,Low risk...
RJ001067,Jodhpur,Rural,1,14,Male,Lower-Middle,Higher Secondary,9668,82.5,67.3,0.34,1,4.02,0,0.045397446,Low risk...
RJ001068,Jaipur,Urban,8,14,Female,Middle,Graduate+,23325,85.2,70.4,1.74,0,2.71,1,0.75687265,High risk...
RJ001069,Kota,Rural,4,16,Female,Upper-Middle,No formal,44520,91.1,63.8,10.58,0,7.4,0,0.002401956,Low risk...
RJ001070,Kota,Rural,3,13,Male,Lower-Middle,Secondary,14109,83.0,71.5,5.63,1,7.23,0,0.06421033,Low risk...
RJ001071,Kota,Urban,1,18,Male,Middle,No formal,19117,89.2,58.0,1.87,0,9.22,0,0.039462894,Low risk...
RJ001072,Jodhpur,Urban,2,15,Male,Low,Secondary,7672,77.9,56.9,2.05,1,3.59,0,0.0590999,Low risk...
RJ001073,Jaipur,Rural,3,18,Female,Low,Primary,8160,76.4,61.0,2.56,1,4.12,0,0.043761943,Low risk...
RJ001074,Jaipur,Rural,3,8,Female,Lower-Middle,No formal,16403,77.2,54.8,2.05,1,3.64,0,0.08086952,Low risk...
RJ001075,Bhilwara,Rural,6,6,Female,Middle,Secondary,19107,86.3,72.5,4.35,0,7.65,0,0.035550747,Low risk...
RJ001076,Bikaner,Urban,10,16,Female,Low,Higher Secondary,8061,69.8,57.6,0.85,1,7.14,0,0.032669548,Low risk...
RJ001077,Bikaner,Rural,8,17,Female,Middle,No formal,27437,81.2,75.0,8.83,0,6.03,0,0.012396797,Low risk...
RJ001078,Alwar,Rural,6,17,Female,Lower-Middle,No formal,14506,78.6,66.2,0.1,1,3.49,1,0.86676306,High risk...
RJ001079,Jodhpur,Rural,2,13,Female,Middle,Primary,33785,88.0,73.8,0.1,0,4.24,0,0.0010994431,Low risk...
RJ001080,Bhilwara,Urban,2,12,Male,Low,Secondary,6976,76.2,58.9,0.35,1,8.31,0,0.093391195,Low risk...
RJ001081,Sikar,Rural,7,18,Female,Middle,Secondary,25493,88.2,90.2,4.17,0,5.27,0,0.011333633,Low risk...
RJ001082,Jaipur,Urban,1,10,Female,Lower-Middle,Primary,12811,85.9,63.6,2.78,0,3.72,0,0.0054354845,Low risk...
RJ001083,Bikaner,Rural,1,15,Female,Upper-Middle,Secondary,53062,93.0,68.1,5.5,0,6.06,0,0.14030392,Low risk...
RJ001084,Barmer,Rural,7,12,Male,Middle,Secondary,34032,86.6,75.6,3.44,0,2.2,0,0.02166195,Low risk...
RJ001085,Bhilwara,Rural,9,15,Female,Middle,Primary,33072,84.3,67.7,9.93,1,5.81,0,0.046364553,Low risk...
RJ001086,Bikaner,Rural,5,9,Female,Upper-Middle,Secondary,49678,92.3,66.8,5.48,0,6.62,0,0.07566957,Low risk...
RJ001087,Ajmer,Rural,11,14,Male,Middle,Primary,21193,84.5,83.9,2.66,0,4.4,0,0.012728058,Low risk...
RJ001088,Jodhpur,Urban,1,16,Female,Low,Higher Secondary,5656,75.8,73.7,1.71,1,5.53,1,0.9049543,High risk...
RJ001089,Bhilwara,Rural,5,15,Male,Upper-Middle,No formal,42897,96.5,71.4,3.57,0,7.91,1,0.8557917,High risk...
RJ001090,Jodhpur,Urban,11,7,Female,Middle,Primary,22561,81.4,83.6,1.32,0,4.91,1,0.8968181,High risk...
RJ001091,Bhilwara,Urban,1,14,Female,Lower-Middle,No formal,14673,86.4,71.8,0.1,0,9.14,1,0.8447383,High risk...
RJ001092,Ajmer,Rural,10,14,Female,Middle,Higher Secondary,32130,79.4,67.9,4.37,0,5.78,0,0.010923425,Low risk...
RJ001093,Ajmer,Rural,12,10,Male,Upper-Middle,Primary,41575,88.9,87.2,0.49,0,6.15,0,0.59839594,Moderate risk..
RJ001094,Udaipur,Rural,9,16,Male,High,Primary,103383,95.3,78.1,5.22,0,4.47,0,0.013282247,Low risk...
RJ001095,Jodhpur,Rural,4,6,Female,High,Graduate+,97128,87.8,80.1,8.32,0,4.17,0,0.27121276,Low risk...
RJ001096,Jodhpur,Rural,9,12,Male,Low,Graduate+,6053,72.4,62.8,7.18,1,3.01,0,0.15935059,Low risk...
RJ001097,Jodhpur,Urban,2,15,Male,Lower-Middle,Graduate+,14269,83.6,73.1,1.64,1,5.87,0,0.08590656,Low risk...
RJ001098,Jodhpur,Urban,7,15,Male,Low,No formal,7431,73.8,54.5,1.46,1,5.22,0,0.2547793,Low risk...
RJ001099,Sikar,Rural,12,9,Female,Low,Higher Secondary,6556,71.6,74.9,8.28,1,6.79,1,0.8886138,High risk...
RJ001100,Kota,Urban,2,14,Female,Upper-Middle,Primary,45458,91.9,57.9,0.89,0,8.96,0,0.011719037,Low risk...
RJ001101,Jaipur,Rural,12,11,Male,Lower-Middle,No formal,9254,73.2,68.3,5.11,1,3.45,0,0.24897505,Low risk...
RJ001102,Bhilwara,Rural,4,18,Female,Lower-Middle,Primary,8412,87.6,61.1,2.29,1,8.57,0,0.106963485,Low risk...
RJ001103,Barmer,Rural,6,8,Female,Middle,Primary,33902,84.0,65.5,7.94,1,4.21,0,0.087182395,Low risk...
RJ001104,Bhilwara,Rural,2,11,Female,Middle,No formal,22181,88.8,64.4,0.84,0,7.15,0,0.021230625,Low risk...
RJ001105,Bhilwara,Urban,2,18,Male,Low,Primary,6985,73.6,55.6,1.79,1,10.0,1,0.8401659,High risk...
RJ001106,Jodhpur,Rural,2,15,Female,Low,Higher Secondary,8162,68.7,67.1,5.85,1,4.36,0,0.077588454,Low risk...
RJ001107,Bikaner,Urban,3,11,Male,Lower-Middle,Primary,15274,78.2,62.5,0.1,1,9.89,0,0.0033305646,Low risk...
RJ001108,Alwar,Rural,5,10,Male,Lower-Middle,Primary,9430,75.7,55.7,8.08,1,6.86,0,0.011919109,Low risk...
RJ001109,Alwar,Urban,9,7,Male,High,Primary,100907,94.3,73.4,0.83,0,6.31,0,0.0040835487,Low risk...
RJ001110,Jodhpur,Rural,6,15,Female,Middle,Graduate+,30212,83.7,67.2,5.05,0,5.0,0,0.042058382,Low risk...
RJ001111,Sikar,Rural,12,15,Male,Lower-Middle,No formal,11167,75.0,54.2,7.15,1,5.08,0,0.08279625,Low risk...
RJ001112,Jodhpur,Rural,9,7,Female,Upper-Middle,Primary,53222,84.8,54.5,0.1,0,6.13,0,0.12556484,Low risk...
RJ001113,Jodhpur,Rural,10,12,Male,Low,Primary,7669,71.8,55.1,1.36,1,5.54,0,0.11601548,Low risk...
RJ001114,Udaipur,Rural,5,7,Male,Middle,Higher Secondary,22600,83.9,74.7,0.14,1,4.72,0,0.014083118,Low risk...
RJ001115,Ajmer,Rural,11,17,Male,Low,No formal,7850,74.0,58.2,0.1,1,6.04,0,0.0732161,Low risk...
RJ001116,Ajmer,Rural,6,11,Male,Middle,Primary,18879,86.4,82.0,6.53,0,4.3,0,0.00343111,Low risk...
RJ001117,Jaipur,Rural,10,10,Female,Lower-Middle,Primary,12831,75.8,82.0,8.29,0,5.33,0,0.63180894,Moderate risk..
RJ001118,Barmer,Rural,12,9,Male,Low,Higher Secondary,5180,73.1,60.5,5.67,1,3.79,1,0.14263904,Low risk...
RJ001119,Jodhpur,Rural,8,12,Male,Low,No formal,7258,72.5,50.3,5.14,1,4.5,1,0.85551685,High risk...
RJ001120,Jaipur,Rural,3,13,Male,Lower-Middle,Secondary,9869,81.1,75.7,4.25,1,2.9,0,0.015994716,Low risk...
RJ001121,Barmer,Urban,2,9,Male,Middle,No formal,23475,83.1,66.0,0.29,0,7.06,0,0.07146029,Low risk...
RJ001122,Bhilwara,Rural,3,6,Male,Low,Graduate+,4735,74.8,76.5,9.09,1,8.9,0,0.003036566,Low risk...
RJ001123,Barmer,Rural,9,6,Female,Middle,Secondary,31709,85.0,72.2,8.65,0,5.15,0,0.0069233244,Low risk...
RJ001124,Sikar,Rural,6,6,Female,Middle,Secondary,19815,89.5,70.1,2.24,1,5.73,0,0.0069549507,Low risk...
RJ001125,Ajmer,Rural,10,16,Female,Middle,Primary,30155,81.2,62.8,7.33,0,4.89,0,0.031949762,Low risk...
RJ001126,Udaipur,Rural,12,6,Female,Middle,Primary,29877,89.3,72.6,7.69,0,4.08,1,0.8557921,High risk...
RJ001127,Jaipur,Rural,4,10,Female,Low,No formal,4798,76.2,57.5,5.95,1,3.28,1,0.91999227,High risk...
RJ001128,Bikaner,Rural,10,9,Female,Lower-Middle,Secondary,13155,72.9,71.5,5.16,1,8.9,0,0.0692276,Low risk...
RJ001129,Kota,Rural,3,18,Male,Upper-Middle,Graduate+,47152,88.5,65.2,5.06,0,8.17,1,0.02991655,Low risk...
RJ001130,Jodhpur,Rural,2,14,Male,Lower-Middle,Primary,13394,85.8,76.8,0.1,0,3.75,0,0.020074269,Low risk...
RJ001131,Alwar,Rural,4,8,Male,Lower-Middle,Higher Secondary,16273,84.2,55.9,0.1,1,5.42,0,0.048816748,Low risk...
RJ001132,Udaipur,Rural,9,12,Male,Middle,No formal,18909,84.1,65.1,6.35,0,6.89,0,0.039298113,Low risk...
RJ001133,Jaipur,Urban,4,16,Male,Low,Graduate+,7646,74.9,64.8,3.08,0,5.38,0,0.103639625,Low risk...
RJ001134,Jodhpur,Rural,12,13,Female,Middle,Primary,32587,79.0,50.9,0.1,1,5.55,0,0.07141934,Low risk...
RJ001135,Alwar,Rural,5,11,Male,Upper-Middle,Primary,35478,94.0,55.5,0.1,1,4.78,1,0.38998562,Low risk...
RJ001136,Jaipur,Rural,8,17,Other,Low,Primary,6956,69.5,48.5,2.57,1,4.09,0,0.16243346,Low risk...
RJ001137,Barmer,Rural,2,18,Male,Upper-Middle,Secondary,53617,94.0,74.8,5.12,1,4.07,0,0.0066292323,Low risk...
RJ001138,Udaipur,Rural,12,15,Male,Low,Secondary,6504,74.6,57.9,5.36,1,3.44,0,0.15846378,Low risk...
RJ001139,Udaipur,Rural,11,18,Female,Lower-Middle,Primary,12625,77.1,53.5,6.55,1,4.77,0,0.06719097,Low risk...
RJ001140,Ajmer,Rural,3,6,Female,Upper-Middle,Primary,41511,93.9,82.8,2.83,0,4.1,0,0.038201716,Low risk...
RJ001141,Sikar,Rural,6,13,Male,Middle,No formal,29559,91.0,58.2,4.32,0,4.22,0,0.025769262,Low risk...
RJ001142,Kota,Rural,12,15,Female,Upper-Middle,Primary,40495,87.3,73.4,6.54,0,8.06,0,0.005743566,Low risk...
RJ001143,Alwar,Rural,7,8,Female,Upper-Middle,Primary,45991,88.5,61.6,5.39,0,4.87,0,0.09145472,Low risk...
RJ001144,Udaipur,Rural,4,13,Male,Lower-Middle,Secondary,15602,80.3,57.2,2.25,0,3.7,0,0.06778547,Low risk...
RJ001145,Jodhpur,Rural,1,17,Male,Middle,Secondary,19067,85.8,64.6,4.9,0,2.29,0,0.21414623,Low risk...
RJ001146,Barmer,Rural,7,9,Female,Lower-Middle,Secondary,12838,76.7,69.0,0.1,1,3.43,1,0.8300269,High risk...
RJ001147,Sikar,Rural,12,13,Female,Lower-Middle,Secondary,12483,77.8,53.7,4.0,1,5.63,0,0.06257294,Low risk...
RJ001148,Ajmer,Urban,9,16,Male,Lower-Middle,No formal,11579,77.5,62.3,1.07,0,6.27,1,0.12608364,Low risk...
RJ001149,Barmer,Rural,1,6,Male,Middle,Secondary,27957,89.0,63.7,8.56,1,5.6,0,0.012502315,Low risk...
RJ001150,Barmer,Rural,1,8,Male,Lower-Middle,No formal,8531,77.5,53.8,1.07,1,3.8,0,0.039989628,Low risk...
RJ001151,Alwar,Rural,1,11,Female,Middle,Secondary,26118,87.7,73.8,4.35,1,5.19,1,0.85369015,High risk...
RJ001152,Sikar,Urban,10,14,Male,Middle,No formal,26000,86.6,82.8,0.73,1,6.96,0,0.011434686,Low risk...
RJ001153,Alwar,Rural,7,7,Female,Low,Secondary,6368,69.6,52.5,2.33,1,5.16,0,0.07373406,Low risk...
RJ001154,Alwar,Urban,11,16,Female,Lower-Middle,Primary,10184,77.0,67.6,1.17,1,7.46,0,0.108520254,Low risk...
RJ001155,Ajmer,Rural,9,6,Male,Lower-Middle,Primary,10144,72.4,56.5,2.75,1,3.91,1,0.9096309,High risk...
RJ001156,Alwar,Rural,3,15,Male,Lower-Middle,Secondary,13837,77.1,60.5,9.56,1,5.87,1,0.44443324,Moderate risk..
RJ001157,Jodhpur,Rural,8,8,Female,Middle,No formal,19123,86.9,74.2,0.1,0,5.23,0,0.00913976,Low risk...
RJ001158,Barmer,Rural,9,9,Female,Lower-Middle,No formal,10970,77.1,53.0,5.89,1,3.87,0,0.48132637,Moderate risk..
RJ001159,Barmer,Rural,3,16,Male,Upper-Middle,Secondary,57671,96.5,66.7,3.75,0,5.1,0,0.005149495,Low risk...
RJ001160,Jaipur,Urban,12,10,Male,Middle,Higher Secondary,19316,83.8,74.4,1.69,1,5.47,0,0.009330636,Low risk...
RJ001161,Sikar,Rural,12,8,Female,Lower-Middle,Primary,12332,78.1,75.2,4.91,1,6.0,1,0.123868406,Low risk...
RJ001162,Jaipur,Rural,3,18,Female,Middle,Primary,29201,83.8,71.9,6.99,1,3.61,0,0.05333211,Low risk...
RJ001163,Kota,Rural,1,15,Male,Low,Primary,4795,74.8,49.2,4.8,1,8.79,0,0.11542463,Low risk...
RJ001164,Alwar,Rural,2,16,Female,Low,Secondary,5512,73.3,57.1,7.0,1,7.47,0,0.06929478,Low risk...
RJ001165,Jodhpur,Rural,7,7,Female,Low,Primary,6547,69.8,65.3,4.14,1,4.72,0,0.04544868,Low risk...
RJ001166,Sikar,Rural,3,7,Male,Lower-Middle,Higher Secondary,11149,83.0,82.8,0.9,1,5.73,0,0.055300225,Low risk...
RJ001167,Sikar,Rural,7,12,Male,Low,Primary,4662,75.6,62.8,3.73,1,5.43,0,0.019471573,Low risk...
RJ001168,Udaipur,Rural,5,14,Male,High,No formal,69015,94.2,65.4,7.46,0,2.66,0,0.0010954327,Low risk...
RJ001169,Jaipur,Rural,10,15,Female,Lower-Middle,No formal,9319,75.0,71.7,2.77,1,2.18,0,0.010962498,Low risk...
RJ001170,Kota,Urban,8,7,Female,Middle,Primary,34712,85.5,66.3,0.61,1,7.72,0,0.000875157,Low risk...
RJ001171,Ajmer,Rural,5,12,Female,Low,Secondary,5190,68.3,54.1,5.86,1,5.27,1,0.9023845,High risk...
RJ001172,Bhilwara,Rural,3,12,Male,Low,No formal,6428,79.0,54.7,5.01,1,6.96,0,0.07473017,Low risk...
RJ001173,Ajmer,Urban,9,16,Male,Low,Graduate+,6000,68.1,53.8,1.29,1,8.03,0,0.043555982,Low risk...
RJ001174,Jodhpur,Urban,7,12,Female,Middle,Primary,27466,81.6,87.2,0.88,0,3.09,0,0.10965601,Low risk...
RJ001175,Ajmer,Urban,5,8,Male,Lower-Middle,Primary,12584,80.3,75.1,0.81,1,6.54,0,0.19571559,Low risk...
RJ001176,Udaipur,Rural,7,17,Male,Lower-Middle,No formal,14508,79.6,56.0,4.02,0,4.41,0,0.0331215,Low risk...
RJ001177,Sikar,Rural,11,12,Female,Lower-Middle,Higher Secondary,15733,76.8,80.3,5.94,0,6.31,0,0.012641366,Low risk...
RJ001178,Jaipur,Rural,10,6,Male,Middle,Secondary,22493,80.2,70.4,2.78,0,3.76,0,0.036049593,Low risk...
RJ001179,Sikar,Urban,9,15,Male,Low,No formal,4971,75.4,62.5,1.64,1,7.28,0,0.05162953,Low risk...
RJ001180,Udaipur,Rural,5,6,Male,Middle,Graduate+,34726,80.9,65.3,2.4,0,4.15,0,0.014572893,Low risk...
RJ001181,Bhilwara,Urban,7,10,Male,Lower-Middle,Primary,15675,74.6,56.2,2.75,1,9.09,0,0.053976994,Low risk...
RJ001182,Kota,Urban,11,7,Female,Middle,Secondary,23869,82.7,67.3,0.2,1,8.85,0,0.017267609,Low risk...
RJ001183,Ajmer,Rural,9,14,Male,Low,Higher Secondary,7958,68.2,45.6,1.43,1,7.12,0,0.009655254,Low risk...
RJ001184,Bhilwara,Rural,1,12,Male,Lower-Middle,Secondary,14033,85.7,65.5,0.32,1,7.73,0,0.00068927644,Low risk...
RJ001185,Jaipur,Rural,4,9,Female,Low,Higher Secondary,6037,71.0,63.0,6.93,1,3.81,1,0.19568881,Low risk...
RJ001186,Bhilwara,Rural,1,9,Male,High,Higher Secondary,104912,99.0,90.3,4.77,0,6.41,0,0.013787665,Low risk...
RJ001187,Alwar,Urban,8,7,Female,Lower-Middle,Graduate+,14072,81.6,66.5,0.93,0,6.52,0,0.05133854,Low risk...
RJ001188,Jaipur,Rural,3,10,Male,High,No formal,102281,97.7,78.6,2.04,0,5.12,0,0.0070570256,Low risk...
RJ001189,Kota,Urban,2,9,Male,Lower-Middle,Primary,11909,87.2,51.4,0.57,1,6.39,1,0.79296374,High risk...
RJ001190,Alwar,Urban,4,17,Male,Low,Secondary,7555,74.7,72.2,1.42,1,6.92,0,0.03535854,Low risk...
RJ001191,Jaipur,Rural,11,18,Male,Lower-Middle,Secondary,11482,74.0,55.2,4.91,1,3.59,1,0.09756964,Low risk...
RJ001192,Ajmer,Rural,3,6,Female,Low,Primary,7287,74.7,61.5,0.26,1,5.5,0,0.087484136,Low risk...
RJ001193,Kota,Urban,11,17,Female,Upper-Middle,No formal,45219,85.3,67.9,1.42,0,9.14,0,0.05974957,Low risk...
RJ001194,Ajmer,Urban,5,13,Male,Middle,Higher Secondary,24591,83.9,72.4,1.79,0,8.02,0,0.035534713,Low risk...
RJ001195,Jaipur,Rural,8,8,Male,Middle,Graduate+,31441,85.0,72.6,2.45,1,3.71,0,0.03232143,Low risk...
RJ001196,Barmer,Rural,10,11,Male,Lower-Middle,Primary,9450,76.6,51.6,3.71,0,4.63,0,0.102797106,Low risk...
RJ001197,Bhilwara,Urban,8,9,Male,Lower-Middle,No formal,16197,76.2,52.1,0.1,1,9.6,0,0.008036616,Low risk...
RJ001198,Bhilwara,Rural,11,14,Male,High,No formal,84486,89.3,75.1,5.77,0,8.68,0,0.00010255086,Low risk...
RJ001199,Alwar,Urban,7,12,Female,Low,No formal,6872,74.6,53.5,0.83,1,7.55,0,0.045805983,Low risk...
RJ001200,Jaipur,Rural,8,14,Female,Middle,Secondary,24592,87.4,69.6,0.1,0,4.62,0,0.026475048,Low risk...
RJ001201,Alwar,Urban,5,15,Male,Lower-Middle,Higher Secondary,13825,75.2,53.6,1.9,1,6.64,1,0.40165088,Moderate risk..
RJ001202,Jaipur,Rural,10,8,Female,High,No formal,95752,89.6,74.1,2.07,0,3.74,0,0.0025806625,Low risk...
RJ001203,Jaipur,Urban,10,6,Female,Middle,Secondary,32698,83.1,57.3,1.65,0,6.6,1,0.8961551,High risk...
RJ001204,Kota,Rural,11,10,Male,High,Secondary,103845,86.5,77.2,4.81,0,7.9,0,0.0004503216,Low risk...
RJ001205,Udaipur,Rural,12,8,Female,Lower-Middle,Primary,11406,76.1,52.8,2.99,0,3.74,1,0.8818045,High risk...
RJ001206,Sikar,Rural,11,11,Female,Low,Secondary,6787,71.4,69.0,5.09,1,5.44,0,0.12542917,Low risk...
RJ001207,Alwar,Urban,6,13,Male,Lower-Middle,Secondary,14957,81.1,66.7,0.79,1,7.9,0,0.013591455,Low risk...
RJ001208,Bikaner,Rural,8,16,Female,Middle,Higher Secondary,30885,84.7,66.7,1.71,1,8.39,0,0.06056986,Low risk...
RJ001209,Kota,Rural,1,18,Male,Middle,Primary,33091,85.4,79.6,3.45,0,6.53,0,0.0022395977,Low risk...
RJ001210,Bhilwara,Rural,6,9,Male,Low,Secondary,7694,79.5,65.1,3.54,1,7.51,0,0.034145348,Low risk...
RJ001211,Bikaner,Rural,6,10,Female,Lower-Middle,Primary,14430,82.0,61.9,6.87,0,7.26,1,0.88385755,High risk...
RJ001212,Bikaner,Rural,11,10,Male,Low,No formal,7345,72.7,64.4,2.6,1,7.2,0,0.10869441,Low risk...
RJ001213,Jodhpur,Rural,5,9,Male,Upper-Middle,No formal,56934,93.0,57.5,2.47,0,5.42,1,0.8558159,High risk...
RJ001214,Sikar,Rural,4,9,Male,Low,Primary,7719,75.2,40.5,0.94,1,5.17,0,0.042495098,Low risk...
RJ001215,Alwar,Rural,1,9,Female,Middle,No formal,23672,91.9,77.9,1.27,1,4.78,0,0.002130786,Low risk...
RJ001216,Jodhpur,Urban,11,9,Female,Low,Primary,7484,71.2,51.6,1.24,1,4.78,1,0.9053894,High risk...
RJ001217,Jaipur,Urban,10,9,Female,Lower-Middle,Secondary,16373,77.5,71.4,2.19,0,4.94,0,0.026589138,Low risk...
RJ001218,Alwar,Rural,11,10,Female,Upper-Middle,Secondary,38838,88.9,71.7,8.78,0,4.63,0,0.024964165,Low risk...
RJ001219,Ajmer,Rural,8,7,Male,Low,No formal,4403,77.2,50.5,6.07,0,4.13,1,0.9437974,High risk...
RJ001220,Kota,Rural,6,7,Male,Low,Primary,4504,78.0,67.3,7.83,1,6.48,0,0.022315286,Low risk...
RJ001221,Bhilwara,Rural,3,14,Female,Low,Secondary,5110,76.8,60.8,1.15,1,6.32,1,0.013516493,Low risk...
RJ001222,Jodhpur,Rural,12,7,Female,Lower-Middle,Primary,16126,78.0,53.8,0.1,1,3.33,1,0.9261052,High risk...
RJ001223,Bikaner,Rural,3,11,Male,Lower-Middle,Primary,9465,83.1,57.0,4.95,1,7.66,0,0.032715403,Low risk...
RJ001224,Bhilwara,Rural,12,7,Male,Low,Secondary,7340,73.5,48.2,9.56,1,5.19,0,0.050005972,Low risk...
RJ001225,Bikaner,Rural,6,10,Female,Middle,No formal,32673,89.4,70.4,2.54,0,6.56,0,0.0358906,Low risk...
RJ001226,Ajmer,Rural,12,9,Female,Low,Primary,7886,69.8,50.0,4.31,1,4.9,0,0.07061719,Low risk...
RJ001227,Bikaner,Rural,7,17,Female,Upper-Middle,No formal,44628,93.0,69.0,0.1,0,8.41,0,0.031721026,Low risk...
RJ001228,Kota,Rural,8,12,Male,Middle,No formal,26167,85.5,63.3,4.08,1,7.13,0,0.013925028,Low risk...
RJ001229,Bhilwara,Rural,5,12,Other,High,Graduate+,74102,95.0,72.0,3.63,0,7.0,0,0.03884027,Low risk...
RJ001230,Bikaner,Rural,10,18,Female,Upper-Middle,Primary,36141,91.6,58.4,0.1,0,7.18,0,0.017904796,Low risk...
RJ001231,Barmer,Rural,6,11,Female,Lower-Middle,Primary,10182,81.7,84.9,0.89,1,2.87,0,0.04625477,Low risk...
RJ001232,Jodhpur,Rural,12,15,Female,Lower-Middle,Secondary,9532,79.2,65.1,0.65,1,4.75,1,0.86751807,High risk...
RJ001233,Jodhpur,Urban,1,10,Female,Middle,No formal,24632,86.8,80.2,1.52,0,6.21,0,0.034987986,Low risk...
RJ001234,Jaipur,Urban,6,6,Female,Low,No formal,4915,78.0,69.6,1.55,1,5.93,0,0.014116009,Low risk...
RJ001235,Ajmer,Rural,9,17,Female,Low,Higher Secondary,5894,74.1,62.3,5.53,1,7.51,0,0.12772451,Low risk...
RJ001236,Kota,Rural,10,8,Female,Low,Higher Secondary,7775,71.9,65.0,2.1,1,6.07,1,0.82684135,High risk...
RJ001237,Barmer,Urban,4,14,Female,Lower-Middle,Primary,13898,83.8,67.1,2.36,1,4.71,1,0.85627085,High risk...
RJ001238,Udaipur,Rural,10,6,Male,Lower-Middle,Primary,13967,85.3,81.5,2.91,1,4.68,0,0.08874771,Low risk...
RJ001239,Bhilwara,Urban,1,10,Female,Low,Secondary,7610,72.5,68.1,0.1,1,8.31,0,0.0356386,Low risk...
RJ001240,Jodhpur,Urban,11,7,Female,Low,Primary,4373,68.6,50.3,1.22,1,4.61,0,0.06780293,Low risk...
RJ001241,Barmer,Rural,9,9,Female,Middle,No formal,31404,92.1,71.6,8.6,0,4.41,0,0.0026701244,Low risk...
RJ001242,Sikar,Rural,4,16,Male,Low,Primary,5025,75.8,67.5,1.85,1,4.79,0,0.0803407,Low risk...
RJ001243,Sikar,Urban,2,6,Female,High,Primary,75372,95.1,63.3,1.59,0,8.64,0,0.006380314,Low risk...
RJ001244,Barmer,Rural,1,8,Male,Low,No formal,5494,75.7,62.9,1.16,1,6.96,0,0.019004062,Low risk...
RJ001245,Sikar,Urban,3,15,Female,Middle,Primary,19349,90.6,80.7,1.04,1,5.28,0,0.0019295877,Low risk...
RJ001246,Ajmer,Rural,7,12,Female,Lower-Middle,Secondary,9859,86.8,63.2,0.88,1,3.52,1,0.8299683,High risk...
RJ001247,Jaipur,Urban,11,15,Male,Low,Primary,8217,69.0,51.2,2.97,1,4.35,0,0.054734822,Low risk...
RJ001248,Jaipur,Urban,10,8,Female,Lower-Middle,No formal,13442,77.2,69.1,1.74,1,4.42,0,0.06361741,Low risk...
RJ001249,Bhilwara,Rural,2,9,Male,Lower-Middle,Primary,12381,80.4,61.0,0.41,0,6.38,0,0.076228,Low risk...
RJ001250,Ajmer,Rural,9,7,Male,Upper-Middle,Secondary,55371,90.2,64.3,5.79,0,4.81,0,0.007302128,Low risk...
RJ001251,Sikar,Urban,12,8,Female,Middle,No formal,31740,86.2,72.3,1.18,1,6.47,0,0.017776027,Low risk...
RJ001252,Udaipur,Rural,11,14,Male,Low,No formal,4663,75.9,63.7,10.99,1,2.62,1,0.9265748,High risk...
RJ001253,Jaipur,Urban,2,8,Male,Low,Primary,7312,77.8,63.0,0.1,1,4.09,0,0.031213632,Low risk...
RJ001254,Jaipur,Rural,5,16,Male,Low,No formal,8116,81.6,71.5,0.1,1,5.16,0,0.029606557,Low risk...
RJ001255,Alwar,Urban,8,10,Male,Low,Graduate+,6659,70.8,74.5,0.56,1,6.5,0,0.0114223985,Low risk...
RJ001256,Bikaner,Rural,12,7,Female,Lower-Middle,Secondary,13559,74.0,61.7,0.73,1,6.86,0,0.38442603,Low risk...
RJ001257,Jodhpur,Rural,10,9,Male,High,Primary,104743,94.9,88.3,5.56,0,2.57,0,0.00397854,Low risk...
RJ001258,Udaipur,Rural,8,17,Female,Lower-Middle,Secondary,14108,78.9,78.0,9.4,1,3.51,0,0.030914206,Low risk...
RJ001259,Jaipur,Rural,3,18,Male,Middle,Primary,34917,82.9,49.5,7.47,0,4.57,0,0.021642223,Low risk...
RJ001260,Ajmer,Rural,2,12,Male,Middle,No formal,22447,86.6,57.2,4.7,0,5.59,0,0.03522439,Low risk...
RJ001261,Jodhpur,Rural,9,12,Male,Middle,No formal,32296,84.8,46.3,4.03,1,4.91,0,0.031914838,Low risk...
RJ001262,Sikar,Urban,3,17,Female,Low,Secondary,6772,73.1,59.3,0.84,1,5.71,0,0.0022231382,Low risk...
RJ001263,Kota,Rural,8,8,Female,Middle,No formal,23900,81.5,52.7,5.17,0,6.15,1,0.8206892,High risk...
RJ001264,Bikaner,Rural,2,10,Female,Upper-Middle,Primary,59316,90.9,63.6,3.37,0,8.4,0,0.0039242716,Low risk...
RJ001265,Jaipur,Rural,3,6,Female,Low,No formal,8384,71.8,65.3,4.57,1,4.44,0,0.075251095,Low risk...
RJ001266,Jaipur,Rural,1,15,Male,Low,No formal,4443,77.9,46.2,1.78,1,3.35,0,0.06329492,Low risk...
RJ001267,Bikaner,Urban,11,15,Female,High,Secondary,107829,84.2,69.6,1.66,0,9.62,1,0.8466034,High risk...
RJ001268,Udaipur,Rural,6,15,Female,Middle,Higher Secondary,21054,85.8,72.9,4.08,1,2.77,0,0.055477686,Low risk...
RJ001269,Ajmer,Rural,7,16,Male,Low,Secondary,5062,74.6,62.1,4.01,1,3.75,0,0.032141823,Low risk...
RJ001270,Kota,Urban,4,6,Male,Lower-Middle,Secondary,8751,80.2,67.2,0.61,1,7.25,0,0.07546739,Low risk...
RJ001271,Alwar,Rural,1,10,Female,Lower-Middle,Higher Secondary,16146,85.3,53.7,1.7,0,5.72,1,0.90271354,High risk...
RJ001272,Barmer,Rural,3,18,Male,Lower-Middle,No formal,14779,76.9,53.2,5.68,1,4.91,0,0.03454514,Low risk...
RJ001273,Sikar,Rural,9,15,Female,Lower-Middle,No formal,8849,75.9,71.4,5.36,1,4.89,0,0.05280199,Low risk...
RJ001274,Jaipur,Urban,5,14,Male,Low,Primary,6861,73.0,49.8,0.1,0,4.33,0,0.04377271,Low risk...
RJ001275,Udaipur,Rural,6,6,Male,Middle,Primary,19602,87.6,81.5,8.14,0,6.39,0,0.04095816,Low risk...
RJ001276,Jaipur,Urban,4,6,Female,Middle,Primary,30650,87.2,56.7,0.1,0,4.85,1,0.8455689,High risk...
RJ001277,Jodhpur,Rural,1,9,Female,Upper-Middle,No formal,44385,98.4,60.3,3.43,0,5.48,0,0.028202888,Low risk...
RJ001278,Bhilwara,Rural,5,9,Male,Low,No formal,4417,71.6,48.8,0.1,1,7.01,0,0.08264681,Low risk...
RJ001279,Jaipur,Rural,5,7,Female,Middle,Primary,32015,81.8,73.7,0.1,1,3.11,0,0.006730801,Low risk...
RJ001280,Udaipur,Urban,5,14,Male,Low,Graduate+,6604,79.4,65.8,2.43,1,6.89,0,0.026275894,Low risk...
RJ001281,Ajmer,Rural,6,14,Male,Lower-Middle,Primary,14892,75.2,63.5,8.44,0,5.79,0,0.06692435,Low risk...
RJ001282,Alwar,Rural,11,18,Female,Upper-Middle,No formal,52748,89.0,67.5,2.11,0,5.34,0,0.018643657,Low risk...
RJ001283,Udaipur,Urban,2,18,Female,Lower-Middle,Secondary,12049,78.6,64.7,1.06,1,6.61,0,0.022613786,Low risk...
RJ001284,Jaipur,Rural,1,7,Male,Low,Primary,7134,69.8,67.7,8.18,1,6.13,1,0.90608734,High risk...
RJ001285,Kota,Rural,2,14,Male,Low,No formal,4262,74.4,64.3,0.1,1,6.64,1,0.006296543,Low risk...
RJ001286,Udaipur,Rural,10,11,Female,Lower-Middle,Primary,11254,80.2,54.6,6.55,0,4.45,0,0.061936483,Low risk...
RJ001287,Jaipur,Urban,6,13,Male,Middle,Secondary,31112,81.8,64.9,2.18,0,4.7,1,0.03521875,Low risk...
RJ001288,Kota,Urban,5,15,Female,High,Higher Secondary,98731,94.7,91.2,0.81,0,7.94,0,0.043435782,Low risk...
RJ001289,Jaipur,Rural,5,18,Female,Middle,Secondary,33030,88.3,73.5,13.03,1,2.65,1,0.9409458,High risk...
RJ001290,Jaipur,Rural,12,18,Male,Upper-Middle,Primary,50748,82.7,53.2,8.76,0,5.2,0,0.05310143,Low risk...
RJ001291,Bikaner,Urban,12,9,Female,Middle,Primary,33988,81.8,53.2,2.34,0,6.94,0,0.020588882,Low risk...
RJ001292,Jaipur,Rural,6,7,Female,Upper-Middle,No formal,49068,94.2,77.1,8.27,0,4.12,0,0.008830311,Low risk...
RJ001293,Udaipur,Urban,10,7,Male,Low,Graduate+,6302,73.5,72.2,0.88,1,4.65,0,0.09247408,Low risk...
RJ001294,Alwar,Rural,7,14,Male,Upper-Middle,Secondary,37712,88.2,63.5,5.51,1,7.13,0,0.02937094,Low risk...
RJ001295,Sikar,Rural,9,6,Male,Lower-Middle,No formal,14942,79.2,67.0,5.58,1,5.14,0,0.082822874,Low risk...
RJ001296,Jodhpur,Rural,7,17,Female,Upper-Middle,Secondary,53300,86.9,82.9,6.12,0,3.73,0,0.04590863,Low risk...
RJ001297,Jodhpur,Rural,2,12,Female,Low,Primary,6135,78.8,74.5,2.47,1,5.66,1,0.78756416,High risk...
RJ001298,Jaipur,Urban,6,16,Male,Middle,Graduate+,19024,88.8,88.6,2.3,1,5.99,0,0.008816457,Low risk...
RJ001299,Ajmer,Rural,9,8,Male,Middle,Higher Secondary,19700,84.4,75.5,6.57,0,5.55,0,0.008775632,Low risk...
RJ001300,Alwar,Rural,7,8,Male,High,No formal,62410,92.7,67.7,0.1,0,6.17,0,0.0061844205,Low risk...
RJ001301,Jaipur,Rural,2,7,Female,Middle,Secondary,24073,84.5,65.5,3.05,0,2.53,1,0.9309608,High risk...
RJ001302,Bhilwara,Rural,3,15,Male,Lower-Middle,Primary,9735,76.9,61.6,1.29,1,7.89,0,0.056616418,Low risk...
RJ001303,Jaipur,Rural,8,11,Female,Lower-Middle,No formal,15631,77.4,52.9,5.99,1,3.41,0,0.26916978,Low risk...
RJ001304,Udaipur,Urban,11,18,Male,Lower-Middle,Secondary,15955,76.7,61.1,0.71,0,5.84,1,0.078087516,Low risk...
RJ001305,Alwar,Rural,9,15,Female,Low,Primary,7798,75.2,70.9,2.16,1,5.85,1,0.8146546,High risk...
RJ001306,Barmer,Urban,4,7,Female,Low,No formal,6757,77.3,47.0,1.14,1,5.08,0,0.004805888,Low risk...
RJ001307,Alwar,Urban,9,15,Female,Low,Secondary,6705,72.6,49.2,1.3,1,7.45,0,0.11256068,Low risk...
RJ001308,Sikar,Rural,2,9,Male,Lower-Middle,Secondary,15884,85.1,75.7,0.54,1,5.23,0,0.05939772,Low risk...
RJ001309,Kota,Rural,11,15,Female,Upper-Middle,No formal,44299,84.2,61.2,3.32,1,6.13,0,0.027697595,Low risk...
RJ001310,Sikar,Rural,5,14,Male,Upper-Middle,Primary,33464,93.2,56.1,3.0,0,5.27,0,0.059934862,Low risk...
RJ001311,Jaipur,Urban,11,14,Male,Low,Secondary,6176,68.6,58.7,1.02,1,5.13,0,0.053365607,Low risk...
RJ001312,Barmer,Rural,2,11,Female,Low,No formal,6526,79.2,59.4,4.95,1,5.29,1,0.72610474,High risk...
RJ001313,Udaipur,Urban,11,18,Female,Low,Higher Secondary,6508,71.0,59.6,1.06,1,3.09,0,0.014730614,Low risk...
RJ001314,Sikar,Urban,1,9,Male,Low,No formal,4868,70.0,61.0,2.43,0,7.3,0,0.03784668,Low risk...
RJ001315,Bikaner,Urban,5,12,Male,Low,No formal,7490,76.2,48.6,0.81,1,8.25,1,0.8379118,High risk...
RJ001316,Ajmer,Rural,2,6,Female,Lower-Middle,No formal,14549,83.9,63.9,2.75,1,5.81,1,0.42118555,Moderate risk..
RJ001317,Udaipur,Rural,7,17,Female,Lower-Middle,Primary,10331,77.6,60.5,3.11,0,3.98,0,0.13304894,Low risk...
RJ001318,Alwar,Urban,8,9,Male,Lower-Middle,Secondary,13030,77.4,64.7,1.48,1,6.53,0,0.0358085,Low risk...
RJ001319,Jaipur,Urban,2,10,Female,Lower-Middle,Primary,15039,81.0,50.3,1.64,1,4.93,0,0.062195275,Low risk...
RJ001320,Jaipur,Rural,7,13,Male,Low,Primary,4232,67.2,51.7,0.1,1,3.95,0,0.14871955,Low risk...
RJ001321,Jodhpur,Rural,4,17,Female,Middle,Higher Secondary,22315,79.4,68.2,7.4,1,5.0,0,0.029829636,Low risk...
RJ001322,Jodhpur,Rural,1,7,Female,Middle,No formal,25761,91.9,73.0,1.85,1,3.2,0,0.0012020242,Low risk...
RJ001323,Barmer,Urban,11,17,Male,Low,Primary,7749,68.5,71.5,0.57,1,5.85,0,0.08686061,Low risk...
RJ001324,Jodhpur,Urban,3,10,Female,Low,No formal,7556,80.6,68.3,1.97,1,7.06,1,0.93249184,High risk...
RJ001325,Bhilwara,Rural,11,11,Male,Low,No formal,4834,75.1,62.2,3.91,1,6.79,0,0.04929517,Low risk...
RJ001326,Kota,Rural,12,10,Female,Low,Primary,6144,75.2,70.9,7.46,1,7.74,0,0.016196959,Low risk...
RJ001327,Jodhpur,Rural,1,18,Female,Lower-Middle,No formal,10959,80.0,59.1,4.53,1,2.86,0,0.007093022,Low risk...
RJ001328,Sikar,Rural,5,14,Female,Low,Primary,5886,69.2,69.6,1.23,0,3.7,0,0.30844122,Low risk...
RJ001329,Ajmer,Urban,8,15,Male,Lower-Middle,Higher Secondary,12941,75.2,74.5,0.44,1,5.46,0,0.21136087,Low risk...
RJ001330,Udaipur,Rural,1,6,Male,Low,No formal,6297,74.7,54.8,6.58,1,3.29,0,0.073509075,Low risk...
RJ001331,Udaipur,Rural,9,8,Male,Middle,Secondary,19978,76.9,79.5,5.45,0,5.02,0,0.023961155,Low risk...
RJ001332,Alwar,Rural,3,7,Female,Low,Secondary,4711,73.6,65.7,6.77,1,6.51,0,0.022551447,Low risk...
RJ001333,Jodhpur,Rural,5,17,Female,Lower-Middle,Primary,9494,79.4,80.8,3.28,0,2.17,0,0.3820174,Low risk...
RJ001334,Bhilwara,Rural,9,18,Female,Low,Primary,7733,68.1,58.9,0.1,1,6.61,0,0.010498687,Low risk...
RJ001335,Bhilwara,Urban,5,8,Male,Low,Primary,4284,70.9,53.6,2.05,1,9.35,0,0.09453552,Low risk...
RJ001336,Ajmer,Urban,9,15,Female,Upper-Middle,No formal,37876,87.3,59.7,0.78,0,6.39,0,0.038472302,Low risk...
RJ001337,Jodhpur,Rural,10,14,Female,Middle,Higher Secondary,34228,84.6,68.3,4.84,0,5.6,1,0.8459763,High risk...
RJ001338,Alwar,Urban,8,18,Female,Low,Secondary,4477,69.8,55.3,0.11,1,7.53,0,0.024440326,Low risk...
RJ001339,Jaipur,Rural,7,14,Male,Middle,Higher Secondary,18136,85.9,82.1,2.08,0,3.34,0,0.008160381,Low risk...
RJ001340,Jaipur,Rural,11,15,Male,Lower-Middle,Higher Secondary,11654,77.4,66.6,1.18,1,3.43,0,0.12729341,Low risk...
RJ001341,Jodhpur,Rural,1,7,Female,Lower-Middle,No formal,9670,82.1,49.8,5.2,0,4.04,1,0.9095724,High risk...
RJ001342,Bikaner,Urban,4,8,Female,Lower-Middle,No formal,13152,78.5,62.3,0.79,0,7.92,0,0.03506734,Low risk...
RJ001343,Barmer,Rural,9,9,Male,Upper-Middle,No formal,42165,84.0,64.9,3.87,0,5.63,0,0.25958243,Low risk...
RJ001344,Alwar,Urban,10,14,Female,Low,Higher Secondary,5078,76.6,62.6,2.25,1,7.6,1,0.21238768,Low risk...
RJ001345,Alwar,Urban,8,8,Male,Lower-Middle,Higher Secondary,16788,80.4,70.8,1.9,1,7.31,1,0.84257454,High risk...
RJ001346,Bikaner,Rural,4,18,Female,Low,Primary,5633,77.5,61.7,5.06,1,7.51,1,0.88613915,High risk...
RJ001347,Kota,Rural,12,12,Female,Middle,No formal,28718,82.2,67.9,6.01,1,6.35,1,0.775088,High risk...
RJ001348,Kota,Urban,1,17,Male,Upper-Middle,No formal,59035,91.5,73.0,2.21,0,9.38,0,0.016394733,Low risk...
RJ001349,Bhilwara,Rural,10,8,Female,Middle,Higher Secondary,33642,85.0,74.3,1.82,0,7.28,0,0.043991428,Low risk...
RJ001350,Jaipur,Rural,4,12,Male,Middle,Graduate+,24677,81.0,60.7,7.03,0,5.61,0,0.06347511,Low risk...
RJ001351,Barmer,Urban,3,12,Male,High,No formal,110665,90.7,84.9,2.39,0,4.9,0,0.00016697295,Low risk...
RJ001352,Ajmer,Urban,6,14,Female,Middle,No formal,30180,83.1,50.9,1.85,0,5.78,0,0.054174878,Low risk...
RJ001353,Bikaner,Rural,11,7,Male,Middle,Primary,27707,81.6,63.5,9.16,1,5.68,0,0.02698377,Low risk...
RJ001354,Alwar,Rural,5,18,Male,High,No formal,94824,90.4,59.0,5.96,0,5.14,0,0.008452886,Low risk...
RJ001355,Udaipur,Urban,5,11,Male,Low,Higher Secondary,5713,75.0,68.6,0.76,1,3.74,1,0.87974066,High risk...
RJ001356,Barmer,Urban,2,14,Male,Lower-Middle,Primary,11965,81.7,65.7,0.93,0,7.38,0,0.15022828,Low risk...
RJ001357,Barmer,Rural,12,17,Male,Middle,Secondary,27760,86.7,68.7,4.49,0,5.79,0,0.011938876,Low risk...
RJ001358,Bikaner,Rural,3,17,Male,Upper-Middle,Primary,41795,98.4,86.8,7.03,0,7.11,0,0.003838629,Low risk...
RJ001359,Kota,Urban,11,7,Female,Upper-Middle,Primary,55718,83.2,74.4,0.1,0,7.86,0,0.0052700755,Low risk...
RJ001360,Ajmer,Rural,6,7,Male,Middle,No formal,21894,85.9,62.4,7.06,0,3.48,0,0.02275939,Low risk...
RJ001361,Barmer,Urban,2,18,Female,Upper-Middle,Secondary,56599,91.9,79.6,0.44,0,5.49,0,0.00082074467,Low risk...
RJ001362,Jodhpur,Urban,4,10,Male,Lower-Middle,Secondary,9678,80.5,78.8,0.87,1,6.22,0,0.08795249,Low risk...
RJ001363,Ajmer,Urban,2,15,Male,Low,Primary,5113,72.2,67.7,2.16,1,5.71,0,0.03526487,Low risk...
RJ001364,Ajmer,Rural,9,15,Male,Low,Primary,7363,69.2,56.0,0.1,1,6.91,0,0.014264269,Low risk...
RJ001365,Alwar,Rural,3,17,Female,Lower-Middle,No formal,10610,81.7,49.8,2.72,0,6.85,0,0.15194991,Low risk...
RJ001366,Jaipur,Rural,10,15,Female,Lower-Middle,No formal,15081,74.7,60.9,2.7,1,3.61,1,0.6498121,Moderate risk..
RJ001367,Alwar,Rural,10,13,Female,Lower-Middle,Secondary,14985,78.0,70.1,5.73,1,4.9,0,0.017400978,Low risk...
RJ001368,Barmer,Rural,6,16,Male,Lower-Middle,Primary,10561,78.8,56.7,3.95,0,4.13,0,0.098033786,Low risk...
RJ001369,Jodhpur,Urban,1,14,Female,Upper-Middle,Primary,33802,92.4,71.2,0.67,0,7.19,0,0.009258014,Low risk...
RJ001370,Jodhpur,Urban,11,7,Male,Lower-Middle,Higher Secondary,9797,74.1,64.2,2.45,1,4.94,1,0.9193632,High risk...
RJ001371,Bhilwara,Rural,10,10,Male,Upper-Middle,Primary,55205,88.0,79.5,2.49,0,8.09,0,0.0050665345,Low risk...
RJ001372,Jodhpur,Rural,3,12,Female,Upper-Middle,Primary,58180,88.4,83.5,1.56,0,4.12,0,0.009063869,Low risk...
RJ001373,Barmer,Rural,8,11,Male,Lower-Middle,No formal,11618,79.0,70.3,2.19,1,5.41,1,0.30153322,Low risk...
RJ001374,Udaipur,Urban,5,11,Female,Lower-Middle,Higher Secondary,9779,84.0,70.1,1.36,0,4.66,1,0.8813202,High risk...
RJ001375,Jodhpur,Rural,8,12,Male,Middle,Secondary,18821,85.3,78.4,2.88,1,3.76,0,0.110883266,Low risk...
RJ001376,Barmer,Rural,2,8,Other,Middle,No formal,21277,88.5,71.8,0.77,0,4.67,0,0.0031504433,Low risk...
RJ001377,Bikaner,Urban,7,18,Female,Low,Secondary,8315,75.5,62.7,1.42,1,8.13,0,0.054722402,Low risk...
RJ001378,Udaipur,Rural,9,8,Female,Low,Primary,4915,67.8,73.0,4.46,1,5.23,0,0.04506342,Low risk...
RJ001379,Kota,Rural,7,15,Male,Low,Higher Secondary,4562,78.2,61.4,4.82,1,6.61,0,0.04017858,Low risk...
RJ001380,Ajmer,Urban,3,14,Male,Low,Higher Secondary,7499,71.8,68.3,1.33,0,5.92,0,0.032631233,Low risk...
RJ001381,Jodhpur,Urban,7,13,Female,Low,Secondary,6785,75.6,70.1,1.15,1,6.95,0,0.038101453,Low risk...
RJ001382,Bikaner,Urban,8,10,Male,Low,Secondary,6446,74.7,60.5,1.6,1,9.93,0,0.0710731,Low risk...
RJ001383,Bhilwara,Urban,1,11,Female,Lower-Middle,No formal,12162,79.3,65.6,0.1,1,10.0,0,0.030482102,Low risk...
RJ001384,Jodhpur,Rural,3,16,Other,High,Secondary,95303,97.0,83.8,6.34,0,2.19,0,0.007922969,Low risk...
RJ001385,Ajmer,Urban,5,17,Male,Middle,Secondary,29721,87.5,72.5,0.24,0,6.7,0,0.015689336,Low risk...
RJ001386,Kota,Urban,12,15,Female,Upper-Middle,Primary,44869,92.2,74.7,1.22,0,8.96,0,0.0059278114,Low risk...
RJ001387,Sikar,Rural,6,6,Female,Middle,Secondary,21599,86.1,70.5,5.28,0,4.85,0,0.034092817,Low risk...
RJ001388,Jaipur,Rural,3,15,Male,Middle,Higher Secondary,32222,86.7,78.8,3.33,0,3.94,1,0.10704429,Low risk...
RJ001389,Bhilwara,Rural,4,17,Male,Lower-Middle,No formal,9783,79.0,59.1,0.49,1,6.83,0,0.0037848891,Low risk...
RJ001390,Bikaner,Rural,5,6,Male,Low,No formal,6443,68.8,52.3,8.52,1,7.43,0,0.27209422,Low risk...
RJ001391,Jodhpur,Rural,3,9,Male,Middle,Secondary,29622,86.0,69.8,0.1,1,7.5,0,0.010616609,Low risk...
RJ001392,Jaipur,Urban,4,7,Female,Upper-Middle,Higher Secondary,51625,89.7,83.7,0.7,1,5.43,0,0.0075950287,Low risk...
RJ001393,Jodhpur,Rural,5,16,Male,Lower-Middle,Higher Secondary,13598,80.8,54.9,6.62,1,4.45,1,0.9001483,High risk...
RJ001394,Udaipur,Rural,2,12,Female,Low,Secondary,6983,71.2,53.4,0.1,1,4.8,1,0.90781635,High risk...
RJ001395,Kota,Urban,10,7,Male,Middle,Higher Secondary,32824,82.8,88.3,0.1,0,9.05,0,0.007034048,Low risk...
RJ001396,Sikar,Rural,9,15,Female,Low,Secondary,5735,73.7,64.4,5.13,1,4.31,0,0.06778621,Low risk...
RJ001397,Bikaner,Rural,10,7,Female,Low,No formal,6835,73.5,54.3,4.85,1,5.62,1,0.374777,Low risk...
RJ001398,Jodhpur,Rural,8,10,Male,Middle,Secondary,29697,78.9,71.7,2.29,0,4.06,0,0.00312582,Low risk...
RJ001399,Ajmer,Urban,12,9,Male,Lower-Middle,No formal,13359,78.6,54.4,1.73,1,6.23,0,0.056764174,Low risk...
RJ001400,Alwar,Urban,6,13,Female,Middle,No formal,33303,84.8,47.6,0.32,0,4.9,0,0.05177587,Low risk...
RJ001401,Jodhpur,Rural,10,9,Female,Upper-Middle,Primary,52126,86.9,70.6,1.37,0,5.72,0,0.018013788,Low risk...
RJ001402,Jodhpur,Rural,11,17,Male,Lower-Middle,Primary,11965,69.9,51.7,7.62,0,4.2,1,0.956602,High risk...
RJ001403,Jaipur,Urban,3,11,Male,Lower-Middle,Primary,15503,85.5,67.7,0.51,1,6.55,0,0.004339476,Low risk...
RJ001404,Alwar,Rural,11,10,Male,Low,No formal,6256,71.5,59.0,5.52,1,3.13,0,0.007338015,Low risk...
RJ001405,Alwar,Urban,2,16,Male,Low,Primary,6427,70.9,59.3,0.7,1,8.32,0,0.1179756,Low risk...
RJ001406,Udaipur,Urban,7,7,Female,Middle,No formal,27690,86.1,51.5,1.33,0,4.99,0,0.12222164,Low risk...
RJ001407,Barmer,Rural,8,16,Female,Lower-Middle,Primary,11111,79.5,63.5,5.13,0,5.95,0,0.031425368,Low risk...
RJ001408,Sikar,Urban,10,18,Male,Low,Secondary,7235,75.2,66.7,0.81,1,7.13,0,0.088429354,Low risk...
RJ001409,Ajmer,Urban,1,17,Other,Low,Higher Secondary,4612,75.1,54.3,0.97,1,6.95,0,0.043319225,Low risk...
RJ001410,Barmer,Urban,6,13,Male,Lower-Middle,Higher Secondary,15698,79.5,55.9,2.4,1,6.65,0,0.26334012,Low risk...
RJ001411,Jodhpur,Rural,7,7,Female,Lower-Middle,Primary,14738,77.1,53.3,1.91,0,3.67,0,0.120100684,Low risk...
RJ001412,Jaipur,Urban,9,14,Male,Middle,Secondary,23689,85.8,75.5,0.84,1,4.47,0,0.0075677847,Low risk...
RJ001413,Jodhpur,Rural,12,14,Male,Lower-Middle,Primary,10302,74.1,44.1,0.36,1,3.73,0,0.03160296,Low risk...
RJ001414,Jaipur,Rural,3,8,Male,Low,No formal,5829,72.3,63.5,6.79,1,2.14,0,0.06582508,Low risk...
RJ001415,Udaipur,Rural,2,9,Male,Lower-Middle,Secondary,15162,81.3,69.9,0.76,1,3.5,1,0.89248455,High risk...
RJ001416,Bhilwara,Urban,5,13,Female,Upper-Middle,Secondary,32494,86.3,67.7,0.82,0,7.96,1,0.91076803,High risk...
RJ001417,Jaipur,Rural,10,14,Female,Low,Higher Secondary,6165,76.3,54.3,3.24,1,2.12,0,0.05033636,Low risk...
RJ001418,Jaipur,Urban,1,8,Male,Middle,Secondary,21947,93.8,67.9,2.8,0,5.57,0,0.097968385,Low risk...
RJ001419,Bikaner,Rural,6,10,Female,Lower-Middle,No formal,15750,78.1,66.6,5.07,0,7.27,0,0.025971863,Low risk...
RJ001420,Bhilwara,Rural,9,16,Male,Middle,Higher Secondary,24742,79.8,78.3,4.25,1,7.4,0,0.009488316,Low risk...
RJ001421,Kota,Urban,10,13,Female,Low,Secondary,7131,72.5,53.2,1.79,1,9.57,0,0.06326538,Low risk...
RJ001422,Udaipur,Rural,9,8,Male,Upper-Middle,Higher Secondary,42774,86.6,81.5,6.96,0,3.74,0,0.029662583,Low risk...
RJ001423,Jaipur,Urban,7,12,Male,Lower-Middle,Secondary,11169,82.5,73.0,0.68,0,4.17,0,0.11707848,Low risk...
RJ001424,Jaipur,Urban,11,16,Male,Middle,Primary,23203,80.6,63.9,3.39,1,5.42,0,0.03455171,Low risk...
RJ001425,Bhilwara,Rural,7,13,Female,Low,No formal,7048,74.6,52.4,10.61,1,4.23,1,0.10685519,Low risk...
RJ001426,Bhilwara,Rural,8,15,Female,Middle,No formal,34374,84.8,59.7,7.86,0,7.04,0,0.04257101,Low risk...
RJ001427,Jaipur,Urban,10,16,Male,Middle,No formal,21143,81.5,77.0,0.63,1,5.88,0,0.05737176,Low risk...
RJ001428,Bhilwara,Urban,2,8,Male,Lower-Middle,No formal,13809,82.2,64.2,1.56,0,9.7,0,0.0080776485,Low risk...
RJ001429,Ajmer,Urban,6,7,Male,Lower-Middle,Primary,10630,82.1,75.5,0.1,1,5.97,0,0.02650972,Low risk...
RJ001430,Barmer,Rural,5,15,Female,Middle,Higher Secondary,27114,86.3,74.1,7.49,1,2.45,1,0.9117951,High risk...
RJ001431,Bikaner,Rural,5,18,Female,Low,Higher Secondary,6475,74.3,61.4,2.79,1,4.63,0,0.03881156,Low risk...
RJ001432,Udaipur,Urban,3,12,Male,Middle,Secondary,25376,84.4,73.3,1.37,1,6.12,0,0.021494046,Low risk...
RJ001433,Udaipur,Urban,3,17,Male,Low,No formal,6294,78.4,77.8,1.09,1,5.12,0,0.0053676707,Low risk...
RJ001434,Alwar,Rural,6,14,Female,Low,Primary,7897,76.6,56.4,5.34,1,7.38,0,0.075457536,Low risk...
RJ001435,Jaipur,Rural,12,6,Male,Middle,Secondary,19051,81.3,74.1,7.42,0,2.2,1,0.0011094227,Low risk...
RJ001436,Jaipur,Rural,10,8,Male,Low,No formal,7687,71.1,57.7,8.57,1,3.95,1,0.9140295,High risk...
RJ001437,Kota,Rural,10,10,Male,High,Higher Secondary,81890,94.7,65.6,2.66,0,9.03,0,0.0016140845,Low risk...
RJ001438,Alwar,Urban,7,8,Male,Upper-Middle,Higher Secondary,42008,85.6,60.0,0.79,0,7.07,1,0.8665322,High risk...
RJ001439,Jodhpur,Rural,1,6,Male,Lower-Middle,Primary,9888,83.8,62.3,3.71,1,2.5,1,0.9235586,High risk...
RJ001440,Alwar,Urban,3,12,Female,Middle,Secondary,31759,85.3,72.0,0.83,1,9.63,0,0.04456457,Low risk...
RJ001441,Bhilwara,Rural,12,12,Male,Upper-Middle,No formal,50149,91.8,75.6,3.99,0,8.73,0,0.009798684,Low risk...
RJ001442,Jaipur,Urban,1,15,Female,Low,Secondary,7259,76.2,51.2,1.47,1,4.88,0,0.03500897,Low risk...
RJ001443,Alwar,Rural,10,17,Male,Middle,No formal,23012,87.3,71.1,7.96,0,6.18,0,0.061274495,Low risk...
RJ001444,Bikaner,Rural,3,13,Female,Low,No formal,5850,72.7,56.2,4.3,1,8.09,0,0.011274272,Low risk...
RJ001445,Barmer,Rural,5,10,Female,Lower-Middle,Secondary,16075,76.3,63.8,2.95,1,5.34,0,0.11185889,Low risk...
RJ001446,Jodhpur,Rural,9,15,Female,Lower-Middle,Secondary,16474,77.3,69.1,4.53,1,2.71,0,0.052724443,Low risk...
RJ001447,Alwar,Rural,3,17,Male,Middle,Secondary,30447,87.8,84.6,1.79,0,5.68,0,0.0034374862,Low risk...
RJ001448,Sikar,Rural,10,10,Male,Low,Primary,7348,70.0,60.0,5.25,1,6.87,0,0.06116157,Low risk...
RJ001449,Bhilwara,Rural,10,10,Male,Low,Secondary,7116,73.8,51.4,3.41,1,7.66,1,0.89747536,High risk...
RJ001450,Alwar,Rural,9,6,Female,Lower-Middle,Secondary,13333,77.4,62.9,1.62,0,5.76,0,0.031804267,Low risk...
RJ001451,Udaipur,Urban,1,15,Male,Lower-Middle,Graduate+,13399,75.8,74.8,2.16,1,4.94,0,0.08741509,Low risk...
RJ001452,Ajmer,Rural,6,10,Female,Middle,Higher Secondary,34367,87.2,79.8,0.98,0,4.1,0,0.0056667957,Low risk...
RJ001453,Barmer,Rural,9,11,Female,Middle,Secondary,30641,81.4,72.2,5.06,1,3.12,0,0.08669763,Low risk...
RJ001454,Ajmer,Rural,12,18,Female,Low,Secondary,6952,69.4,55.6,4.17,1,5.76,1,0.7595904,High risk...
RJ001455,Jaipur,Rural,5,17,Female,Low,Secondary,4994,78.7,54.3,0.92,1,3.39,1,0.95721126,High risk...
RJ001456,Bhilwara,Rural,11,6,Male,Lower-Middle,No formal,16607,82.3,67.6,2.99,1,5.81,1,0.82221234,High risk...
RJ001457,Alwar,Rural,10,16,Male,Lower-Middle,No formal,12770,75.8,49.3,0.1,1,6.34,0,0.022401284,Low risk...
RJ001458,Alwar,Urban,2,12,Male,Low,Higher Secondary,8164,77.2,72.3,1.6,1,6.27,0,0.07315746,Low risk...
RJ001459,Jodhpur,Urban,5,6,Female,Low,Higher Secondary,7197,72.3,69.3,0.58,1,4.74,1,0.9363663,High risk...
RJ001460,Ajmer,Urban,1,16,Male,Low,Secondary,4368,75.1,59.3,1.4,1,6.0,1,0.83656883,High risk...
RJ001461,Bikaner,Rural,9,7,Female,Low,Primary,6464,70.2,56.8,9.84,1,7.07,0,0.08377292,Low risk...
RJ001462,Ajmer,Urban,10,7,Male,Lower-Middle,No formal,15899,72.3,58.5,1.29,1,6.96,1,0.9252365,High risk...
RJ001463,Jaipur,Urban,10,10,Male,Middle,Primary,18406,83.8,61.0,1.39,0,4.24,0,0.10173176,Low risk...
RJ001464,Ajmer,Urban,9,15,Female,Lower-Middle,Primary,15681,78.9,51.9,2.03,1,7.51,0,0.05446167,Low risk...
RJ001465,Bhilwara,Rural,6,18,Male,Middle,Primary,28234,83.5,65.4,0.1,1,7.64,0,0.009898652,Low risk...
RJ001466,Jaipur,Rural,11,12,Male,Low,Graduate+,4387,74.3,67.6,2.89,1,3.1,1,0.9610513,High risk...
RJ001467,Bhilwara,Urban,9,6,Female,Lower-Middle,No formal,11538,76.7,70.4,0.13,1,8.49,1,0.9342669,High risk...
RJ001468,Bikaner,Rural,3,15,Male,Lower-Middle,Primary,8653,79.1,56.8,4.11,0,6.84,0,0.14325432,Low risk...
RJ001469,Barmer,Rural,4,6,Male,Middle,Primary,17530,88.1,77.0,4.11,1,4.76,0,0.029834202,Low risk...
RJ001470,Sikar,Urban,6,6,Male,Middle,Graduate+,33187,80.9,61.9,0.45,1,8.43,0,0.0063104047,Low risk...
RJ001471,Udaipur,Rural,4,11,Male,Middle,Higher Secondary,30600,89.2,63.2,1.86,1,3.54,0,0.061567843,Low risk...
RJ001472,Alwar,Rural,1,7,Female,Middle,Primary,22566,86.8,65.3,3.07,0,5.55,0,0.10648055,Low risk...
RJ001473,Barmer,Urban,7,6,Female,Low,Graduate+,4678,76.0,60.6,1.62,1,5.5,0,0.018436756,Low risk...
RJ001474,Bikaner,Urban,5,11,Male,Middle,Primary,18453,89.9,58.7,0.78,1,9.3,0,0.0230451,Low risk...
RJ001475,Kota,Rural,8,7,Male,Middle,No formal,33551,86.4,80.9,2.55,0,7.65,0,0.0055232164,Low risk...
RJ001476,Alwar,Rural,9,11,Male,High,Secondary,91031,88.6,67.5,4.09,0,6.69,0,0.01974657,Low risk...
RJ001477,Sikar,Urban,5,15,Female,Middle,No formal,20310,82.2,81.3,2.13,0,6.08,0,0.007071187,Low risk...
RJ001478,Sikar,Rural,8,13,Male,Middle,Secondary,29426,80.2,58.2,5.3,0,6.1,0,0.08650946,Low risk...
RJ001479,Sikar,Rural,1,7,Male,Lower-Middle,Graduate+,16791,85.3,60.0,0.14,1,6.68,1,0.81639826,High risk...
RJ001480,Bikaner,Rural,1,16,Female,Upper-Middle,Secondary,56323,91.6,83.3,0.74,0,6.83,0,0.008458299,Low risk...
RJ001481,Sikar,Urban,7,14,Female,High,Primary,81006,90.2,63.9,0.87,0,6.79,0,0.0007641868,Low risk...
RJ001482,Jaipur,Rural,6,13,Male,Middle,Primary,31748,85.1,67.8,0.1,1,3.8,0,0.0051135253,Low risk...
RJ001483,Udaipur,Urban,5,17,Male,Lower-Middle,No formal,14652,83.2,52.6,0.1,1,5.24,0,0.10874133,Low risk...
RJ001484,Jaipur,Rural,5,15,Male,Low,Primary,4572,76.3,61.1,5.56,1,3.79,0,0.04895054,Low risk...
RJ001485,Kota,Rural,9,6,Male,Middle,No formal,33700,85.3,53.7,6.77,1,8.05,1,0.9260967,High risk...
RJ001486,Kota,Rural,1,12,Female,Middle,Primary,32972,89.9,68.9,6.49,0,7.26,0,0.010055078,Low risk...
RJ001487,Bikaner,Rural,8,18,Female,Middle,Secondary,27835,85.0,65.2,3.5,0,7.14,0,0.12485054,Low risk...
RJ001488,Alwar,Rural,2,15,Female,Low,Secondary,6334,76.4,65.7,3.91,1,5.63,0,0.076298274,Low risk...
RJ001489,Bikaner,Rural,7,11,Male,Middle,No formal,21485,85.7,69.9,7.04,1,6.87,0,0.086172275,Low risk...
RJ001490,Bikaner,Rural,6,11,Male,Low,Primary,7705,73.5,61.6,8.92,1,6.92,0,0.054798387,Low risk...
RJ001491,Jodhpur,Urban,10,11,Male,Middle,Primary,25058,85.8,70.7,0.1,1,4.7,0,0.008146889,Low risk...
RJ001492,Kota,Rural,2,11,Male,Low,No formal,6633,76.6,58.6,11.56,1,7.33,0,0.11188052,Low risk...
RJ001493,Jodhpur,Urban,12,15,Female,Middle,Primary,20477,79.9,60.1,1.35,0,6.04,0,0.055682804,Low risk...
RJ001494,Jaipur,Rural,3,12,Male,Low,Primary,5098,76.6,65.3,2.61,1,3.34,1,0.88556963,High risk...
RJ001495,Ajmer,Rural,4,17,Male,Low,Secondary,8338,75.2,62.2,4.22,1,4.23,0,0.06403943,Low risk...
RJ001496,Alwar,Rural,7,8,Male,Lower-Middle,Higher Secondary,12550,80.8,68.3,4.5,1,5.26,0,0.6754879,Moderate risk..
RJ001497,Ajmer,Urban,8,11,Male,Low,Primary,7626,72.2,62.1,0.55,1,6.9,0,0.027322268,Low risk...
RJ001498,Bikaner,Rural,11,8,Male,Middle,Secondary,32020,85.4,61.0,7.04,1,7.39,0,0.024395095,Low risk...
RJ001499,Kota,Rural,2,12,Female,Upper-Middle,No formal,62418,91.3,79.7,5.24,0,9.6,0,0.015606816,Low risk...
RJ001500,Barmer,Urban,8,12,Male,High,Higher Secondary,111043,93.7,74.6,0.96,0,5.54,0,0.019886889,Low risk...
RJ001501,Udaipur,Rural,11,13,Female,Low,No formal,6119,69.6,56.3,5.04,0,3.83,0,0.4244167,Moderate risk..
RJ001502,Udaipur,Rural,9,7,Male,Middle,No formal,34131,82.8,62.8,1.97,0,4.76,0,0.012557745,Low risk...
RJ001503,Jaipur,Rural,7,14,Male,Lower-Middle,No formal,11470,80.8,67.2,5.46,1,2.92,0,0.026596328,Low risk...
RJ001504,Kota,Rural,1,18,Female,Upper-Middle,Primary,50641,91.0,72.9,4.2,1,9.3,0,0.013751093,Low risk...
RJ001505,Bikaner,Rural,6,10,Male,Middle,Secondary,31880,92.1,72.9,1.47,0,7.27,0,0.020713365,Low risk...
RJ001506,Bikaner,Rural,8,14,Female,Low,Graduate+,8038,74.2,78.6,7.79,1,7.83,0,0.024650117,Low risk...
RJ001507,Ajmer,Urban,5,15,Male,Lower-Middle,Secondary,12800,80.1,40.4,0.15,1,6.52,0,0.1304942,Low risk...
RJ001508,Udaipur,Urban,12,10,Male,Low,Primary,5955,73.0,69.3,0.53,1,6.5,1,0.23367487,Low risk...
RJ001509,Ajmer,Rural,2,12,Female,Middle,Secondary,30249,86.1,77.0,1.11,0,3.94,0,0.0033598805,Low risk...
RJ001510,Sikar,Rural,5,16,Female,Lower-Middle,Secondary,12230,82.8,53.0,5.6,0,6.98,0,0.034357138,Low risk...
RJ001511,Sikar,Urban,8,14,Female,Middle,Higher Secondary,29257,87.2,80.2,0.44,0,7.14,0,0.014790201,Low risk...
RJ001512,Alwar,Urban,2,9,Female,Lower-Middle,Secondary,15155,85.3,77.6,0.3,1,7.52,0,0.026673632,Low risk...
RJ001513,Bhilwara,Rural,1,7,Male,High,Secondary,103103,93.7,78.7,5.46,0,6.41,0,0.043470237,Low risk...
RJ001514,Jaipur,Rural,4,14,Female,Upper-Middle,Secondary,39511,86.8,57.6,1.57,0,3.95,0,0.014183809,Low risk...
RJ001515,Jodhpur,Urban,4,18,Female,Lower-Middle,Secondary,13200,78.7,70.7,2.18,0,4.63,0,0.02987701,Low risk...
RJ001516,Jaipur,Rural,9,7,Male,Middle,No formal,17938,83.2,71.5,3.01,0,4.79,0,0.016334519,Low risk...
RJ001517,Ajmer,Urban,3,8,Male,Middle,No formal,31461,92.0,64.1,0.1,1,5.21,0,0.016620137,Low risk...
RJ001518,Barmer,Rural,4,15,Female,Upper-Middle,Secondary,35440,97.1,79.8,3.66,0,4.85,0,0.022919182,Low risk...
RJ001519,Jodhpur,Rural,3,7,Male,Low,Higher Secondary,7861,76.0,63.2,2.02,0,3.71,1,0.8938524,High risk...
RJ001520,Bhilwara,Rural,2,8,Male,Low,Primary,5909,75.5,68.0,6.25,1,5.59,1,0.89018834,High risk...
RJ001521,Jaipur,Rural,4,11,Female,Low,Graduate+,4903,73.5,64.1,0.97,1,2.68,1,0.9005823,High risk...
RJ001522,Bhilwara,Rural,8,8,Male,Lower-Middle,No formal,15085,81.0,57.5,0.1,0,7.6,0,0.011059907,Low risk...
RJ001523,Kota,Urban,1,15,Male,Low,Primary,5041,82.6,64.8,1.31,1,7.98,0,0.07388022,Low risk...
RJ001524,Jaipur,Urban,8,13,Female,Lower-Middle,Primary,11713,83.9,55.2,0.38,1,4.44,1,0.8602539,High risk...
RJ001525,Udaipur,Rural,8,16,Male,Middle,Graduate+,27420,87.9,74.1,5.02,0,4.35,0,0.0031296427,Low risk...
RJ001526,Jodhpur,Rural,3,11,Female,Lower-Middle,Primary,11424,84.4,69.1,0.1,1,5.01,0,0.055427887,Low risk...
RJ001527,Kota,Rural,10,12,Male,Middle,Primary,20633,86.0,74.2,5.79,1,8.03,0,0.0005018538,Low risk...
RJ001528,Kota,Rural,10,6,Male,Low,No formal,5906,71.4,58.3,3.85,1,7.33,1,0.051917322,Low risk...
RJ001529,Sikar,Rural,12,8,Male,Upper-Middle,Primary,36044,84.3,54.7,2.75,0,5.63,1,0.84716755,High risk...
RJ001530,Udaipur,Urban,12,8,Female,Upper-Middle,Higher Secondary,54153,86.4,83.1,0.83,0,5.6,1,0.95490843,High risk...
RJ001531,Kota,Rural,6,7,Male,Lower-Middle,Primary,9841,80.8,75.6,0.1,1,6.34,0,0.022794493,Low risk...
RJ001532,Ajmer,Rural,4,12,Male,Upper-Middle,Higher Secondary,46695,86.1,73.0,4.52,0,5.28,0,0.0115078725,Low risk...
RJ001533,Alwar,Rural,1,14,Male,Low,Higher Secondary,6554,75.5,59.7,0.2,1,4.32,1,0.12091553,Low risk...
RJ001534,Kota,Rural,1,9,Male,Middle,No formal,34039,85.5,60.5,2.95,1,7.99,0,0.015508517,Low risk...
RJ001535,Bikaner,Rural,5,17,Male,Low,Secondary,4529,77.0,62.6,2.95,1,7.4,0,0.08537255,Low risk...
RJ001536,Jaipur,Rural,12,10,Male,Lower-Middle,Primary,16216,74.9,62.8,6.31,1,1.45,0,0.0471549,Low risk...
RJ001537,Jodhpur,Rural,8,8,Female,Low,No formal,5075,73.5,55.2,4.12,1,5.07,1,0.9117862,High risk...
RJ001538,Alwar,Rural,1,16,Male,Lower-Middle,Secondary,15464,79.9,59.1,6.12,1,4.84,1,0.8564114,High risk...
RJ001539,Jodhpur,Rural,2,14,Female,Low,Secondary,4580,80.3,74.4,0.41,1,3.49,0,0.07312811,Low risk...
RJ001540,Udaipur,Rural,7,9,Female,Lower-Middle,Primary,16705,73.9,62.0,3.68,1,4.93,0,0.17167614,Low risk...
RJ001541,Alwar,Rural,8,10,Male,Lower-Middle,No formal,15184,79.9,53.0,5.59,1,5.2,0,0.11104905,Low risk...
RJ001542,Jaipur,Urban,12,6,Male,Upper-Middle,Higher Secondary,33483,82.7,72.4,0.94,0,5.71,1,0.9242973,High risk...
RJ001543,Udaipur,Rural,3,16,Female,Lower-Middle,Secondary,10199,79.5,67.0,0.58,1,3.32,1,0.16021322,Low risk...
RJ001544,Jodhpur,Rural,11,17,Female,Low,Primary,6504,71.6,52.8,1.48,1,4.9,0,0.10206496,Low risk...
RJ001545,Bhilwara,Rural,12,18,Male,Low,Primary,6399,71.3,67.9,5.52,1,7.35,0,0.26453605,Low risk...
RJ001546,Udaipur,Urban,8,7,Female,Middle,No formal,28512,85.2,65.7,1.72,0,5.88,0,0.072021864,Low risk...
RJ001547,Sikar,Rural,1,17,Male,Lower-Middle,Primary,12293,82.5,63.4,4.86,0,5.23,0,0.039748922,Low risk...
RJ001548,Udaipur,Rural,9,18,Male,Lower-Middle,Primary,14567,76.1,60.6,0.67,1,5.61,1,0.27362788,Low risk...
RJ001549,Jaipur,Urban,12,14,Male,Lower-Middle,Primary,11327,76.0,64.8,2.64,1,6.98,0,0.05567987,Low risk...
RJ001550,Ajmer,Rural,2,7,Female,Low,No formal,4941,75.6,58.3,4.4,1,2.8,0,0.053457204,Low risk...
RJ001551,Bhilwara,Rural,2,10,Female,Low,Secondary,4342,76.1,63.0,5.07,1,8.08,0,0.019515095,Low risk...
RJ001552,Ajmer,Rural,4,18,Female,Lower-Middle,Primary,11128,80.3,72.3,3.34,1,3.92,1,0.86674404,High risk...
RJ001553,Sikar,Urban,12,13,Male,Low,Secondary,5993,72.7,50.3,2.04,1,7.42,1,0.85973805,High risk...
RJ001554,Barmer,Rural,10,8,Male,Low,Primary,6968,71.8,48.7,7.3,1,2.92,1,0.88410944,High risk...
RJ001555,Jodhpur,Urban,3,11,Male,Low,Primary,7587,75.6,67.2,0.67,1,6.0,0,0.08230873,Low risk...
RJ001556,Jodhpur,Rural,4,9,Female,Low,No formal,5208,73.4,76.9,5.58,1,3.26,0,0.06500528,Low risk...
RJ001557,Ajmer,Urban,6,16,Male,Low,Secondary,6271,70.3,67.2,1.2,0,6.04,1,0.92772865,High risk...
RJ001558,Bikaner,Urban,7,12,Male,High,Primary,69089,92.5,86.0,2.37,0,8.33,0,0.0032377494,Low risk...
RJ001559,Sikar,Rural,5,15,Male,Lower-Middle,No formal,16390,83.6,60.2,1.95,1,4.68,0,0.019091778,Low risk...
RJ001560,Barmer,Rural,2,18,Female,Middle,No formal,28832,88.8,61.7,8.03,1,3.99,0,0.056547895,Low risk...
RJ001561,Kota,Rural,3,8,Male,Low,Primary,7047,72.5,62.8,5.84,1,6.97,0,0.031299606,Low risk...
RJ001562,Jodhpur,Rural,10,11,Male,Low,No formal,6431,73.9,65.5,0.1,1,3.94,1,0.44348842,Moderate risk..
RJ001563,Sikar,Rural,11,17,Male,Middle,Secondary,22432,82.0,56.7,4.74,1,5.74,0,0.060996234,Low risk...
RJ001564,Kota,Rural,3,15,Female,Lower-Middle,Primary,10084,83.1,63.8,8.97,1,9.23,0,0.015481524,Low risk...
RJ001565,Sikar,Rural,5,14,Female,Low,Secondary,6958,72.9,61.5,2.21,1,4.47,1,0.062236473,Low risk...
RJ001566,Bikaner,Urban,12,16,Female,Lower-Middle,Graduate+,16142,77.6,63.6,1.07,1,8.89,0,0.053412553,Low risk...
RJ001567,Alwar,Urban,11,15,Male,Lower-Middle,Primary,10188,75.4,56.3,1.02,0,7.63,1,0.82785326,High risk...
RJ001568,Jaipur,Rural,12,6,Male,Middle,Secondary,27506,81.0,73.3,8.02,0,2.9,0,0.0045981132,Low risk...
RJ001569,Ajmer,Urban,5,8,Female,Low,Secondary,6423,69.3,63.3,2.89,1,4.24,0,0.050641675,Low risk...
RJ001570,Bikaner,Rural,4,7,Male,Lower-Middle,Graduate+,13790,82.0,78.1,3.63,0,5.36,1,0.8192469,High risk...
RJ001571,Ajmer,Rural,8,13,Male,Middle,No formal,27786,85.6,67.6,9.51,1,2.78,0,0.015046586,Low risk...
RJ001572,Jodhpur,Urban,6,12,Male,High,Higher Secondary,71276,93.8,69.7,2.64,0,7.13,0,0.06486166,Low risk...
RJ001573,Alwar,Rural,6,7,Female,Middle,Higher Secondary,29600,86.3,75.6,3.29,1,5.97,0,0.09940271,Low risk...
RJ001574,Barmer,Urban,1,11,Male,Low,Primary,5345,73.7,52.2,1.18,1,6.95,0,0.01183592,Low risk...
RJ001575,Jodhpur,Rural,6,8,Female,Middle,Primary,28927,88.4,66.1,2.31,0,5.08,0,0.017318036,Low risk...
RJ001576,Jaipur,Rural,3,13,Female,Middle,Graduate+,22749,90.0,68.2,4.32,0,3.04,0,0.0669771,Low risk...
RJ001577,Jaipur,Rural,6,15,Male,Middle,Secondary,18942,83.1,63.0,7.59,0,5.92,0,0.009604879,Low risk...
RJ001578,Ajmer,Urban,10,18,Male,Middle,Primary,19726,85.1,67.4,0.37,0,6.83,0,0.007983168,Low risk...
RJ001579,Ajmer,Rural,11,8,Other,Upper-Middle,Secondary,57774,89.6,68.1,1.38,0,4.93,0,0.008735163,Low risk...
RJ001580,Udaipur,Urban,6,15,Female,Low,Primary,4710,72.1,51.8,0.1,1,6.59,0,0.29053575,Low risk...
RJ001581,Jodhpur,Rural,2,14,Female,Low,No formal,5588,74.6,67.4,4.22,1,4.76,1,0.83414876,High risk...
RJ001582,Bikaner,Rural,1,6,Female,Middle,Primary,22534,89.6,68.4,1.58,1,8.6,0,0.018573524,Low risk...
RJ001583,Ajmer,Rural,11,10,Male,Low,Secondary,4443,66.5,53.7,0.1,1,6.39,1,0.9159252,High risk...
RJ001584,Udaipur,Rural,3,8,Female,Low,Higher Secondary,6718,71.7,54.8,0.4,1,3.62,1,0.76424915,High risk...
RJ001585,Bhilwara,Rural,5,11,Male,Lower-Middle,Primary,15110,77.0,46.8,7.53,0,7.34,0,0.04329238,Low risk...
RJ001586,Jaipur,Urban,4,15,Female,Middle,Higher Secondary,34866,81.1,67.3,0.1,0,4.2,0,0.019566534,Low risk...
RJ001587,Alwar,Urban,7,7,Female,Low,Primary,8131,76.3,50.4,0.25,1,5.23,0,0.13787283,Low risk...
RJ001588,Bikaner,Rural,4,14,Female,Middle,Secondary,18363,80.5,72.0,1.1,0,8.1,0,0.020914443,Low risk...
RJ001589,Bikaner,Urban,8,11,Female,Low,No formal,5282,73.5,57.8,0.75,0,9.72,0,0.023553295,Low risk...
RJ001590,Alwar,Rural,7,12,Female,Low,Primary,5931,75.4,73.3,2.16,1,3.38,0,0.019452827,Low risk...
RJ001591,Alwar,Rural,10,10,Male,Lower-Middle,Higher Secondary,15750,76.6,68.1,3.17,1,4.64,0,0.5569396,Moderate risk..
RJ001592,Bhilwara,Rural,9,14,Female,Low,No formal,5712,70.0,49.7,0.1,1,7.21,0,0.022172373,Low risk...
RJ001593,Jaipur,Rural,1,6,Male,Middle,Higher Secondary,27480,88.7,58.6,7.27,1,3.76,0,0.13452639,Low risk...
RJ001594,Jaipur,Rural,5,10,Male,Upper-Middle,Primary,52277,90.0,76.1,3.95,1,5.66,0,0.02005935,Low risk...
RJ001595,Alwar,Rural,4,16,Male,Middle,No formal,22714,89.5,56.8,4.61,0,4.73,0,0.023900697,Low risk...
RJ001596,Ajmer,Rural,6,15,Male,Low,No formal,6644,65.6,49.6,6.74,1,4.83,0,0.04143484,Low risk...
RJ001597,Kota,Rural,1,16,Female,Lower-Middle,Secondary,8827,79.2,78.9,6.51,1,8.02,1,0.8466916,High risk...
RJ001598,Jaipur,Rural,6,11,Female,Low,Primary,6217,75.2,65.6,2.27,0,3.26,0,0.032642923,Low risk...
RJ001599,Jaipur,Rural,1,12,Male,Low,Secondary,5790,76.2,66.8,5.81,1,3.11,0,0.006714893,Low risk...
RJ001600,Barmer,Rural,1,17,Female,Lower-Middle,Secondary,11388,84.3,76.1,5.78,1,4.11,0,0.012268386,Low risk...
RJ001601,Jodhpur,Rural,8,9,Female,Middle,Primary,21611,85.3,74.0,4.95,0,4.33,0,0.020193549,Low risk...
RJ001602,Kota,Urban,2,17,Female,Low,Primary,7634,75.1,73.3,1.78,0,8.7,1,0.9309061,High risk...
RJ001603,Jodhpur,Urban,10,18,Male,Low,Primary,7904,70.6,53.1,0.86,1,6.28,0,0.10047935,Low risk...
RJ001604,Kota,Rural,6,6,Female,Upper-Middle,Graduate+,59476,96.5,77.4,6.18,0,7.73,0,0.005920143,Low risk...
RJ001605,Jaipur,Rural,6,16,Female,Lower-Middle,Primary,11727,84.1,58.7,8.1,1,0.7,0,0.027650297,Low risk...
RJ001606,Udaipur,Urban,6,13,Male,Upper-Middle,No formal,39664,91.0,67.8,0.69,0,3.73,0,0.013279429,Low risk...
RJ001607,Jaipur,Rural,8,15,Female,High,Primary,61511,91.7,69.6,4.17,0,3.11,1,0.8828063,High risk...
RJ001608,Sikar,Rural,4,9,Female,Lower-Middle,Secondary,14048,82.1,53.2,6.46,1,6.39,0,0.11847528,Low risk...
RJ001609,Jodhpur,Rural,3,8,Female,Low,Secondary,5587,77.5,59.3,3.46,1,3.44,1,0.914635,High risk...
RJ001610,Udaipur,Rural,6,17,Male,Middle,Graduate+,22342,86.8,86.1,5.44,0,4.35,0,0.0018844386,Low risk...
RJ001611,Barmer,Urban,4,12,Male,Low,Higher Secondary,5760,72.2,65.7,3.17,1,6.79,0,0.06300894,Low risk...
RJ001612,Ajmer,Rural,2,17,Female,Low,Primary,6530,80.9,69.9,0.1,1,5.54,0,0.024266267,Low risk...
RJ001613,Udaipur,Rural,6,7,Male,Middle,Primary,20334,86.2,66.4,5.79,1,3.43,0,0.006913345,Low risk...
RJ001614,Kota,Rural,10,13,Female,Lower-Middle,Secondary,16475,83.5,53.0,0.1,0,6.22,1,0.91533035,High risk...
RJ001615,Kota,Urban,5,11,Male,Low,Higher Secondary,7277,74.6,64.1,2.63,1,7.56,0,0.14190415,Low risk...
RJ001616,Alwar,Urban,11,12,Male,Middle,Primary,18319,82.3,73.3,0.68,0,9.83,0,0.006266175,Low risk...
RJ001617,Bhilwara,Rural,9,10,Male,Middle,Primary,22869,88.2,59.0,6.5,1,7.61,0,0.0074107447,Low risk...
RJ001618,Alwar,Urban,11,14,Female,Low,Higher Secondary,4411,71.9,69.5,0.82,1,8.7,0,0.024608744,Low risk...
RJ001619,Udaipur,Rural,6,10,Male,Low,Primary,5164,73.9,46.3,0.1,1,3.14,1,0.97159284,High risk...
RJ001620,Alwar,Rural,3,16,Female,Low,Primary,5404,71.4,58.6,4.89,1,6.61,0,0.02997234,Low risk...
RJ001621,Bikaner,Rural,11,10,Female,Lower-Middle,Higher Secondary,14431,79.0,72.2,3.23,1,6.79,0,0.047359664,Low risk...
RJ001622,Jaipur,Rural,5,8,Female,Middle,Higher Secondary,30078,84.5,68.6,6.96,0,3.58,1,0.88596076,High risk...
RJ001623,Udaipur,Rural,10,16,Female,Middle,No formal,18293,82.2,82.6,8.43,0,3.69,0,0.051141012,Low risk...
RJ001624,Bhilwara,Rural,8,6,Male,Middle,Primary,27792,83.0,61.5,0.1,1,6.27,0,0.053360224,Low risk...
RJ001625,Jodhpur,Rural,9,7,Male,Low,Primary,8236,73.3,55.0,4.05,1,3.23,0,0.122975506,Low risk...
RJ001626,Alwar,Rural,8,13,Male,Low,Higher Secondary,6839,67.9,62.8,6.5,1,5.32,1,0.972671,High risk...
RJ001627,Jodhpur,Rural,3,6,Female,Low,Graduate+,8234,74.4,61.1,2.99,1,3.51,1,0.8962889,High risk...
RJ001628,Udaipur,Rural,9,12,Female,Low,Secondary,5798,74.9,51.4,9.24,0,4.1,0,0.0046374244,Low risk...
RJ001629,Jaipur,Rural,3,10,Male,Low,Primary,6131,71.3,49.6,2.8,1,2.77,0,0.035068914,Low risk...
RJ001630,Bikaner,Urban,8,8,Male,Lower-Middle,No formal,12562,79.0,67.0,1.78,0,9.47,0,0.008956077,Low risk...
RJ001631,Alwar,Rural,10,17,Female,Low,Secondary,8081,69.6,57.3,0.78,1,4.9,0,0.019844806,Low risk...
RJ001632,Kota,Rural,9,17,Male,Middle,Primary,24155,82.8,78.9,4.46,1,9.01,0,0.01008922,Low risk...
RJ001633,Alwar,Rural,7,16,Female,Middle,Secondary,34710,90.0,68.5,0.1,0,5.31,0,0.00989877,Low risk...
RJ001634,Sikar,Rural,4,12,Male,Lower-Middle,Secondary,12962,75.5,69.0,3.26,0,5.31,1,0.79978806,High risk...
RJ001635,Bhilwara,Rural,10,14,Female,Low,Primary,5116,73.8,64.0,7.81,1,8.76,1,0.9486754,High risk...
RJ001636,Jodhpur,Rural,9,7,Male,Upper-Middle,Graduate+,34766,86.6,70.8,0.1,0,3.6,0,0.031969067,Low risk...
RJ001637,Bikaner,Rural,3,13,Male,High,No formal,65681,92.4,61.9,0.1,0,6.86,0,0.026730401,Low risk...
RJ001638,Jodhpur,Rural,3,14,Male,Low,Secondary,4365,71.7,47.2,7.35,0,3.39,0,0.026544733,Low risk...
RJ001639,Bhilwara,Rural,2,16,Male,Middle,Primary,29615,89.8,73.9,7.76,0,7.36,0,0.02265784,Low risk...
RJ001640,Bhilwara,Urban,10,8,Male,Middle,Secondary,26546,82.9,77.3,1.09,1,7.92,0,0.0008690291,Low risk...
RJ001641,Udaipur,Rural,3,7,Male,Lower-Middle,Secondary,14599,80.0,53.3,9.2,0,4.75,1,0.8760633,High risk...
RJ001642,Barmer,Rural,1,12,Female,Low,No formal,7486,76.3,56.3,5.3,1,4.65,0,0.15626769,Low risk...
RJ001643,Udaipur,Rural,4,10,Male,Lower-Middle,Primary,16223,80.0,58.3,7.15,1,4.82,0,0.16813573,Low risk...
RJ001644,Ajmer,Urban,8,10,Female,Lower-Middle,No formal,9383,72.5,61.4,1.38,1,7.23,0,0.032045823,Low risk...
RJ001645,Jaipur,Urban,5,15,Male,Lower-Middle,No formal,9963,78.5,58.0,1.26,1,4.6,0,0.03212878,Low risk...
RJ001646,Alwar,Rural,2,10,Female,Upper-Middle,Secondary,48771,94.2,85.1,3.2,0,4.62,0,0.0013498565,Low risk...
RJ001647,Jaipur,Urban,3,9,Female,Middle,No formal,19767,82.5,59.9,0.71,1,4.78,0,0.021832956,Low risk...
RJ001648,Sikar,Rural,1,18,Male,Low,Primary,4589,72.7,49.3,5.45,1,5.42,0,0.033745136,Low risk...
RJ001649,Sikar,Rural,2,10,Male,Lower-Middle,No formal,13997,80.2,57.9,2.82,0,5.75,1,0.7896896,High risk...
RJ001650,Alwar,Rural,1,18,Male,Middle,Secondary,30182,85.8,66.6,0.1,1,5.81,0,0.0033546262,Low risk...
RJ001651,Jaipur,Urban,2,9,Male,Low,Secondary,7742,75.4,67.4,1.97,1,5.08,0,0.03496677,Low risk...
RJ001652,Kota,Rural,3,18,Male,Lower-Middle,Primary,16092,77.7,59.2,3.05,1,6.69,0,0.052834738,Low risk...
RJ001653,Jodhpur,Rural,1,11,Female,Upper-Middle,Secondary,45439,90.8,76.0,1.7,0,3.51,0,0.004111591,Low risk...
RJ001654,Kota,Rural,11,9,Female,Lower-Middle,Higher Secondary,16631,76.9,60.2,7.72,0,7.89,0,0.08587079,Low risk...
RJ001655,Jaipur,Rural,9,7,Male,Low,No formal,4359,73.9,55.5,11.18,1,2.96,1,0.955561,High risk...
RJ001656,Bhilwara,Rural,10,14,Female,Low,Secondary,7855,75.2,56.8,1.24,1,7.71,0,0.030642606,Low risk...
RJ001657,Udaipur,Urban,5,7,Female,Lower-Middle,Primary,11100,79.2,56.3,0.65,1,6.07,0,0.050398037,Low risk...
RJ001658,Kota,Rural,8,14,Female,Lower-Middle,No formal,16142,84.2,74.2,2.8,1,8.91,0,0.02451865,Low risk...
RJ001659,Bikaner,Rural,5,15,Male,Low,Primary,5135,73.4,53.9,10.87,1,6.78,1,0.92012876,High risk...
RJ001660,Bikaner,Rural,8,11,Male,Lower-Middle,No formal,14624,81.0,59.3,5.48,1,6.94,0,0.050181933,Low risk...
RJ001661,Ajmer,Rural,7,14,Male,Low,Higher Secondary,5987,78.8,76.0,6.78,1,2.69,0,0.0027707058,Low risk...
RJ001662,Udaipur,Rural,12,14,Female,Low,No formal,5802,70.9,62.0,7.55,1,3.03,0,0.03925713,Low risk...
RJ001663,Barmer,Urban,4,8,Male,Lower-Middle,No formal,8899,76.4,72.5,0.91,1,5.24,1,0.82849854,High risk...
RJ001664,Udaipur,Rural,7,6,Male,Low,Primary,7165,73.3,63.4,3.44,1,4.48,1,0.75528586,High risk...
RJ001665,Bhilwara,Rural,6,6,Male,Upper-Middle,Secondary,37024,87.7,65.8,8.56,1,8.96,0,0.0024344411,Low risk...
RJ001666,Barmer,Rural,3,8,Male,Low,Secondary,6145,74.2,79.0,6.33,1,5.28,1,0.9575478,High risk...
RJ001667,Jodhpur,Rural,9,10,Female,Middle,Primary,19973,90.0,74.3,1.46,0,5.08,0,0.0025051928,Low risk...
RJ001668,Bhilwara,Rural,12,18,Male,Lower-Middle,Higher Secondary,13478,72.8,62.8,1.83,0,6.44,0,0.08033029,Low risk...
RJ001669,Jaipur,Rural,10,8,Female,Lower-Middle,Graduate+,10341,78.4,70.0,2.83,1,2.41,0,0.015285339,Low risk...
RJ001670,Sikar,Rural,9,17,Female,Middle,Primary,27902,81.4,65.9,7.48,0,5.17,0,0.043773178,Low risk...
RJ001671,Bikaner,Urban,5,14,Male,Lower-Middle,Secondary,16352,79.1,63.6,0.74,1,8.14,0,0.033495523,Low risk...
RJ001672,Barmer,Rural,8,14,Female,Middle,Primary,33616,86.7,56.6,10.46,1,3.83,0,0.02542312,Low risk...
RJ001673,Barmer,Rural,7,8,Female,Lower-Middle,No formal,10084,80.0,74.5,1.87,0,4.91,0,0.11395534,Low risk...
RJ001674,Sikar,Rural,9,8,Male,Lower-Middle,Primary,9233,77.3,61.8,4.42,1,4.23,1,0.66460407,Moderate risk..
RJ001675,Sikar,Urban,7,17,Male,Middle,No formal,18247,83.1,64.8,1.94,1,7.74,1,0.008241596,Low risk...
RJ001676,Kota,Rural,4,10,Male,Lower-Middle,Graduate+,15359,81.4,88.0,3.45,0,6.97,0,0.012795228,Low risk...
RJ001677,Jaipur,Urban,4,7,Female,Lower-Middle,No formal,10494,85.6,59.4,1.49,1,5.07,0,0.022648577,Low risk...
RJ001678,Bikaner,Rural,11,11,Female,Middle,Secondary,22469,80.3,71.4,3.86,1,7.37,0,0.06684022,Low risk...
RJ001679,Jodhpur,Rural,8,12,Male,Upper-Middle,Primary,38627,94.2,65.8,7.95,0,3.63,0,0.029026207,Low risk...
RJ001680,Alwar,Rural,6,18,Male,Lower-Middle,Secondary,15457,83.1,70.4,2.45,1,6.63,0,0.01853567,Low risk...
RJ001681,Kota,Rural,9,14,Male,Lower-Middle,No formal,16623,82.1,64.4,6.22,1,5.77,0,0.06850645,Low risk...
RJ001682,Bhilwara,Rural,10,11,Female,Low,Secondary,7372,72.4,67.8,2.67,1,8.44,1,0.9117343,High risk...
RJ001683,Ajmer,Rural,7,8,Male,Lower-Middle,No formal,15318,82.5,72.7,0.1,1,4.65,0,0.00903911,Low risk...
RJ001684,Sikar,Urban,7,17,Female,Lower-Middle,Higher Secondary,13612,76.0,61.4,0.87,1,7.83,0,0.033334896,Low risk...
RJ001685,Jaipur,Rural,4,10,Male,Middle,Higher Secondary,26754,84.5,82.4,4.37,0,3.81,0,0.032834187,Low risk...
RJ001686,Barmer,Urban,3,9,Female,Lower-Middle,Secondary,14461,83.3,79.9,2.04,0,7.05,0,0.06642962,Low risk...
RJ001687,Bhilwara,Rural,8,10,Female,Middle,No formal,18126,85.4,62.7,2.62,1,7.03,0,0.005181856,Low risk...
RJ001688,Udaipur,Rural,7,13,Female,Low,No formal,4458,72.6,57.0,3.49,1,4.22,1,0.9474468,High risk...
RJ001689,Ajmer,Urban,4,13,Male,Lower-Middle,Higher Secondary,14173,73.0,60.2,1.44,1,7.6,1,0.869068,High risk...
RJ001690,Sikar,Rural,4,11,Female,Upper-Middle,No formal,42055,89.2,64.6,2.2,0,5.51,0,0.069908254,Low risk...
RJ001691,Jodhpur,Rural,1,6,Male,Low,No formal,6253,72.5,47.4,2.55,1,5.42,0,0.2891272,Low risk...
RJ001692,Udaipur,Rural,11,13,Male,Low,Primary,7484,72.5,65.3,4.22,1,4.33,0,0.13027614,Low risk...
RJ001693,Bikaner,Urban,7,13,Female,Lower-Middle,Primary,13248,78.4,46.2,1.67,1,8.03,1,0.7986688,High risk...
RJ001694,Jaipur,Rural,1,7,Female,Middle,No formal,31592,86.1,59.6,0.1,0,3.26,0,0.040625222,Low risk...
RJ001695,Kota,Urban,10,9,Female,Lower-Middle,Secondary,11921,85.4,68.9,2.13,0,9.76,0,0.0024066258,Low risk...
RJ001696,Jaipur,Urban,10,17,Male,Lower-Middle,Primary,10814,80.6,74.4,1.23,1,3.87,1,0.92491364,High risk...
RJ001697,Jaipur,Urban,4,7,Female,Middle,No formal,21610,89.7,63.0,0.9,1,5.9,0,0.018952964,Low risk...
RJ001698,Jaipur,Rural,11,9,Female,Low,Primary,4753,77.6,65.6,8.01,1,3.25,0,0.025781354,Low risk...
RJ001699,Bhilwara,Urban,3,17,Female,Middle,Primary,18144,89.4,68.6,0.64,1,7.36,0,0.048638064,Low risk...
RJ001700,Udaipur,Urban,11,18,Female,Low,Secondary,4423,68.7,66.8,2.17,1,5.68,0,0.24462432,Low risk...
RJ001701,Bhilwara,Rural,3,18,Female,Lower-Middle,No formal,10676,78.3,63.5,1.76,1,6.45,1,0.18914624,Low risk...
RJ001702,Bikaner,Rural,12,15,Male,Middle,Secondary,22372,85.4,75.9,1.9,1,6.69,0,0.011328601,Low risk...
RJ001703,Kota,Urban,1,12,Female,Middle,Primary,24181,81.8,60.3,2.24,0,8.25,0,0.021496635,Low risk...
RJ001704,Udaipur,Urban,4,14,Female,Middle,Primary,27853,86.3,59.3,2.07,0,5.59,0,0.05519077,Low risk...
RJ001705,Bikaner,Rural,1,13,Female,Middle,No formal,30788,81.5,65.3,3.48,0,6.88,0,0.06906039,Low risk...
RJ001706,Jaipur,Urban,8,17,Male,Lower-Middle,No formal,10061,78.8,56.9,2.16,0,5.5,0,0.6126886,Moderate risk..
RJ001707,Ajmer,Rural,1,14,Male,Low,Higher Secondary,7389,78.6,67.8,6.35,1,6.01,0,0.03705393,Low risk...
RJ001708,Jodhpur,Urban,12,13,Male,Low,Primary,4784,71.3,60.9,1.57,1,6.14,1,0.8964951,High risk...
RJ001709,Ajmer,Urban,6,7,Female,Upper-Middle,Secondary,62644,92.3,83.3,1.47,0,8.3,0,0.019625137,Low risk...
RJ001710,Ajmer,Rural,7,12,Female,Upper-Middle,Graduate+,40479,94.9,85.7,5.56,0,7.05,0,0.0059092455,Low risk...
RJ001711,Jodhpur,Urban,10,7,Male,High,Secondary,102891,90.1,66.6,1.5,0,5.3,0,0.0002579277,Low risk...
RJ001712,Jaipur,Urban,12,18,Female,Low,Primary,5000,78.9,53.8,1.0,1,3.96,0,0.047005337,Low risk...
RJ001713,Sikar,Rural,2,17,Female,Lower-Middle,Primary,16385,82.1,78.5,6.61,1,5.12,0,0.06758221,Low risk...
RJ001714,Bikaner,Rural,4,16,Female,Lower-Middle,Graduate+,15344,83.3,59.8,6.39,1,7.38,1,0.84417117,High risk...
RJ001715,Jaipur,Rural,11,7,Male,Middle,Secondary,23789,81.2,63.1,9.7,0,5.84,0,0.08805904,Low risk...
RJ001716,Bhilwara,Rural,3,9,Female,Lower-Middle,Secondary,11940,85.9,74.7,6.2,0,6.78,0,0.05122707,Low risk...
RJ001717,Jaipur,Rural,9,6,Male,Middle,Primary,17567,87.1,81.0,9.12,1,3.89,0,0.0041473997,Low risk...
RJ001718,Alwar,Rural,7,10,Female,Lower-Middle,Higher Secondary,10512,83.4,68.9,4.19,1,4.68,0,0.07244429,Low risk...
RJ001719,Bhilwara,Rural,2,11,Male,Low,Secondary,5415,75.7,63.6,8.2,1,6.81,0,0.033971332,Low risk...
RJ001720,Jodhpur,Rural,11,14,Male,Low,Primary,6102,67.2,48.9,8.26,1,2.88,0,0.052059237,Low risk...
RJ001721,Jaipur,Rural,12,15,Female,Low,Secondary,4784,71.9,62.2,3.57,1,2.15,0,0.07461654,Low risk...
RJ001722,Jaipur,Urban,6,13,Male,Lower-Middle,Primary,12422,74.4,51.0,0.62,1,6.47,1,0.9005203,High risk...
RJ001723,Kota,Rural,9,7,Male,Low,No formal,7008,71.0,50.1,2.46,1,8.44,0,0.09688639,Low risk...
RJ001724,Jaipur,Rural,12,6,Female,Low,Higher Secondary,5759,71.1,69.2,5.25,1,3.24,1,0.014121259,Low risk...
RJ001725,Alwar,Rural,3,7,Female,Lower-Middle,No formal,10350,88.1,62.9,0.55,1,6.42,0,0.0063681765,Low risk...
RJ001726,Jaipur,Rural,11,12,Female,Upper-Middle,Primary,48753,88.0,75.7,2.64,0,2.31,0,0.0068370104,Low risk...
RJ001727,Udaipur,Rural,6,9,Male,Middle,Primary,18008,85.9,65.9,7.59,0,3.8,0,0.0088101635,Low risk...
RJ001728,Bhilwara,Rural,3,15,Male,Low,Primary,5632,74.8,49.5,6.0,1,7.33,0,0.36821938,Low risk...
RJ001729,Sikar,Rural,3,10,Male,Low,Primary,6416,71.0,67.5,0.1,1,6.68,0,0.011350627,Low risk...
RJ001730,Ajmer,Rural,4,17,Male,Low,Graduate+,5611,74.8,56.9,0.1,1,5.2,0,0.011103274,Low risk...
RJ001731,Kota,Rural,9,12,Female,High,Primary,75344,91.3,65.6,10.48,0,7.92,1,0.034281127,Low risk...
RJ001732,Ajmer,Rural,11,8,Male,Lower-Middle,No formal,15526,74.1,56.4,7.54,0,4.53,0,0.2125163,Low risk...
RJ001733,Udaipur,Rural,8,15,Male,Low,Secondary,8123,68.9,67.4,2.25,1,4.24,0,0.06395216,Low risk...
RJ001734,Bikaner,Rural,1,7,Male,Middle,No formal,31979,86.6,61.2,0.1,0,8.53,0,0.0029618754,Low risk...
RJ001735,Jaipur,Urban,12,18,Male,Lower-Middle,No formal,9230,76.7,52.1,0.26,0,3.5,0,0.04280753,Low risk...
RJ001736,Barmer,Rural,11,12,Female,Upper-Middle,No formal,40627,85.6,66.2,5.53,0,5.83,0,0.04015364,Low risk...
RJ001737,Bikaner,Urban,1,10,Female,Low,No formal,7187,72.8,55.5,0.68,0,8.56,0,0.012478019,Low risk...
RJ001738,Jodhpur,Urban,7,6,Male,Lower-Middle,Primary,16585,79.9,59.8,0.91,1,4.19,0,0.054841954,Low risk...
RJ001739,Kota,Rural,3,6,Male,Lower-Middle,Primary,10435,82.6,66.9,0.1,1,7.1,0,0.0042221784,Low risk...
RJ001740,Bikaner,Urban,11,14,Male,Upper-Middle,No formal,59794,87.4,56.3,1.16,0,10.0,0,0.004002068,Low risk...
RJ001741,Sikar,Urban,7,10,Female,Upper-Middle,Secondary,54779,87.3,56.6,2.59,0,6.43,0,0.10656085,Low risk...
RJ001742,Alwar,Rural,9,6,Female,Lower-Middle,No formal,16661,79.8,78.5,4.41,1,5.66,0,0.06342002,Low risk...
RJ001743,Sikar,Rural,3,12,Male,Low,Higher Secondary,4593,74.4,65.9,0.1,0,3.8,0,0.046057884,Low risk...
RJ001744,Jaipur,Urban,3,14,Male,Lower-Middle,Secondary,11716,77.4,65.8,0.1,1,3.29,1,0.10359264,Low risk...
RJ001745,Bikaner,Rural,2,16,Female,High,No formal,82774,97.6,65.8,1.4,0,6.19,0,0.0019859606,Low risk...
RJ001746,Udaipur,Rural,10,6,Female,Lower-Middle,Graduate+,14045,78.6,76.8,5.57,1,4.99,1,0.8368512,High risk...
RJ001747,Jaipur,Rural,1,15,Female,Middle,Primary,28945,87.6,63.9,2.46,0,3.56,0,0.031462204,Low risk...
RJ001748,Jodhpur,Rural,9,18,Male,Lower-Middle,Primary,16013,73.3,37.3,2.89,0,5.19,1,0.99197125,High risk...
RJ001749,Sikar,Rural,6,9,Male,Lower-Middle,Primary,15445,77.3,57.4,5.53,0,6.57,0,0.04192968,Low risk...
RJ001750,Jaipur,Urban,6,8,Male,Lower-Middle,Secondary,8865,85.6,67.1,2.51,1,4.35,0,0.004422718,Low risk...
RJ001751,Udaipur,Urban,8,10,Female,Middle,Primary,26014,80.0,62.2,1.78,1,7.04,0,0.020380566,Low risk...
RJ001752,Jodhpur,Rural,11,12,Female,Upper-Middle,No formal,44322,86.2,63.6,5.37,0,3.55,0,0.013841923,Low risk...
RJ001753,Jaipur,Rural,5,13,Male,Lower-Middle,No formal,16776,80.0,56.3,3.73,1,4.61,1,0.79328793,High risk...
RJ001754,Jodhpur,Urban,9,18,Male,Lower-Middle,Secondary,11989,79.0,59.5,2.13,1,6.55,0,0.022611072,Low risk...
RJ001755,Bhilwara,Urban,11,7,Male,Low,No formal,7067,66.5,51.0,0.67,1,8.72,1,0.9151964,High risk...
RJ001756,Sikar,Rural,5,12,Male,Low,No formal,5395,74.5,45.0,6.65,1,5.48,1,0.8794021,High risk...
RJ001757,Bhilwara,Rural,2,6,Male,Upper-Middle,Primary,50861,86.4,51.8,0.1,0,7.47,0,0.021321524,Low risk...
RJ001758,Udaipur,Rural,6,12,Female,Low,Higher Secondary,5068,73.8,65.5,7.62,1,4.09,0,0.045688238,Low risk...
RJ001759,Jaipur,Rural,9,13,Male,Middle,Primary,28063,82.0,65.7,5.07,1,3.22,1,0.8622302,High risk...
RJ001760,Udaipur,Rural,3,7,Male,Middle,Primary,32693,84.4,73.3,1.32,1,3.5,0,0.020215662,Low risk...
RJ001761,Bikaner,Rural,10,14,Female,Middle,Higher Secondary,17837,86.0,70.0,1.98,1,6.88,0,0.047963224,Low risk...
RJ001762,Barmer,Rural,4,6,Male,Upper-Middle,No formal,47394,89.8,57.8,5.75,0,5.91,0,0.003129,Low risk...
RJ001763,Jaipur,Rural,10,18,Male,Lower-Middle,Secondary,16652,78.9,49.8,0.1,0,2.02,1,0.38988754,Low risk...
RJ001764,Udaipur,Rural,11,11,Male,Upper-Middle,Graduate+,36517,88.5,68.5,3.62,0,3.48,1,0.8867798,High risk...
RJ001765,Jodhpur,Urban,8,6,Female,Low,Higher Secondary,4970,76.3,69.6,1.74,1,5.27,0,0.057171814,Low risk...
RJ001766,Kota,Urban,6,8,Female,Lower-Middle,No formal,12355,75.9,70.6,1.14,1,8.64,0,0.047305923,Low risk...
RJ001767,Alwar,Rural,7,16,Male,Middle,Primary,32742,87.8,68.7,2.63,0,5.66,0,0.045697905,Low risk...
RJ001768,Udaipur,Rural,7,11,Male,Low,No formal,6564,73.0,47.6,0.1,0,2.63,0,0.468017,Moderate risk..
RJ001769,Kota,Urban,4,8,Male,Middle,Graduate+,26402,85.4,66.7,0.13,1,9.9,0,0.00092157326,Low risk...
RJ001770,Bikaner,Urban,12,13,Female,Middle,Graduate+,19018,79.1,63.2,1.25,0,9.65,0,0.012325096,Low risk...
RJ001771,Bikaner,Rural,6,10,Female,Middle,No formal,34335,87.3,62.6,4.51,1,7.94,0,0.018652204,Low risk...
RJ001772,Sikar,Rural,12,7,Female,Low,Secondary,5658,67.7,67.6,1.46,1,5.2,0,0.12511079,Low risk...
RJ001773,Barmer,Urban,9,9,Male,Middle,Higher Secondary,21907,85.6,81.4,0.83,0,5.46,0,0.0029579632,Low risk...
RJ001774,Bhilwara,Rural,3,14,Other,Low,No formal,5929,80.8,60.6,4.07,1,6.83,0,0.024214257,Low risk...
RJ001775,Sikar,Rural,8,9,Female,Middle,No formal,24748,87.4,67.4,0.1,0,5.47,0,0.007625481,Low risk...
RJ001776,Kota,Urban,7,15,Female,Lower-Middle,No formal,12252,83.2,57.0,0.14,0,9.54,0,0.058260676,Low risk...
RJ001777,Alwar,Rural,4,15,Female,Lower-Middle,Primary,14184,78.3,48.9,0.72,1,5.28,1,0.8012405,High risk...
RJ001778,Bikaner,Urban,10,13,Male,Lower-Middle,Higher Secondary,15691,79.8,82.6,1.51,1,9.13,1,0.90455824,High risk...
RJ001779,Jodhpur,Urban,3,10,Male,Low,Higher Secondary,4441,71.6,44.8,0.5,1,5.16,0,0.03426495,Low risk...
RJ001780,Barmer,Urban,7,16,Male,Low,No formal,6261,72.3,42.2,1.66,1,6.48,1,0.95186496,High risk...
RJ001781,Jaipur,Urban,10,16,Male,Low,No formal,5939,76.7,73.9,0.72,1,4.86,0,0.07849976,Low risk...
RJ001782,Barmer,Urban,9,15,Female,Lower-Middle,Primary,8491,76.2,61.5,0.15,0,6.46,0,0.64160734,Moderate risk..
RJ001783,Bikaner,Urban,12,18,Female,Middle,Secondary,31789,85.8,60.5,0.87,0,7.0,0,0.009425318,Low risk...
RJ001784,Ajmer,Rural,10,18,Female,Low,Secondary,4638,74.5,68.2,2.23,1,5.49,1,0.84958106,High risk...
RJ001785,Ajmer,Urban,3,6,Male,Low,Primary,4682,78.2,68.7,1.12,1,7.04,0,0.002938934,Low risk...
RJ001786,Barmer,Rural,10,12,Male,Lower-Middle,Secondary,8806,73.7,51.6,0.31,0,5.22,1,0.87624985,High risk...
RJ001787,Ajmer,Rural,9,8,Female,Middle,No formal,21007,85.6,60.6,3.89,0,4.01,0,0.029572709,Low risk...
RJ001788,Ajmer,Rural,8,15,Male,Low,Primary,4943,72.0,65.8,2.29,1,4.29,0,0.035667248,Low risk...
RJ001789,Jaipur,Urban,12,13,Male,Low,Graduate+,5661,73.8,60.2,2.36,1,4.24,0,0.043861754,Low risk...
RJ001790,Udaipur,Urban,3,17,Other,Low,No formal,6969,70.0,57.8,1.0,1,5.81,0,0.013549014,Low risk...
RJ001791,Jodhpur,Rural,8,8,Female,Lower-Middle,Primary,8856,79.6,74.8,2.77,0,4.75,0,0.114861384,Low risk...
RJ001792,Alwar,Rural,12,6,Male,Low,Primary,7813,71.2,39.2,4.13,1,4.66,0,0.048920073,Low risk...
RJ001793,Udaipur,Rural,4,10,Female,Lower-Middle,Primary,11143,74.5,57.6,8.46,1,5.29,0,0.08057037,Low risk...
RJ001794,Alwar,Rural,6,7,Female,Middle,Secondary,28116,82.8,69.8,2.4,1,6.66,0,0.061903883,Low risk...
RJ001795,Jaipur,Rural,12,16,Female,Lower-Middle,Secondary,8501,71.0,46.3,2.8,0,3.75,0,0.03768088,Low risk...
RJ001796,Jaipur,Rural,10,9,Female,Low,Higher Secondary,5736,69.3,57.7,0.1,1,3.98,0,0.0017752099,Low risk...
RJ001797,Alwar,Rural,2,6,Male,Lower-Middle,Primary,8417,83.1,73.8,1.05,1,3.68,0,0.09465349,Low risk...
RJ001798,Jaipur,Rural,8,14,Female,Lower-Middle,Primary,9790,79.1,57.4,5.24,1,3.08,0,0.0071507436,Low risk...
RJ001799,Jaipur,Rural,9,11,Male,Upper-Middle,No formal,45607,88.5,54.7,4.1,0,2.36,0,0.015503,Low risk...
RJ001800,Jaipur,Rural,7,13,Male,Low,Secondary,6447,69.9,69.0,4.14,1,2.7,0,0.042479437,Low risk...
RJ001801,Bhilwara,Urban,8,16,Female,Middle,Primary,20176,87.9,71.9,1.49,1,9.17,1,0.920936,High risk...
RJ001802,Alwar,Urban,7,9,Female,Middle,Higher Secondary,30541,84.9,70.8,0.3,0,7.62,0,0.015624121,Low risk...
RJ001803,Kota,Rural,11,14,Female,Low,Primary,4994,71.1,57.5,10.95,1,8.17,0,0.013227881,Low risk...
RJ001804,Kota,Rural,10,7,Female,Upper-Middle,No formal,35149,90.3,75.9,7.53,0,7.61,0,0.0038831353,Low risk...
RJ001805,Kota,Rural,4,14,Female,Lower-Middle,No formal,11201,77.5,62.4,3.02,0,7.9,0,0.050011262,Low risk...
RJ001806,Sikar,Rural,1,17,Female,Middle,Graduate+,27150,88.7,80.9,5.17,0,3.82,0,0.026819779,Low risk...
RJ001807,Alwar,Urban,3,10,Male,Low,Primary,8353,76.3,55.8,0.73,0,5.57,1,0.7839047,High risk...
RJ001808,Jodhpur,Urban,7,18,Male,Low,No formal,5959,71.4,41.0,2.2,1,5.38,1,0.59932363,Moderate risk..
RJ001809,Jodhpur,Urban,11,11,Male,Lower-Middle,No formal,11978,79.0,65.9,2.01,1,6.19,0,0.1321422,Low risk...
RJ001810,Jaipur,Rural,11,8,Male,Low,Primary,4449,72.4,67.8,2.06,1,3.16,0,0.06570037,Low risk...
RJ001811,Alwar,Rural,7,9,Male,Lower-Middle,No formal,14833,78.7,58.9,3.3,0,4.0,1,0.1285962,Low risk...
RJ001812,Sikar,Urban,11,11,Female,Lower-Middle,Primary,9927,76.6,68.7,0.1,1,6.22,1,0.76025414,High risk...
RJ001813,Jodhpur,Rural,3,12,Female,Lower-Middle,No formal,14656,82.6,60.4,2.21,1,3.16,0,0.054898944,Low risk...
RJ001814,Jaipur,Urban,1,6,Female,Lower-Middle,Primary,16049,84.4,65.5,1.12,1,3.39,0,0.0040589673,Low risk...
RJ001815,Jaipur,Urban,10,12,Female,Low,No formal,7427,71.7,70.5,2.02,0,7.34,1,0.9304482,High risk...
RJ001816,Bhilwara,Rural,9,6,Female,Lower-Middle,Primary,13797,81.4,62.1,3.21,1,8.38,1,0.9299269,High risk...
RJ001817,Kota,Rural,12,10,Male,Lower-Middle,Secondary,13473,78.5,62.3,4.16,1,5.4,1,0.86931336,High risk...
RJ001818,Sikar,Rural,6,11,Male,Low,No formal,6105,68.1,39.4,2.79,0,3.49,0,0.024551056,Low risk...
RJ001819,Ajmer,Rural,12,18,Male,Low,Primary,4807,66.3,60.9,0.1,1,4.19,0,0.028238313,Low risk...
RJ001820,Bikaner,Rural,7,7,Female,Low,Primary,7471,76.5,55.8,3.54,1,5.78,0,0.1331585,Low risk...
RJ001821,Jodhpur,Urban,1,18,Male,Low,No formal,6205,75.3,59.9,0.1,1,7.98,0,0.036894888,Low risk...
RJ001822,Jaipur,Rural,1,15,Female,Upper-Middle,Secondary,51208,92.5,71.0,9.69,0,2.81,0,0.002154451,Low risk...
RJ001823,Ajmer,Rural,4,14,Female,Lower-Middle,Secondary,11542,83.9,64.8,4.08,0,5.36,0,0.07099661,Low risk...
RJ001824,Sikar,Rural,7,15,Male,Low,Secondary,5043,73.0,60.9,6.81,1,4.91,0,0.04488627,Low risk...
RJ001825,Ajmer,Rural,11,11,Male,Low,No formal,7587,71.1,55.8,2.72,1,3.83,0,0.043804802,Low risk...
RJ001826,Udaipur,Urban,11,12,Male,Low,Primary,5638,68.4,66.0,1.69,1,6.52,1,0.9462747,High risk...
RJ001827,Jaipur,Urban,8,15,Male,Lower-Middle,No formal,15680,79.6,73.4,1.92,0,5.77,1,0.8228205,High risk...
RJ001828,Bhilwara,Rural,10,13,Female,Low,Primary,8256,73.3,64.8,5.51,1,7.09,1,0.71381027,High risk...
RJ001829,Sikar,Rural,9,16,Female,Lower-Middle,Primary,15372,76.3,71.6,6.52,1,7.79,0,0.016177723,Low risk...
RJ001830,Kota,Urban,1,18,Female,Lower-Middle,Primary,9476,79.2,70.0,1.18,1,9.11,0,0.8659343,High risk...
RJ001831,Bhilwara,Urban,4,15,Female,Middle,Secondary,32463,94.4,78.6,0.8,0,8.2,0,0.013726832,Low risk...
RJ001832,Ajmer,Rural,4,6,Female,Low,No formal,6381,74.2,69.7,2.25,1,6.91,0,0.051529247,Low risk...
RJ001833,Ajmer,Urban,3,13,Female,Lower-Middle,Graduate+,10428,78.9,59.4,1.44,0,6.9,0,0.065366834,Low risk...
RJ001834,Alwar,Urban,7,9,Male,Middle,No formal,19130,87.1,60.3,1.81,0,8.49,0,0.035157792,Low risk...
RJ001835,Sikar,Urban,1,15,Female,Lower-Middle,Secondary,10739,81.8,60.5,1.08,0,6.87,0,0.0068177814,Low risk...
RJ001836,Ajmer,Urban,9,13,Male,Middle,Primary,19905,80.7,61.6,0.1,1,3.48,0,0.03750212,Low risk...
RJ001837,Jaipur,Rural,8,18,Male,Middle,Higher Secondary,17949,85.9,77.4,3.56,1,2.05,0,0.0040622302,Low risk...
RJ001838,Kota,Rural,2,11,Male,Lower-Middle,No formal,16697,78.9,51.9,4.07,1,8.45,0,0.2679007,Low risk...
RJ001839,Bhilwara,Urban,2,16,Female,Lower-Middle,Primary,15385,86.2,71.3,0.1,0,8.06,0,0.4397185,Moderate risk..
RJ001840,Jodhpur,Urban,8,14,Male,High,Primary,97381,93.0,66.7,1.76,0,5.85,0,0.0032082712,Low risk...
RJ001841,Kota,Urban,11,16,Male,Middle,Graduate+,20878,82.2,69.0,0.84,1,10.0,1,0.8162922,High risk...
RJ001842,Bikaner,Rural,1,9,Other,Upper-Middle,Graduate+,32374,92.3,79.5,5.82,0,7.44,0,0.0060987817,Low risk...
RJ001843,Bikaner,Urban,7,7,Female,Low,No formal,6238,75.7,72.4,0.65,0,7.91,0,0.028876912,Low risk...
RJ001844,Ajmer,Rural,9,7,Female,Lower-Middle,Secondary,14630,78.6,59.5,9.29,1,4.99,0,0.08618529,Low risk...
RJ001845,Bhilwara,Urban,12,10,Female,Upper-Middle,Primary,61829,92.9,70.7,2.35,1,8.76,1,0.90614665,High risk...
RJ001846,Jodhpur,Urban,3,15,Female,Low,No formal,7744,78.4,51.9,1.85,1,5.19,1,0.9212749,High risk...
RJ001847,Jaipur,Urban,7,14,Female,High,No formal,106036,93.5,63.8,1.72,0,3.73,0,0.012403402,Low risk...
RJ001848,Jodhpur,Urban,6,17,Male,Low,Graduate+,5202,70.7,56.2,1.93,0,5.24,1,0.873549,High risk...
RJ001849,Barmer,Rural,7,8,Female,Upper-Middle,Primary,36393,88.6,70.7,5.88,0,4.6,0,0.02897818,Low risk...
RJ001850,Ajmer,Rural,7,13,Female,Lower-Middle,No formal,10481,80.4,65.1,2.98,1,3.56,0,0.48096585,Moderate risk..
RJ001851,Kota,Rural,10,9,Male,Low,No formal,4782,69.0,60.4,5.03,1,6.45,0,0.029036988,Low risk...
RJ001852,Sikar,Urban,1,11,Male,Upper-Middle,Primary,56652,95.9,67.1,2.3,0,6.2,0,0.011370968,Low risk...
RJ001853,Barmer,Urban,3,15,Male,Low,Primary,7993,72.1,62.9,2.23,1,4.33,0,0.03595956,Low risk...
RJ001854,Barmer,Urban,10,11,Female,Low,Primary,5491,69.6,58.3,1.5,1,6.32,0,0.11480587,Low risk...
RJ001855,Barmer,Rural,1,8,Male,Low,Primary,7883,74.3,59.7,4.79,1,4.93,0,0.012238548,Low risk...
RJ001856,Jodhpur,Urban,5,10,Female,Middle,No formal,18463,88.2,56.5,0.22,0,5.05,0,0.018962458,Low risk...
RJ001857,Alwar,Rural,3,17,Female,High,Primary,93932,91.6,71.8,0.86,0,3.99,0,0.012375745,Low risk...
RJ001858,Bikaner,Urban,1,8,Female,Low,No formal,6415,70.6,57.3,2.55,1,9.17,0,0.051024847,Low risk...
RJ001859,Barmer,Urban,2,16,Female,Lower-Middle,Higher Secondary,10725,84.8,72.1,0.27,0,6.74,0,0.06392502,Low risk...
RJ001860,Alwar,Rural,10,16,Male,Low,No formal,7426,70.2,58.8,6.05,1,5.46,0,0.11657435,Low risk...
RJ001861,Sikar,Rural,5,6,Male,Middle,Secondary,21211,82.8,73.2,3.27,0,5.45,0,0.0071321083,Low risk...
RJ001862,Ajmer,Rural,11,12,Male,Low,Primary,5948,68.7,48.0,6.11,1,5.59,1,0.6359291,Moderate risk..
RJ001863,Jodhpur,Rural,3,9,Female,Low,Primary,7181,80.2,62.0,1.91,1,4.0,0,0.096806474,Low risk...
RJ001864,Udaipur,Rural,6,12,Male,Low,Primary,5621,71.5,62.6,0.1,1,3.06,1,0.85878557,High risk...
RJ001865,Bhilwara,Urban,9,8,Male,Lower-Middle,Secondary,15585,77.6,62.4,1.72,0,8.58,0,0.024330484,Low risk...
RJ001866,Bhilwara,Rural,6,17,Male,Upper-Middle,Higher Secondary,58761,88.2,81.0,2.49,1,6.76,0,0.08050286,Low risk...
RJ001867,Jaipur,Urban,2,16,Female,Lower-Middle,Primary,10101,77.8,63.0,1.39,1,5.04,0,0.064880766,Low risk...
RJ001868,Jodhpur,Rural,2,10,Male,Low,No formal,6050,73.3,41.8,8.65,1,4.98,0,0.03457033,Low risk...
RJ001869,Jaipur,Rural,8,10,Female,Lower-Middle,Secondary,12029,74.6,69.5,3.75,1,2.41,1,0.80096817,High risk...
RJ001870,Alwar,Rural,11,18,Male,Middle,No formal,24676,85.9,64.1,6.76,1,5.54,0,0.030883774,Low risk...
RJ001871,Sikar,Rural,8,7,Female,Low,Secondary,6308,72.8,47.5,6.36,1,4.16,0,0.43248007,Moderate risk..
RJ001872,Jodhpur,Rural,6,16,Male,Low,No formal,4512,80.9,60.0,4.02,1,3.18,1,0.88356227,High risk...
RJ001873,Udaipur,Urban,10,15,Female,Low,Secondary,7854,69.4,49.5,0.94,1,7.05,0,0.07998138,Low risk...
RJ001874,Barmer,Urban,7,17,Female,Middle,Primary,22574,82.4,71.1,0.96,1,6.65,0,0.058957227,Low risk...
RJ001875,Alwar,Urban,1,7,Male,Lower-Middle,No formal,8415,86.6,65.2,1.33,1,7.02,0,0.04531264,Low risk...
RJ001876,Udaipur,Rural,12,9,Female,Lower-Middle,Secondary,14155,79.7,58.4,1.28,1,2.32,1,0.87435716,High risk...
RJ001877,Ajmer,Rural,9,9,Female,Low,Primary,6932,73.2,66.0,8.3,1,4.76,0,0.69491327,Moderate risk..
RJ001878,Udaipur,Urban,5,9,Female,Low,No formal,8329,70.7,59.6,0.93,1,3.4,0,0.03764155,Low risk...
RJ001879,Kota,Urban,9,11,Female,High,Primary,96278,96.2,71.4,1.64,0,8.91,1,0.8705878,High risk...
RJ001880,Udaipur,Rural,2,7,Male,Low,Primary,5597,75.3,50.8,0.1,1,2.73,0,0.9400505,High risk...
RJ001881,Alwar,Rural,8,11,Female,Upper-Middle,No formal,61507,87.2,59.1,3.04,0,5.92,0,0.031153811,Low risk...
RJ001882,Barmer,Rural,7,12,Female,Lower-Middle,Graduate+,11469,82.4,65.1,7.63,1,4.86,1,0.8610532,High risk...
RJ001883,Ajmer,Urban,11,16,Female,Low,Secondary,7649,70.9,66.5,0.7,0,5.28,0,0.077270895,Low risk...
RJ001884,Sikar,Rural,4,15,Female,Lower-Middle,No formal,11220,77.0,46.3,0.1,1,5.79,0,0.10217395,Low risk...
RJ001885,Jodhpur,Rural,3,8,Male,Upper-Middle,Higher Secondary,33034,91.1,74.7,4.51,1,6.19,0,0.016473003,Low risk...
RJ001886,Bikaner,Urban,4,16,Female,Lower-Middle,Primary,14564,78.2,60.5,1.16,1,8.56,0,0.15834023,Low risk...
RJ001887,Jaipur,Rural,4,17,Female,Upper-Middle,Secondary,42532,81.5,75.2,4.61,0,4.49,0,0.015803166,Low risk...
RJ001888,Jodhpur,Rural,10,13,Male,Low,Primary,5623,68.9,58.8,2.78,1,1.99,1,0.89052325,High risk...
RJ001889,Alwar,Rural,10,7,Female,Lower-Middle,Secondary,14413,75.9,67.8,6.57,1,5.83,1,0.7873619,High risk...
RJ001890,Bhilwara,Rural,8,16,Female,Middle,Secondary,23136,81.0,62.4,7.43,0,6.58,0,0.020920733,Low risk...
RJ001891,Jaipur,Rural,4,13,Male,Upper-Middle,Secondary,35217,92.2,63.5,3.54,0,3.34,0,0.030416846,Low risk...
RJ001892,Bikaner,Rural,5,18,Male,Lower-Middle,No formal,11798,77.7,57.5,8.56,1,7.86,0,0.02076244,Low risk...
RJ001893,Sikar,Urban,2,16,Female,Lower-Middle,Primary,15320,82.9,71.6,1.39,1,6.67,0,0.04812099,Low risk...
RJ001894,Jodhpur,Rural,4,10,Male,Low,Primary,4747,70.8,64.3,2.53,1,2.48,0,0.0780833,Low risk...
RJ001895,Udaipur,Urban,7,7,Male,Low,No formal,6529,75.7,55.5,0.28,1,7.0,1,0.8007322,High risk...
RJ001896,Alwar,Rural,3,12,Male,Low,Primary,4755,71.2,51.4,7.96,1,3.91,0,0.05904986,Low risk...
RJ001897,Ajmer,Rural,1,7,Male,Low,Secondary,4407,69.0,50.9,2.14,1,4.16,0,0.012165162,Low risk...
RJ001898,Jodhpur,Urban,8,11,Female,Low,Higher Secondary,5791,76.2,65.0,1.94,1,5.72,0,0.028567307,Low risk...
RJ001899,Kota,Urban,8,15,Male,Low,Primary,6963,69.9,58.6,1.81,0,9.01,1,0.95514035,High risk...
RJ001900,Sikar,Rural,6,8,Female,High,No formal,71399,97.8,84.0,3.69,0,5.84,0,0.058449633,Low risk...
RJ001901,Udaipur,Rural,7,14,Female,Middle,Higher Secondary,25300,86.7,73.4,4.01,1,4.11,0,0.02801998,Low risk...
RJ001902,Jaipur,Rural,10,8,Female,Lower-Middle,Higher Secondary,12527,79.9,73.3,3.24,1,4.76,1,0.877254,High risk...
RJ001903,Sikar,Rural,11,16,Male,High,Primary,103112,93.1,65.2,7.96,0,5.9,0,0.0042611267,Low risk...
RJ001904,Jaipur,Rural,2,17,Female,Low,No formal,7640,75.8,59.3,10.43,1,2.43,0,0.04911089,Low risk...
RJ001905,Alwar,Rural,5,17,Male,Lower-Middle,Secondary,8420,80.4,67.4,4.21,1,2.76,0,0.022582538,Low risk...
RJ001906,Jodhpur,Urban,12,8,Male,Lower-Middle,Secondary,11877,80.3,65.1,0.26,1,5.75,0,0.042469304,Low risk...
RJ001907,Bhilwara,Rural,7,10,Female,Low,No formal,6956,73.3,57.3,2.34,1,8.62,1,0.558073,Moderate risk..
RJ001908,Kota,Rural,9,12,Female,Middle,Secondary,32417,81.8,68.1,3.15,1,6.12,0,0.08667381,Low risk...
RJ001909,Kota,Rural,1,13,Female,Low,Secondary,4405,77.8,68.5,6.02,1,6.32,1,0.9245372,High risk...
RJ001910,Jaipur,Urban,3,17,Female,Low,Primary,6839,68.7,66.2,0.52,1,5.47,1,0.9658314,High risk...
RJ001911,Kota,Rural,6,16,Female,Low,Secondary,7736,77.5,46.4,5.98,1,7.85,0,0.0735437,Low risk...
RJ001912,Barmer,Rural,7,12,Female,Upper-Middle,Primary,39535,93.0,80.3,2.44,0,5.82,0,0.009048066,Low risk...
RJ001913,Bhilwara,Urban,6,14,Female,Middle,Secondary,21092,89.1,57.8,2.18,1,10.0,0,0.014660223,Low risk...
RJ001914,Kota,Rural,1,10,Male,Middle,Primary,25687,91.5,73.0,0.1,1,7.61,0,0.0103786765,Low risk...
RJ001915,Bikaner,Rural,4,15,Male,Lower-Middle,No formal,16486,80.2,80.5,3.03,0,6.34,0,0.21411125,Low risk...
RJ001916,Alwar,Urban,6,16,Female,Low,Secondary,7110,73.2,61.6,0.93,1,5.96,0,0.021434661,Low risk...
RJ001917,Barmer,Urban,8,8,Female,Lower-Middle,Secondary,11966,74.8,64.3,1.38,1,5.65,0,0.034589097,Low risk...
RJ001918,Ajmer,Rural,10,11,Male,Lower-Middle,Graduate+,8575,82.7,69.6,4.54,0,6.03,0,0.06123618,Low risk...
RJ001919,Bikaner,Rural,4,10,Male,Low,Primary,6538,73.0,64.7,4.54,1,6.77,0,0.17892134,Low risk...
RJ001920,Bikaner,Urban,7,17,Male,Middle,No formal,23604,86.0,68.0,1.1,1,9.73,0,0.008640693,Low risk...
RJ001921,Alwar,Urban,11,9,Female,Low,Graduate+,4980,71.8,60.2,1.75,1,5.34,0,0.03446603,Low risk...
RJ001922,Jaipur,Urban,3,17,Female,Low,Secondary,6301,71.0,59.7,1.87,1,5.4,0,0.040839665,Low risk...
RJ001923,Ajmer,Rural,8,7,Female,Middle,Graduate+,23474,79.3,61.1,3.57,0,4.25,0,0.038772415,Low risk...
RJ001924,Kota,Urban,1,12,Female,Middle,No formal,18178,88.0,65.3,1.51,1,9.39,0,0.04768339,Low risk...
RJ001925,Sikar,Urban,4,18,Female,Lower-Middle,Primary,14494,79.1,59.7,1.72,0,6.66,1,0.809427,High risk...
RJ001926,Jaipur,Rural,8,10,Male,Lower-Middle,No formal,14554,78.2,61.5,4.34,1,4.41,0,0.022746898,Low risk...
RJ001927,Ajmer,Rural,10,9,Male,Lower-Middle,Higher Secondary,13598,80.7,63.1,0.18,0,4.56,0,0.06433001,Low risk...
RJ001928,Udaipur,Rural,4,17,Male,Middle,Higher Secondary,32214,87.2,71.0,3.29,0,3.95,0,0.29521,Low risk...
RJ001929,Ajmer,Rural,2,13,Female,Middle,Primary,21056,89.8,69.6,0.71,1,5.81,0,0.017644025,Low risk...
RJ001930,Jaipur,Rural,2,14,Male,Lower-Middle,No formal,10804,82.8,63.8,1.25,1,3.51,1,0.75723493,High risk...
RJ001931,Ajmer,Rural,4,14,Female,High,No formal,81685,92.6,71.3,3.99,0,5.06,0,0.0037543382,Low risk...
RJ001932,Udaipur,Rural,4,8,Female,High,Secondary,59370,90.5,70.9,2.3,0,4.74,0,0.0032752296,Low risk...
RJ001933,Udaipur,Rural,2,8,Male,Lower-Middle,Primary,15822,82.3,58.7,8.4,1,3.9,0,0.6970248,Moderate risk..
RJ001934,Ajmer,Urban,7,10,Female,Middle,Secondary,26086,85.3,69.8,0.57,1,4.91,1,0.83621025,High risk...
RJ001935,Alwar,Rural,6,10,Female,Lower-Middle,Primary,11127,82.2,63.5,6.41,1,4.79,0,0.0955351,Low risk...
RJ001936,Sikar,Rural,11,15,Male,Lower-Middle,Primary,12415,76.5,69.7,6.35,1,3.49,1,0.87314117,High risk...
RJ001937,Jodhpur,Rural,3,7,Male,Low,No formal,5566,74.1,67.2,4.39,1,3.84,0,0.78685904,High risk...
RJ001938,Sikar,Rural,8,6,Female,Lower-Middle,Secondary,10805,77.8,53.7,7.91,1,5.88,0,0.04241724,Low risk...
RJ001939,Udaipur,Rural,8,13,Male,Upper-Middle,Primary,45613,85.7,72.0,3.12,0,4.1,0,0.004601399,Low risk...
RJ001940,Jaipur,Rural,1,8,Male,Middle,Higher Secondary,25933,92.3,82.3,10.36,1,5.01,0,0.017408855,Low risk...
RJ001941,Jaipur,Rural,3,6,Female,Middle,Secondary,25084,90.4,61.5,1.17,0,4.89,0,0.009409927,Low risk...
RJ001942,Kota,Rural,5,6,Female,Low,Primary,6501,70.4,62.5,0.61,1,7.63,0,0.02579503,Low risk...
RJ001943,Sikar,Rural,2,16,Male,Lower-Middle,Primary,14980,83.9,73.1,0.1,1,3.02,0,0.001938098,Low risk...
RJ001944,Alwar,Rural,12,7,Female,Low,Higher Secondary,4441,65.0,51.8,0.34,1,6.03,1,0.012643229,Low risk...
RJ001945,Sikar,Rural,12,11,Female,Low,No formal,7608,73.5,55.7,0.1,1,4.64,0,0.028582728,Low risk...
RJ001946,Udaipur,Urban,5,11,Male,Lower-Middle,Primary,10320,77.9,63.8,0.24,0,6.36,0,0.058237694,Low risk...
RJ001947,Bikaner,Urban,11,8,Female,Lower-Middle,Graduate+,10518,78.1,73.9,0.33,0,9.08,0,0.033666644,Low risk...
RJ001948,Jaipur,Rural,10,17,Male,Lower-Middle,Secondary,13436,71.7,53.1,4.1,1,4.27,1,0.83299196,High risk...
RJ001949,Kota,Rural,3,9,Male,Lower-Middle,Primary,16596,77.4,71.3,0.1,0,7.87,1,0.6854948,Moderate risk..
RJ001950,Bikaner,Rural,9,17,Female,Low,No formal,4273,73.4,41.3,2.59,1,9.66,0,0.021340556,Low risk...
RJ001951,Jaipur,Urban,11,18,Female,Low,Higher Secondary,7027,68.9,72.3,0.82,1,5.63,0,0.5213289,Moderate risk..
RJ001952,Jodhpur,Rural,1,7,Male,Upper-Middle,No formal,53452,89.5,71.6,2.97,0,2.81,0,0.0008430636,Low risk...
RJ001953,Ajmer,Urban,4,7,Female,Low,No formal,6609,78.7,55.7,2.21,0,7.57,0,0.025151135,Low risk...
RJ001954,Alwar,Rural,10,12,Female,Low,No formal,4241,78.1,67.3,0.1,1,4.93,0,0.005975074,Low risk...
RJ001955,Bhilwara,Urban,6,18,Female,Middle,No formal,28111,88.3,58.1,1.44,1,10.0,0,0.021773329,Low risk...
RJ001956,Bhilwara,Urban,9,6,Male,High,Graduate+,62441,87.7,76.0,0.65,0,10.0,0,9.367968e-05,Low risk...
RJ001957,Ajmer,Urban,3,12,Female,Middle,Secondary,18866,92.3,75.3,2.08,1,7.12,0,0.007965062,Low risk...
RJ001958,Bikaner,Rural,3,17,Male,Low,Secondary,7123,70.3,62.1,5.43,1,5.99,0,0.016858462,Low risk...
RJ001959,Ajmer,Rural,12,17,Male,Low,Graduate+,7141,69.6,57.5,3.15,1,4.54,0,0.17140695,Low risk...
RJ001960,Sikar,Urban,5,6,Female,High,No formal,105835,93.2,65.5,0.99,0,8.25,0,0.029532237,Low risk...
RJ001961,Jaipur,Urban,7,11,Female,Middle,No formal,17559,90.8,69.0,0.1,0,7.11,0,0.02908232,Low risk...
RJ001962,Bikaner,Urban,5,8,Female,Lower-Middle,Secondary,11582,82.7,61.8,1.92,0,8.83,0,0.010988352,Low risk...
RJ001963,Sikar,Rural,11,13,Male,Low,Primary,4252,69.6,59.5,9.66,1,5.14,1,0.04343702,Low risk...
RJ001964,Bikaner,Urban,8,11,Male,Low,Primary,5732,69.7,52.5,0.1,1,7.59,0,0.007225813,Low risk...
RJ001965,Ajmer,Urban,5,16,Female,Low,No formal,6265,77.0,67.7,0.1,1,5.33,1,0.0419324,Low risk...
RJ001966,Ajmer,Rural,7,7,Male,Lower-Middle,Primary,12850,77.4,74.5,0.59,1,5.23,0,0.050553065,Low risk...
RJ001967,Jodhpur,Rural,6,13,Female,Low,Primary,5695,74.2,57.7,4.33,1,4.79,0,0.054553438,Low risk...
RJ001968,Kota,Rural,10,10,Male,High,Primary,96617,86.4,74.8,4.44,0,5.88,0,0.023225935,Low risk...
RJ001969,Kota,Rural,2,13,Female,Low,No formal,5945,77.2,58.1,8.98,1,8.2,0,0.029303819,Low risk...
RJ001970,Jaipur,Rural,3,13,Female,Middle,Primary,26550,88.5,61.2,3.3,0,4.98,0,0.024040041,Low risk...
RJ001971,Jaipur,Urban,11,11,Female,Low,Primary,7560,67.3,52.6,1.91,1,5.74,0,0.03145438,Low risk...
RJ001972,Sikar,Rural,11,7,Female,Lower-Middle,Primary,9864,80.1,64.3,4.87,1,7.07,0,0.10700144,Low risk...
RJ001973,Kota,Rural,4,13,Female,Low,Graduate+,5548,76.2,53.9,9.56,1,7.73,0,0.027300544,Low risk...
RJ001974,Udaipur,Rural,5,16,Male,Middle,Graduate+,26625,88.2,80.4,0.1,1,4.34,0,0.011240829,Low risk...
RJ001975,Kota,Rural,9,11,Male,Lower-Middle,Secondary,14848,76.9,64.8,5.45,1,7.72,0,0.08124037,Low risk...
RJ001976,Bhilwara,Rural,6,11,Female,Low,Graduate+,5986,74.0,74.9,0.1,1,8.51,1,0.89479756,High risk...
RJ001977,Jodhpur,Urban,1,13,Male,Middle,Graduate+,18773,88.2,80.3,0.65,0,6.13,0,0.008438459,Low risk...
RJ001978,Bikaner,Urban,3,6,Female,Lower-Middle,Primary,16706,80.6,64.9,1.82,1,8.24,0,0.07184912,Low risk...
RJ001979,Barmer,Rural,7,7,Male,Upper-Middle,Primary,53799,89.5,66.5,8.34,0,5.12,0,0.005508953,Low risk...
RJ001980,Barmer,Rural,8,17,Male,Upper-Middle,Graduate+,54266,92.3,90.1,6.22,1,5.13,0,0.00038849568,Low risk...
RJ001981,Jodhpur,Rural,7,17,Male,Upper-Middle,Secondary,46151,92.2,90.7,3.13,0,3.88,0,0.0010888469,Low risk...
RJ001982,Sikar,Rural,5,14,Female,Low,No formal,6498,70.5,53.1,5.64,1,6.43,1,0.1558756,Low risk...
RJ001983,Bikaner,Rural,10,16,Female,Low,Secondary,8375,74.5,71.0,11.55,1,7.36,0,0.089892104,Low risk...
RJ001984,Udaipur,Urban,8,17,Female,High,No formal,89326,95.1,64.9,0.17,0,6.18,0,0.008807541,Low risk...
RJ001985,Jaipur,Rural,9,13,Female,Lower-Middle,Primary,10239,77.5,57.4,6.88,1,4.12,0,0.020158859,Low risk...
RJ001986,Jaipur,Rural,7,17,Male,Low,No formal,8250,74.5,55.1,2.71,1,2.89,0,0.05439392,Low risk...
RJ001987,Alwar,Urban,11,12,Male,Middle,No formal,26911,84.5,69.7,0.95,0,5.88,1,0.8423593,High risk...
RJ001988,Udaipur,Rural,9,12,Female,Low,No formal,4287,69.5,46.6,6.72,1,3.26,1,0.7214736,High risk...
RJ001989,Bikaner,Urban,1,10,Female,Middle,Higher Secondary,27534,86.9,84.9,2.3,1,8.68,0,0.011156111,Low risk...
RJ001990,Alwar,Rural,9,7,Female,Middle,Primary,18733,86.3,74.9,6.33,1,6.95,1,0.19722593,Low risk...
RJ001991,Sikar,Urban,3,16,Other,Middle,No formal,26733,85.5,70.1,1.03,0,6.86,0,0.003129317,Low risk...
RJ001992,Jodhpur,Rural,6,11,Male,Low,No formal,7666,76.4,57.0,6.22,1,4.47,1,0.78525394,High risk...
RJ001993,Ajmer,Rural,8,15,Male,Lower-Middle,Secondary,12926,82.4,74.1,3.88,1,5.87,0,0.025615035,Low risk...
RJ001994,Jaipur,Rural,3,8,Female,Lower-Middle,Graduate+,11537,84.4,49.8,7.69,0,3.25,0,0.07788247,Low risk...
RJ001995,Alwar,Rural,4,9,Male,Lower-Middle,No formal,15814,86.4,68.9,1.2,1,4.95,0,0.0272014,Low risk...
RJ001996,Ajmer,Urban,7,18,Male,Low,No formal,8096,72.7,58.4,1.11,1,7.55,0,0.0063531287,Low risk...
RJ001997,Bhilwara,Rural,12,15,Male,Lower-Middle,Primary,11319,77.0,46.7,4.33,0,7.72,1,0.88761145,High risk...
RJ001998,Jaipur,Rural,7,17,Male,Lower-Middle,Secondary,12591,80.0,69.3,7.51,1,3.05,0,0.057095394,Low risk...
RJ001999,Jaipur,Rural,4,16,Female,Lower-Middle,Primary,16657,80.3,68.5,1.1,1,3.2,0,0.02379484,Low risk...
RJ002000,Kota,Rural,9,7,Female,Middle,Primary,20617,85.6,52.1,4.72,0,7.46,0,0.019786352,Low risk...
RJ002001,Jodhpur,Urban,3,7,Female,Lower-Middle,Primary,10904,75.9,51.6,2.22,1,5.92,0,0.038461167,Low risk...
RJ002002,Jodhpur,Urban,12,17,Female,Low,Primary,5999,71.1,74.8,2.39,1,6.84,0,0.08546624,Low risk...
RJ002003,Barmer,Rural,8,13,Male,Middle,Higher Secondary,19266,80.4,67.1,5.18,0,5.23,0,0.007762041,Low risk...
RJ002004,Jodhpur,Rural,8,13,Female,Middle,No formal,22261,81.6,70.3,0.16,1,3.11,0,0.09401733,Low risk...
RJ002005,Kota,Urban,4,15,Male,Low,No formal,6488,76.7,68.5,1.61,1,8.09,1,0.7617087,High risk...
RJ002006,Alwar,Rural,7,11,Male,Lower-Middle,Higher Secondary,10319,78.4,70.6,5.28,1,5.67,1,0.83514833,High risk...
RJ002007,Bikaner,Rural,4,18,Male,Low,Higher Secondary,7082,76.6,74.5,1.42,1,7.41,0,0.36688206,Low risk...
RJ002008,Sikar,Rural,12,10,Female,Low,No formal,5660,69.8,38.5,2.98,1,4.57,0,0.0106095895,Low risk...
RJ002009,Jaipur,Rural,1,13,Female,Upper-Middle,Graduate+,34329,95.3,77.8,8.48,0,4.66,0,0.20910253,Low risk...
RJ002010,Udaipur,Rural,1,9,Female,Upper-Middle,Secondary,55583,91.3,48.1,5.25,0,1.73,0,0.03652843,Low risk...
RJ002011,Jaipur,Rural,1,16,Female,Lower-Middle,Primary,13166,76.1,47.3,1.11,1,3.95,0,0.016954463,Low risk...
RJ002012,Jaipur,Rural,2,9,Male,Middle,Primary,31935,88.2,64.2,1.65,1,2.07,0,0.0029404352,Low risk...
RJ002013,Barmer,Urban,6,10,Female,Upper-Middle,Primary,42845,83.0,60.1,1.63,0,7.08,1,0.8882136,High risk...
RJ002014,Jaipur,Rural,12,6,Female,High,No formal,57085,85.1,64.9,6.23,0,3.35,0,0.015861744,Low risk...
RJ002015,Udaipur,Rural,10,6,Male,Lower-Middle,Primary,8792,74.9,60.4,5.09,1,4.72,0,0.05627385,Low risk...
RJ002016,Bikaner,Rural,11,7,Male,Lower-Middle,Secondary,15082,74.0,63.5,3.13,0,6.87,1,0.82033944,High risk...
RJ002017,Kota,Rural,5,13,Female,Lower-Middle,Higher Secondary,11849,78.4,68.8,6.43,1,8.7,1,0.8746006,High risk...
RJ002018,Barmer,Urban,11,12,Female,Low,Primary,8301,67.9,59.0,0.64,1,4.33,0,0.55191,Moderate risk..
RJ002019,Jaipur,Rural,2,15,Female,Lower-Middle,Primary,15375,77.3,54.3,1.44,1,4.49,0,0.04266761,Low risk...
RJ002020,Alwar,Rural,8,14,Female,Middle,Primary,17782,89.1,63.3,8.76,1,4.75,0,0.015370601,Low risk...
RJ002021,Bhilwara,Urban,9,10,Other,Middle,Secondary,32725,82.0,66.9,1.77,1,9.03,0,0.01119625,Low risk...
RJ002022,Udaipur,Rural,7,7,Male,Upper-Middle,Secondary,38205,82.3,67.2,1.65,1,4.39,0,0.065788716,Low risk...
RJ002023,Bhilwara,Rural,12,12,Male,Low,Primary,6242,69.4,48.6,4.4,1,5.76,0,0.08332681,Low risk...
RJ002024,Jaipur,Rural,12,13,Male,Lower-Middle,Secondary,12651,73.1,70.5,4.08,1,4.61,1,0.95030284,High risk...
RJ002025,Bikaner,Rural,9,17,Male,Low,Primary,4451,69.3,63.0,2.95,1,7.66,1,0.14228311,Low risk...
RJ002026,Jodhpur,Urban,4,12,Female,Low,Secondary,4728,76.6,57.1,0.49,0,5.71,0,0.07875331,Low risk...
RJ002027,Alwar,Rural,7,12,Female,Upper-Middle,No formal,44826,87.7,64.5,1.21,0,5.75,0,0.018745365,Low risk...
RJ002028,Bhilwara,Rural,5,17,Female,Lower-Middle,Primary,13798,76.5,77.6,6.62,1,7.28,0,0.05194127,Low risk...
RJ002029,Jodhpur,Urban,5,10,Male,Middle,Primary,22127,87.3,69.3,2.12,0,6.43,1,0.7043603,High risk...
RJ002030,Ajmer,Rural,3,7,Female,Low,Higher Secondary,6411,78.4,70.6,0.1,1,4.53,0,0.015662221,Low risk...
RJ002031,Jodhpur,Rural,9,11,Male,Lower-Middle,Secondary,11585,79.6,60.9,3.32,1,4.93,0,0.031380624,Low risk...
RJ002032,Udaipur,Urban,10,9,Male,Middle,Graduate+,28531,76.1,65.7,1.43,0,6.05,1,0.6755942,Moderate risk..
RJ002033,Bikaner,Rural,5,15,Female,Low,No formal,5983,70.7,68.0,0.1,1,7.09,0,0.065329626,Low risk...
RJ002034,Bhilwara,Rural,6,7,Female,Low,Primary,7777,73.6,60.7,3.53,1,9.0,1,0.89469284,High risk...
RJ002035,Ajmer,Rural,3,17,Male,Low,Primary,8332,74.3,59.6,7.11,1,5.45,0,0.09024617,Low risk...
RJ002036,Kota,Rural,10,14,Male,Middle,Secondary,33478,82.5,67.6,3.68,1,7.57,0,0.01961611,Low risk...
RJ002037,Jaipur,Rural,7,12,Female,High,Higher Secondary,65442,89.1,94.2,6.12,0,4.19,0,0.029786004,Low risk...
RJ002038,Jodhpur,Urban,9,11,Male,Middle,Higher Secondary,25501,79.8,68.6,0.37,0,5.49,0,0.009799364,Low risk...
RJ002039,Jodhpur,Rural,9,17,Male,High,Secondary,81694,97.0,69.6,2.63,0,5.3,0,0.0023043281,Low risk...
RJ002040,Jodhpur,Urban,10,10,Female,Middle,Secondary,32208,83.6,62.9,1.77,1,5.57,0,0.08463923,Low risk...
RJ002041,Barmer,Rural,10,8,Male,Upper-Middle,Graduate+,42751,89.4,82.4,0.15,0,5.51,0,0.014814589,Low risk...
RJ002042,Udaipur,Urban,5,17,Male,Lower-Middle,Primary,13017,80.0,52.2,1.53,1,4.41,0,0.015141241,Low risk...
RJ002043,Udaipur,Urban,7,15,Male,Lower-Middle,Higher Secondary,13518,79.1,71.5,0.1,1,3.68,1,0.6242997,Moderate risk..
RJ002044,Jaipur,Rural,12,15,Female,Lower-Middle,Graduate+,9337,76.3,62.5,3.17,1,4.01,0,0.02680568,Low risk...
RJ002045,Barmer,Urban,12,9,Female,Middle,Primary,27264,79.1,48.2,2.1,1,5.81,0,0.0060247183,Low risk...
RJ002046,Alwar,Rural,3,8,Male,Low,Secondary,5237,70.5,52.5,5.42,1,5.17,0,0.024631336,Low risk...
RJ002047,Jaipur,Urban,6,17,Male,Low,Primary,5068,74.7,60.6,0.5,1,2.77,0,0.42057133,Moderate risk..
RJ002048,Alwar,Rural,12,16,Male,Upper-Middle,No formal,39385,87.1,76.9,4.43,0,7.06,1,0.82414323,High risk...
RJ002049,Udaipur,Rural,8,13,Male,Low,Secondary,4617,75.3,70.5,0.1,1,4.08,1,0.8867307,High risk...
RJ002050,Jaipur,Urban,8,8,Female,High,No formal,59905,93.7,67.4,0.4,0,6.45,0,0.07755386,Low risk...
RJ002051,Bikaner,Rural,2,12,Female,Middle,Primary,28820,85.1,74.4,3.61,0,5.87,1,0.03245401,Low risk...
RJ002052,Udaipur,Urban,6,12,Male,Low,Higher Secondary,8152,76.9,63.7,2.41,0,5.58,1,0.89215225,High risk...
RJ002053,Jodhpur,Urban,7,12,Male,Middle,No formal,29540,87.3,54.1,1.71,1,6.0,1,0.77606994,High risk...
RJ002054,Bhilwara,Rural,12,18,Male,Middle,No formal,22957,84.6,64.4,3.02,0,7.29,0,0.030284554,Low risk...
RJ002055,Barmer,Rural,7,12,Male,Low,Secondary,5607,79.7,53.8,3.22,1,4.93,0,0.02056869,Low risk...
RJ002056,Alwar,Rural,3,7,Male,Middle,Primary,26974,93.1,77.8,5.6,1,3.97,1,0.8100889,High risk...
RJ002057,Bikaner,Urban,9,15,Female,Middle,Primary,32660,86.1,73.7,1.4,1,9.08,0,0.028993782,Low risk...
RJ002058,Bikaner,Rural,2,8,Female,Low,Primary,5050,77.2,54.9,5.09,1,6.42,1,0.83890474,High risk...
RJ002059,Ajmer,Rural,11,15,Female,Low,No formal,6168,74.2,59.2,0.57,1,4.38,1,0.92964995,High risk...
RJ002060,Udaipur,Urban,3,14,Male,Low,No formal,6296,73.2,58.5,1.09,1,5.49,1,0.034610163,Low risk...
RJ002061,Jaipur,Rural,11,8,Female,Low,Higher Secondary,8111,69.3,69.0,0.1,1,3.26,0,0.011882477,Low risk...
RJ002062,Udaipur,Rural,2,7,Male,Low,No formal,6452,77.5,50.0,3.29,0,3.68,1,0.9511209,High risk...
RJ002063,Sikar,Rural,11,14,Male,Middle,Primary,31165,80.4,68.6,8.34,1,6.54,1,0.8570131,High risk...
RJ002064,Bikaner,Urban,9,18,Female,Lower-Middle,Graduate+,9138,79.8,59.8,1.51,0,8.61,1,0.86773556,High risk...
RJ002065,Jaipur,Rural,4,15,Male,Upper-Middle,Higher Secondary,41798,91.0,81.2,2.95,0,3.22,0,0.033730514,Low risk...
RJ002066,Sikar,Urban,2,14,Female,Low,No formal,6768,72.9,65.7,0.93,1,6.79,0,0.00625559,Low risk...
RJ002067,Jodhpur,Rural,3,9,Female,Lower-Middle,Primary,14092,81.1,58.9,4.02,1,2.98,0,0.061648536,Low risk...
RJ002068,Jodhpur,Rural,4,17,Female,Lower-Middle,Secondary,15836,84.4,78.4,5.4,1,4.26,0,0.06904142,Low risk...
RJ002069,Jodhpur,Rural,10,14,Female,Upper-Middle,Secondary,50098,87.7,58.0,5.15,0,4.82,0,0.012611191,Low risk...
RJ002070,Kota,Rural,6,8,Male,Lower-Middle,Secondary,10832,79.8,74.7,2.19,1,7.69,1,0.7404096,High risk...
RJ002071,Alwar,Rural,5,12,Other,Lower-Middle,Primary,12928,81.0,75.7,0.1,1,5.4,0,0.025390644,Low risk...
RJ002072,Udaipur,Rural,3,12,Female,Upper-Middle,No formal,53913,92.4,71.7,0.28,0,4.58,0,0.027222948,Low risk...
RJ002073,Jodhpur,Rural,10,16,Female,Low,Primary,7494,70.5,56.3,7.77,1,3.54,1,0.3395069,Low risk...
RJ002074,Barmer,Urban,8,13,Male,Low,Secondary,8167,73.6,64.7,0.16,1,6.23,0,0.059062697,Low risk...
RJ002075,Barmer,Rural,8,15,Female,Lower-Middle,Secondary,10002,75.4,58.4,3.73,1,6.09,0,0.046484444,Low risk...
RJ002076,Barmer,Rural,7,9,Male,Middle,No formal,29067,82.6,84.1,4.49,0,4.4,0,0.005944351,Low risk...
RJ002077,Jodhpur,Rural,3,8,Female,Low,No formal,5041,73.0,52.6,0.92,1,4.7,0,0.02193404,Low risk...
RJ002078,Bikaner,Rural,1,8,Male,Lower-Middle,Graduate+,11070,83.4,83.1,7.87,1,7.9,0,0.08484427,Low risk...
RJ002079,Bhilwara,Rural,5,17,Female,Lower-Middle,No formal,9599,80.5,55.9,1.84,0,6.39,0,0.16387223,Low risk...
RJ002080,Sikar,Rural,1,10,Male,Upper-Middle,Primary,55849,91.6,83.3,5.31,0,6.1,0,0.005161535,Low risk...
RJ002081,Jaipur,Rural,6,16,Male,Low,Secondary,8039,75.6,79.5,0.1,1,3.01,0,0.04332359,Low risk...
RJ002082,Jaipur,Rural,11,6,Male,Low,Primary,4326,72.1,61.9,3.47,1,4.04,0,0.017602526,Low risk...
RJ002083,Bikaner,Urban,7,15,Male,Lower-Middle,No formal,15233,78.1,62.7,0.55,0,8.14,0,0.04052699,Low risk...
RJ002084,Barmer,Urban,12,8,Male,Lower-Middle,Primary,10431,73.4,52.0,2.02,1,6.48,0,0.054201014,Low risk...
RJ002085,Udaipur,Rural,5,11,Male,Middle,Secondary,26022,83.5,59.5,6.25,0,4.11,0,0.18951826,Low risk...
RJ002086,Udaipur,Rural,4,8,Female,Lower-Middle,Primary,14685,76.1,63.6,0.76,1,4.09,0,0.06511424,Low risk...
RJ002087,Jaipur,Rural,2,10,Female,Middle,Higher Secondary,26370,87.9,84.8,1.29,1,3.88,0,0.027745334,Low risk...
RJ002088,Ajmer,Urban,5,14,Female,Middle,Primary,21547,83.4,61.3,0.46,0,5.97,0,0.045024984,Low risk...
RJ002089,Sikar,Rural,9,7,Male,Upper-Middle,Secondary,60044,86.5,87.6,6.91,0,4.25,0,0.0075534373,Low risk...
RJ002090,Bikaner,Rural,4,16,Male,Lower-Middle,No formal,13386,80.1,56.7,3.11,0,7.35,1,0.86207926,High risk...
RJ002091,Sikar,Rural,2,7,Male,High,Primary,108150,97.6,76.0,5.86,0,6.52,0,0.0057261623,Low risk...
RJ002092,Bhilwara,Rural,6,17,Female,Low,Secondary,7756,76.3,65.6,7.43,1,7.74,0,0.024912925,Low risk...
RJ002093,Jodhpur,Rural,8,11,Female,Middle,No formal,32840,84.3,63.3,1.69,1,4.54,0,0.006122613,Low risk...
RJ002094,Udaipur,Urban,2,11,Male,Lower-Middle,Secondary,11438,85.3,52.8,2.97,1,4.97,0,0.4397169,Moderate risk..
RJ002095,Kota,Urban,9,16,Male,Middle,No formal,34778,78.0,55.3,2.05,1,9.06,0,0.018684328,Low risk...
RJ002096,Sikar,Urban,7,16,Female,Lower-Middle,No formal,15560,84.6,65.9,0.73,1,6.08,0,0.06145941,Low risk...
RJ002097,Ajmer,Rural,2,13,Female,Middle,Primary,23408,89.6,68.6,1.56,0,4.58,0,0.009301634,Low risk...
RJ002098,Ajmer,Rural,11,17,Female,Upper-Middle,Secondary,59737,87.3,75.5,7.04,0,5.36,1,0.06433517,Low risk...
RJ002099,Sikar,Rural,5,18,Female,Middle,No formal,30718,83.3,69.5,3.21,1,3.6,0,0.13470572,Low risk...
RJ002100,Bikaner,Rural,5,16,Male,Middle,Higher Secondary,30190,84.7,69.3,9.27,1,8.99,0,0.057376936,Low risk...
RJ002101,Barmer,Rural,7,7,Male,Low,No formal,4226,74.8,50.7,10.74,1,3.36,0,0.0040426617,Low risk...
RJ002102,Udaipur,Rural,5,14,Male,Low,No formal,4295,75.9,71.4,7.09,1,5.87,0,0.068864636,Low risk...
RJ002103,Jodhpur,Rural,11,7,Male,High,No formal,94908,92.0,57.9,0.1,0,3.26,0,0.017297873,Low risk...
RJ002104,Alwar,Rural,6,18,Male,Middle,No formal,22377,83.3,58.7,0.1,0,4.51,0,0.009900812,Low risk...
RJ002105,Sikar,Urban,9,6,Female,Lower-Middle,No formal,8892,75.2,51.8,1.24,1,6.51,1,0.89577234,High risk...
RJ002106,Kota,Rural,3,15,Male,Lower-Middle,Secondary,10802,81.6,72.9,6.72,0,6.93,0,0.03743739,Low risk...
RJ002107,Barmer,Rural,3,7,Male,Low,Primary,7719,77.3,72.5,5.5,0,4.09,0,0.10199799,Low risk...
RJ002108,Barmer,Rural,8,17,Male,Lower-Middle,Primary,12353,78.5,61.3,1.83,1,4.32,0,0.02292484,Low risk...
RJ002109,Kota,Rural,10,12,Male,Lower-Middle,Graduate+,13571,81.9,73.5,0.1,1,7.46,0,0.028587963,Low risk...
RJ002110,Bhilwara,Rural,12,13,Male,Low,Primary,7562,70.6,61.4,6.79,1,6.25,0,0.04484454,Low risk...
RJ002111,Jaipur,Rural,6,10,Female,Low,No formal,5558,73.5,72.0,9.58,1,4.45,1,0.1428556,Low risk...
RJ002112,Jodhpur,Rural,12,11,Female,Lower-Middle,Primary,8494,78.5,48.5,1.99,1,5.51,0,0.03696747,Low risk...
RJ002113,Jodhpur,Rural,10,17,Male,Lower-Middle,No formal,11116,81.2,68.2,6.48,1,2.15,0,0.02764316,Low risk...
RJ002114,Barmer,Rural,3,6,Female,Low,Primary,8218,71.0,61.2,11.81,1,6.55,0,0.057549514,Low risk...
RJ002115,Ajmer,Urban,2,11,Male,Lower-Middle,Primary,12451,78.1,59.5,1.8,0,7.27,1,0.179032,Low risk...
RJ002116,Jodhpur,Urban,2,17,Female,Upper-Middle,Primary,49449,90.6,72.6,2.76,0,5.85,0,0.0009265283,Low risk...
RJ002117,Bikaner,Urban,2,13,Male,Lower-Middle,Secondary,14788,91.0,78.5,0.72,0,8.19,0,0.010441617,Low risk...
RJ002118,Ajmer,Urban,5,18,Male,Upper-Middle,Secondary,35120,89.2,76.2,0.65,1,6.67,0,0.005631512,Low risk...
RJ002119,Jaipur,Rural,12,8,Female,Upper-Middle,Secondary,54619,86.1,86.9,8.02,0,4.51,0,0.044199485,Low risk...
RJ002120,Barmer,Rural,5,16,Male,Low,No formal,5451,75.9,60.1,2.79,1,7.31,0,0.23185873,Low risk...
RJ002121,Sikar,Urban,1,6,Male,Low,No formal,5830,78.9,61.1,0.49,0,9.1,0,0.0056374907,Low risk...
RJ002122,Udaipur,Rural,2,16,Male,Lower-Middle,Primary,10664,82.0,63.3,0.1,1,2.45,1,0.09964887,Low risk...
RJ002123,Bhilwara,Urban,2,9,Male,Lower-Middle,No formal,9690,85.0,68.9,0.81,1,8.44,0,0.002472828,Low risk...
RJ002124,Bikaner,Urban,4,6,Male,Lower-Middle,No formal,11436,76.9,59.4,2.58,0,8.84,1,0.85949355,High risk...
RJ002125,Bhilwara,Rural,7,13,Female,Low,Primary,4597,70.7,58.1,5.04,1,8.5,1,0.919991,High risk...
RJ002126,Alwar,Rural,3,10,Female,Lower-Middle,Primary,15496,84.5,66.4,0.1,1,5.28,0,0.0026546777,Low risk...
RJ002127,Ajmer,Urban,5,6,Female,Low,Secondary,5485,74.0,61.3,1.92,1,5.74,1,0.74559236,High risk...
RJ002128,Jodhpur,Urban,11,13,Male,High,Primary,92603,86.2,62.5,1.62,0,5.65,0,0.016165389,Low risk...
RJ002129,Barmer,Rural,9,14,Male,Low,Graduate+,5446,68.0,66.6,9.35,1,4.31,0,0.42453158,Moderate risk..
RJ002130,Bikaner,Urban,5,15,Male,Upper-Middle,Secondary,38137,87.6,68.3,1.62,0,9.75,0,0.009179627,Low risk...
RJ002131,Jodhpur,Rural,9,7,Male,Low,No formal,7197,72.0,61.6,5.61,1,6.48,1,0.86252075,High risk...
RJ002132,Jaipur,Rural,1,14,Female,Low,Primary,6821,77.4,62.9,0.1,1,4.52,0,0.037127934,Low risk...
RJ002133,Udaipur,Urban,9,13,Male,Low,Secondary,5116,71.0,57.5,2.45,1,6.43,1,0.92950153,High risk...
RJ002134,Udaipur,Rural,5,12,Female,High,Secondary,90277,94.2,87.0,1.31,1,5.21,0,0.023992952,Low risk...
RJ002135,Alwar,Urban,8,8,Male,Low,Primary,4221,71.2,57.5,2.38,1,7.32,0,0.019553166,Low risk...
RJ002136,Barmer,Rural,5,7,Male,Lower-Middle,Primary,9886,83.7,70.8,8.73,0,4.3,0,0.026586913,Low risk...
RJ002137,Jaipur,Rural,12,12,Male,Upper-Middle,Primary,54424,94.2,66.5,3.54,0,3.31,0,0.009425434,Low risk...
RJ002138,Alwar,Rural,6,10,Male,Middle,Primary,24678,84.3,50.0,2.03,0,6.46,1,0.9259164,High risk...
RJ002139,Jodhpur,Rural,8,11,Male,Lower-Middle,Graduate+,10110,79.9,65.9,1.76,0,4.38,1,0.81197673,High risk...
RJ002140,Barmer,Rural,2,9,Male,High,Primary,84331,95.7,55.9,2.4,0,3.71,0,0.0014470649,Low risk...
RJ002141,Sikar,Urban,3,7,Male,Upper-Middle,No formal,46154,91.4,66.4,0.94,0,8.22,0,0.007984043,Low risk...
RJ002142,Udaipur,Rural,11,14,Female,Lower-Middle,No formal,13725,79.0,72.6,0.1,1,3.2,1,0.933326,High risk...
RJ002143,Alwar,Rural,9,8,Female,Lower-Middle,Higher Secondary,9009,79.4,60.8,4.29,1,4.23,0,0.045880686,Low risk...
RJ002144,Kota,Rural,5,17,Male,High,Secondary,101884,91.6,56.1,5.27,1,6.49,0,0.004775399,Low risk...
RJ002145,Udaipur,Rural,5,12,Male,High,Secondary,59263,96.9,88.1,0.1,0,4.28,0,0.017903505,Low risk...
RJ002146,Sikar,Urban,9,13,Female,Lower-Middle,Higher Secondary,12212,78.6,63.8,0.1,1,7.89,0,0.04509116,Low risk...
RJ002147,Bikaner,Rural,10,7,Female,Middle,Higher Secondary,29933,82.3,69.7,3.86,0,7.52,0,0.15260567,Low risk...
RJ002148,Kota,Rural,3,11,Female,Low,Secondary,5648,82.3,73.7,8.32,1,6.81,0,0.00537487,Low risk...
RJ002149,Udaipur,Rural,4,16,Male,Lower-Middle,No formal,16045,80.2,65.8,7.61,1,3.17,0,0.091402136,Low risk...
RJ002150,Sikar,Rural,7,13,Female,Low,No formal,7372,73.8,63.8,2.17,1,6.18,0,0.13284135,Low risk...
RJ002151,Kota,Rural,2,12,Female,Low,Secondary,5989,76.0,70.8,8.23,1,7.28,0,0.027932674,Low risk...
RJ002152,Jodhpur,Rural,8,16,Male,Middle,Primary,20717,84.1,52.1,3.04,0,4.44,0,0.04401877,Low risk...
RJ002153,Alwar,Urban,5,8,Female,Lower-Middle,Secondary,8765,81.3,55.5,1.36,1,6.72,0,0.040407695,Low risk...
RJ002154,Sikar,Rural,1,6,Male,Low,Primary,7567,73.5,69.1,4.28,1,5.71,0,0.020589055,Low risk...
RJ002155,Jaipur,Rural,3,11,Female,Lower-Middle,Secondary,10032,82.8,61.4,6.52,0,4.0,0,0.06312974,Low risk...
RJ002156,Jodhpur,Rural,9,13,Female,Lower-Middle,No formal,10665,72.7,51.7,2.17,0,6.52,1,0.91780406,High risk...
RJ002157,Jaipur,Rural,5,11,Female,High,No formal,56581,89.1,56.9,2.81,0,4.01,0,0.010184861,Low risk...
RJ002158,Kota,Rural,8,10,Female,Upper-Middle,Secondary,32074,94.0,71.2,0.26,0,6.98,0,0.07078802,Low risk...
RJ002159,Bikaner,Urban,1,16,Male,Lower-Middle,No formal,10336,78.2,57.6,1.76,0,8.94,1,0.32596013,Low risk...
RJ002160,Alwar,Rural,7,17,Male,Upper-Middle,Secondary,58995,83.1,60.4,6.8,0,4.41,1,0.90818846,High risk...
RJ002161,Ajmer,Urban,7,13,Female,Low,Primary,7479,69.3,48.8,0.89,1,5.54,1,0.57774013,Moderate risk..
RJ002162,Ajmer,Rural,8,7,Female,Middle,Graduate+,30973,89.7,78.9,0.1,0,6.25,0,0.005626409,Low risk...
RJ002163,Kota,Rural,3,17,Female,High,Higher Secondary,102314,88.6,67.1,2.85,0,7.68,0,0.0017595246,Low risk...
RJ002164,Barmer,Rural,1,6,Female,Lower-Middle,Primary,9968,79.1,58.2,7.74,1,5.81,0,0.019611977,Low risk...
RJ002165,Udaipur,Rural,11,6,Female,Middle,Secondary,34634,78.6,47.7,4.7,1,2.35,1,0.9698085,High risk...
RJ002166,Bhilwara,Rural,9,9,Female,Low,No formal,5175,71.2,71.7,4.1,1,6.18,0,0.029389346,Low risk...
RJ002167,Ajmer,Urban,1,11,Male,Low,Primary,4830,74.7,68.0,0.1,0,6.8,0,0.043203257,Low risk...
RJ002168,Jaipur,Urban,11,18,Male,Lower-Middle,Secondary,10875,75.6,59.4,2.29,0,4.29,0,0.011592908,Low risk...
RJ002169,Alwar,Urban,6,14,Female,High,Secondary,85705,98.1,69.7,1.83,0,5.44,0,0.017931916,Low risk...
RJ002170,Kota,Rural,9,6,Male,Lower-Middle,Primary,9445,74.4,60.3,2.27,0,6.29,0,0.32102346,Low risk...
RJ002171,Alwar,Urban,2,17,Male,Upper-Middle,No formal,54767,91.2,68.1,1.12,0,6.54,0,0.004898753,Low risk...
RJ002172,Jaipur,Rural,4,6,Male,Upper-Middle,Higher Secondary,43203,91.5,65.1,0.39,0,4.03,0,0.12402156,Low risk...
RJ002173,Jodhpur,Rural,2,18,Female,Low,Primary,6587,72.6,38.8,7.97,1,5.81,0,0.047578663,Low risk...
RJ002174,Barmer,Rural,4,18,Female,Lower-Middle,Higher Secondary,14568,82.0,65.4,1.31,1,3.64,0,0.12686528,Low risk...
RJ002175,Jodhpur,Urban,2,10,Female,Lower-Middle,Secondary,15976,80.3,53.7,1.11,0,4.59,0,0.011832569,Low risk...
RJ002176,Sikar,Urban,12,15,Male,Lower-Middle,Primary,15283,77.6,63.5,0.68,1,5.46,0,0.04850704,Low risk...
RJ002177,Kota,Urban,1,10,Female,Low,No formal,6457,75.7,60.3,0.34,1,9.44,1,0.30147043,Low risk...
RJ002178,Ajmer,Rural,11,10,Female,High,No formal,111506,83.8,56.0,8.07,0,5.12,0,0.006940485,Low risk...
RJ002179,Alwar,Urban,3,15,Male,Middle,Higher Secondary,26770,90.9,70.7,1.95,0,5.9,0,0.02100472,Low risk...
RJ002180,Udaipur,Rural,8,11,Male,Lower-Middle,Higher Secondary,12902,84.7,85.3,3.82,1,3.15,1,0.8994609,High risk...
RJ002181,Kota,Rural,5,13,Male,Lower-Middle,Secondary,9731,79.5,71.9,9.24,1,7.25,0,0.024496859,Low risk...
RJ002182,Jodhpur,Urban,4,8,Female,Low,Primary,4825,71.8,55.1,2.21,1,5.53,1,0.91504365,High risk...
RJ002183,Jaipur,Rural,5,14,Female,Lower-Middle,Secondary,9817,84.5,87.0,1.58,1,2.57,0,0.059365336,Low risk...
RJ002184,Kota,Rural,6,18,Male,Upper-Middle,Primary,50142,95.2,63.1,0.1,0,7.55,0,0.015660238,Low risk...
RJ002185,Ajmer,Rural,6,6,Female,Upper-Middle,Secondary,44578,89.0,64.9,4.32,0,3.62,0,0.012652458,Low risk...
RJ002186,Bhilwara,Urban,5,9,Male,Low,Primary,5821,73.3,58.7,1.0,1,8.7,0,0.032968726,Low risk...
RJ002187,Barmer,Urban,12,14,Male,Lower-Middle,Higher Secondary,9471,76.3,53.9,1.58,1,6.02,0,0.087003164,Low risk...
RJ002188,Sikar,Urban,11,13,Male,Middle,Secondary,24169,78.0,79.1,0.58,0,7.31,1,0.90135777,High risk...
RJ002189,Sikar,Rural,12,15,Male,Low,Primary,5788,69.6,58.8,2.21,1,6.62,1,0.7849145,High risk...
RJ002190,Alwar,Rural,6,14,Male,Low,Higher Secondary,6807,78.6,61.2,3.65,1,4.99,0,0.07556535,Low risk...
RJ002191,Jodhpur,Rural,9,6,Male,Lower-Middle,Primary,11663,77.5,65.7,3.72,1,4.09,0,0.102060154,Low risk...
RJ002192,Barmer,Rural,5,14,Male,Lower-Middle,No formal,11918,76.9,60.8,4.72,1,2.71,0,0.029599426,Low risk...
RJ002193,Alwar,Urban,6,8,Male,Low,No formal,5345,75.0,56.1,0.27,1,8.83,0,0.24379808,Low risk...
RJ002194,Udaipur,Urban,4,16,Female,Low,Secondary,4752,72.5,51.8,1.38,1,3.62,1,0.9251684,High risk...
RJ002195,Jaipur,Rural,3,17,Male,Low,Higher Secondary,5460,74.8,53.8,9.53,1,3.53,1,0.8994688,High risk...
RJ002196,Bikaner,Urban,12,15,Male,Low,Higher Secondary,4380,66.7,77.9,1.02,1,6.22,0,0.08264516,Low risk...
RJ002197,Bikaner,Urban,6,14,Female,Lower-Middle,Secondary,10111,76.4,53.0,2.43,1,7.94,0,0.027871639,Low risk...
RJ002198,Barmer,Rural,11,6,Male,Low,No formal,5565,73.2,71.0,2.97,1,6.43,0,0.14056648,Low risk...
RJ002199,Udaipur,Urban,11,6,Female,Low,No formal,4812,71.3,49.5,0.47,0,6.62,0,0.104934245,Low risk...
RJ002200,Bikaner,Rural,5,14,Female,Upper-Middle,Primary,52447,87.7,74.5,5.97,0,8.25,0,0.002981067,Low risk...
RJ002201,Bhilwara,Urban,4,16,Male,Low,Higher Secondary,5379,74.9,69.1,1.85,1,8.46,0,0.66863203,Moderate risk..
RJ002202,Jaipur,Rural,5,11,Female,Lower-Middle,Graduate+,13570,78.2,74.7,1.26,1,5.26,0,0.18371463,Low risk...
RJ002203,Bikaner,Rural,7,9,Female,High,No formal,92058,89.6,73.1,2.61,0,7.52,0,0.0103853885,Low risk...
RJ002204,Jaipur,Urban,1,12,Female,Lower-Middle,Secondary,12157,85.5,56.4,1.53,1,5.8,1,0.011765356,Low risk...
RJ002205,Alwar,Rural,1,10,Female,Middle,Secondary,25359,90.3,66.8,3.26,0,8.01,0,0.014037877,Low risk...
RJ002206,Barmer,Rural,11,15,Male,Lower-Middle,No formal,13284,76.9,48.7,4.07,1,5.79,0,0.13647357,Low risk...
RJ002207,Kota,Rural,1,12,Female,Low,Primary,5302,76.4,63.0,3.76,0,7.31,0,0.015554028,Low risk...
RJ002208,Barmer,Urban,2,13,Male,Lower-Middle,Higher Secondary,8578,81.5,58.7,0.73,1,6.71,0,0.13452055,Low risk...
RJ002209,Kota,Rural,9,13,Male,Lower-Middle,Primary,13818,79.5,47.5,3.49,1,8.78,0,0.093290955,Low risk...
RJ002210,Barmer,Rural,5,6,Male,Low,Higher Secondary,6756,71.6,61.5,2.63,1,5.32,0,0.19580099,Low risk...
RJ002211,Alwar,Rural,9,13,Male,Lower-Middle,No formal,12402,80.6,44.2,1.92,1,6.14,0,0.0629707,Low risk...
RJ002212,Sikar,Rural,5,11,Female,Upper-Middle,No formal,59087,91.1,70.2,0.83,0,6.7,0,0.08462765,Low risk...
RJ002213,Jaipur,Rural,7,9,Female,Low,No formal,6336,72.2,46.8,3.7,1,6.14,1,0.85733956,High risk...
RJ002214,Bhilwara,Rural,6,18,Female,Lower-Middle,Higher Secondary,10949,78.0,60.5,5.85,0,6.22,1,0.9377295,High risk...
RJ002215,Alwar,Rural,2,17,Male,Lower-Middle,Primary,14394,84.0,47.8,7.36,0,6.06,0,0.88414323,High risk...
RJ002216,Kota,Urban,3,13,Female,Middle,Secondary,34342,86.5,83.1,0.78,0,9.33,0,0.019461187,Low risk...
RJ002217,Sikar,Rural,5,8,Female,Middle,Primary,30395,83.9,54.2,8.82,1,5.03,0,0.011006353,Low risk...
RJ002218,Kota,Rural,4,18,Male,Middle,Primary,33405,85.3,63.9,4.88,1,6.72,0,0.018986868,Low risk...
RJ002219,Barmer,Rural,11,9,Male,Lower-Middle,Higher Secondary,9347,79.3,53.6,0.62,1,6.35,0,0.04276806,Low risk...
RJ002220,Jaipur,Rural,6,11,Female,Low,Primary,4708,68.7,50.1,2.79,1,2.59,1,0.09056945,Low risk...
RJ002221,Alwar,Rural,8,16,Female,Low,Higher Secondary,4849,71.4,77.3,0.1,1,3.95,0,0.0040397155,Low risk...
RJ002222,Udaipur,Rural,8,12,Female,Middle,No formal,29800,87.7,68.5,0.1,1,3.41,0,0.06152973,Low risk...
RJ002223,Jaipur,Urban,3,9,Female,Middle,Secondary,24320,86.5,64.1,1.54,0,3.33,0,0.075716354,Low risk...
RJ002224,Jodhpur,Urban,4,9,Male,High,Secondary,82752,94.3,74.3,1.0,0,4.75,0,0.00034944425,Low risk...
RJ002225,Jaipur,Rural,1,12,Male,Lower-Middle,Higher Secondary,10600,85.3,67.1,5.61,1,2.56,0,0.2647939,Low risk...
RJ002226,Bikaner,Rural,2,11,Female,Lower-Middle,No formal,14583,84.2,63.3,3.67,1,7.35,1,0.14832261,Low risk...
RJ002227,Kota,Rural,9,18,Male,Lower-Middle,Secondary,15501,76.7,70.0,4.05,1,8.82,0,0.093854144,Low risk...
RJ002228,Ajmer,Urban,12,16,Female,Low,Primary,4873,70.1,55.0,0.53,0,5.91,0,0.2305311,Low risk...
RJ002229,Kota,Rural,10,13,Female,Lower-Middle,Primary,10019,80.2,65.5,0.1,0,8.24,0,0.08429631,Low risk...
RJ002230,Kota,Rural,10,6,Female,Lower-Middle,No formal,11251,80.3,63.6,7.96,1,8.12,0,0.0341543,Low risk...
RJ002231,Alwar,Urban,2,15,Other,High,No formal,71689,94.2,67.4,0.89,0,4.64,0,0.0015650585,Low risk...
RJ002232,Jaipur,Rural,12,18,Male,Lower-Middle,Higher Secondary,12865,76.3,60.3,2.49,0,3.06,0,0.027062621,Low risk...
RJ002233,Barmer,Rural,6,16,Female,High,Secondary,98144,93.3,69.8,5.4,0,4.32,1,0.8832607,High risk...
RJ002234,Barmer,Rural,7,12,Female,Lower-Middle,Primary,15063,83.1,71.1,1.84,1,5.08,1,0.7574248,High risk...
RJ002235,Alwar,Rural,6,17,Other,Low,Higher Secondary,5075,76.7,72.7,4.62,1,5.93,1,0.8441477,High risk...
RJ002236,Ajmer,Rural,8,12,Female,Low,No formal,4937,74.6,49.2,3.5,1,5.33,0,0.034428306,Low risk...
RJ002237,Barmer,Rural,9,16,Male,Low,Secondary,5728,68.8,57.2,6.13,1,3.8,1,0.89493895,High risk...
RJ002238,Jodhpur,Rural,8,12,Female,Lower-Middle,Higher Secondary,9641,77.7,61.0,3.36,1,3.46,0,0.07776471,Low risk...
RJ002239,Jaipur,Rural,5,12,Female,Low,Higher Secondary,4586,73.3,70.8,0.91,1,2.11,0,0.004902104,Low risk...
RJ002240,Jodhpur,Rural,8,15,Male,Lower-Middle,Primary,10438,82.8,61.5,5.09,1,4.16,1,0.9042999,High risk...
RJ002241,Sikar,Rural,10,15,Female,High,Secondary,78061,89.8,89.5,3.19,0,5.05,0,0.00071560947,Low risk...
RJ002242,Jaipur,Rural,10,13,Female,Middle,Primary,27787,87.3,69.7,0.1,1,4.14,0,0.017880656,Low risk...
RJ002243,Ajmer,Urban,9,14,Female,Middle,Higher Secondary,30157,82.3,79.2,0.71,0,7.2,0,0.018914027,Low risk...
RJ002244,Bhilwara,Rural,8,14,Male,Low,Primary,5136,71.0,50.1,2.39,1,6.82,0,0.05623851,Low risk...
RJ002245,Barmer,Urban,2,7,Female,Lower-Middle,Secondary,15277,82.9,67.8,1.54,1,6.48,1,0.833231,High risk...
RJ002246,Udaipur,Rural,2,18,Female,Low,No formal,4341,80.2,66.5,1.43,1,3.76,0,0.035184436,Low risk...
RJ002247,Jaipur,Urban,12,18,Female,Upper-Middle,Secondary,45487,85.9,61.3,2.03,0,4.0,0,0.002485489,Low risk...
RJ002248,Sikar,Urban,3,12,Male,Low,Secondary,6859,67.3,58.5,1.61,1,6.11,0,0.045670215,Low risk...
RJ002249,Ajmer,Rural,7,12,Male,Lower-Middle,Secondary,10847,74.3,71.0,6.53,1,2.73,0,0.020033868,Low risk...
RJ002250,Jaipur,Rural,9,9,Female,Lower-Middle,Secondary,14143,78.9,62.7,3.98,1,3.22,0,0.0518,Low risk...
RJ002251,Jaipur,Rural,8,14,Female,Lower-Middle,Higher Secondary,15683,74.1,58.0,5.31,0,3.02,0,0.025677482,Low risk...
RJ002252,Barmer,Rural,9,13,Male,Middle,Secondary,19064,81.4,81.3,6.43,0,3.6,0,0.011493139,Low risk...
RJ002253,Alwar,Rural,6,17,Male,Low,No formal,6353,73.5,48.2,3.97,1,6.18,1,0.87298274,High risk...
RJ002254,Sikar,Rural,1,6,Male,Lower-Middle,Higher Secondary,8558,74.7,66.5,0.37,1,5.94,1,0.8545877,High risk...
RJ002255,Barmer,Rural,12,7,Female,Middle,No formal,22393,81.4,56.7,4.9,1,5.25,0,0.029832704,Low risk...
RJ002256,Ajmer,Rural,4,18,Male,Lower-Middle,Secondary,9550,77.0,56.7,7.01,1,5.69,0,0.044424005,Low risk...
RJ002257,Udaipur,Urban,6,18,Male,Lower-Middle,Higher Secondary,13644,75.0,71.3,1.9,1,5.48,1,0.9257616,High risk...
RJ002258,Bikaner,Rural,12,7,Male,Low,No formal,5244,68.1,52.7,4.18,1,7.25,0,0.032347146,Low risk...
RJ002259,Kota,Rural,6,17,Female,Middle,Higher Secondary,22442,82.3,73.0,5.7,1,8.2,0,0.007102448,Low risk...
RJ002260,Bikaner,Rural,8,17,Male,High,Secondary,67515,92.9,55.7,3.33,0,7.93,0,0.020858666,Low risk...
RJ002261,Sikar,Urban,1,16,Male,Lower-Middle,Primary,10448,85.6,71.0,0.56,1,7.94,0,0.03533604,Low risk...
RJ002262,Ajmer,Rural,11,13,Female,Upper-Middle,Primary,38591,85.9,61.4,8.04,0,4.96,0,0.014095857,Low risk...
RJ002263,Barmer,Rural,2,6,Male,Lower-Middle,Primary,14262,79.7,48.4,0.11,1,3.71,0,0.8833525,High risk...
RJ002264,Bikaner,Rural,2,9,Male,Low,Graduate+,8214,74.3,82.2,7.35,1,7.5,1,0.9263083,High risk...
RJ002265,Ajmer,Rural,6,15,Female,Low,No formal,6259,70.2,60.4,10.71,1,4.42,1,0.87815756,High risk...
RJ002266,Ajmer,Rural,11,17,Male,Middle,Secondary,28007,79.1,67.3,5.58,0,5.65,1,0.7974591,High risk...
RJ002267,Ajmer,Urban,7,10,Female,Lower-Middle,No formal,15272,74.1,68.0,1.51,1,6.79,0,0.025294006,Low risk...
RJ002268,Alwar,Rural,2,14,Male,Middle,No formal,25832,83.5,65.6,2.06,1,5.41,1,0.7762602,High risk...
RJ002269,Jodhpur,Rural,5,12,Female,Middle,Secondary,22785,90.9,66.2,2.49,0,3.7,0,0.0052064825,Low risk...
RJ002270,Udaipur,Rural,6,13,Male,High,Primary,109255,90.4,68.4,3.37,1,4.98,0,0.0033293022,Low risk...
RJ002271,Jaipur,Urban,4,16,Female,Lower-Middle,Graduate+,16012,71.7,60.1,0.9,0,6.04,0,0.048330694,Low risk...
RJ002272,Bikaner,Rural,1,14,Male,Lower-Middle,Primary,10251,80.2,59.7,0.1,1,6.7,0,0.053509876,Low risk...
RJ002273,Udaipur,Rural,3,18,Male,Low,Primary,7153,70.2,47.7,3.48,1,2.75,1,0.96025366,High risk...
RJ002274,Ajmer,Rural,10,12,Female,Lower-Middle,No formal,13836,77.7,52.4,6.51,1,5.18,1,0.81837475,High risk...
RJ002275,Bhilwara,Rural,9,10,Female,Upper-Middle,Graduate+,51963,87.9,82.4,0.1,1,8.34,0,0.022544337,Low risk...
RJ002276,Ajmer,Rural,6,18,Male,Low,No formal,7689,73.7,60.4,4.54,0,3.74,0,0.07146002,Low risk...
RJ002277,Alwar,Urban,2,10,Female,High,Primary,93750,94.4,68.2,1.07,0,7.33,0,0.0021295007,Low risk...
RJ002278,Udaipur,Rural,9,15,Male,High,Primary,85008,89.9,61.3,3.1,0,3.16,0,0.016394218,Low risk...
RJ002279,Ajmer,Rural,4,16,Female,Lower-Middle,Primary,15507,76.1,58.0,5.49,1,3.98,0,0.040375866,Low risk...
RJ002280,Jaipur,Urban,11,11,Male,Low,Secondary,5312,70.8,47.0,0.55,0,6.04,1,0.01394515,Low risk...
RJ002281,Jodhpur,Urban,8,10,Female,Low,Secondary,7053,75.6,64.4,1.93,1,6.24,0,0.027333608,Low risk...
RJ002282,Kota,Urban,10,18,Male,Low,No formal,7146,76.9,67.2,1.69,1,8.72,1,0.8694605,High risk...
RJ002283,Udaipur,Rural,7,17,Male,Low,Primary,7855,72.3,77.9,5.68,1,4.77,0,0.040624917,Low risk...
RJ002284,Jaipur,Urban,12,16,Male,Lower-Middle,Secondary,16786,76.1,54.8,2.59,1,5.8,0,0.058512066,Low risk...
RJ002285,Jaipur,Rural,11,14,Male,Low,Primary,6542,72.5,66.3,3.8,1,2.13,0,0.10191891,Low risk...
RJ002286,Kota,Rural,3,8,Female,Middle,No formal,25977,91.5,62.7,3.03,0,7.46,0,0.023981286,Low risk...
RJ002287,Bhilwara,Rural,8,8,Other,Lower-Middle,Primary,13446,77.0,52.8,3.37,1,8.56,1,0.9390778,High risk...
RJ002288,Kota,Rural,4,12,Female,Low,No formal,6966,76.6,50.4,7.53,1,7.85,0,0.022041883,Low risk...
RJ002289,Udaipur,Rural,2,12,Male,Lower-Middle,No formal,14389,79.0,62.0,3.55,0,1.36,0,0.072517134,Low risk...
RJ002290,Jodhpur,Rural,11,11,Male,High,Primary,71748,91.0,62.8,3.74,0,3.02,0,0.019060686,Low risk...
RJ002291,Ajmer,Rural,5,8,Female,Middle,Primary,26023,88.9,64.1,9.88,0,6.0,1,0.80471635,High risk...
RJ002292,Kota,Rural,1,18,Female,Lower-Middle,No formal,11516,78.1,56.8,0.1,0,6.81,0,0.014580433,Low risk...
RJ002293,Jodhpur,Rural,8,12,Male,Middle,Secondary,18179,82.9,61.8,5.07,1,5.22,0,0.052970685,Low risk...
RJ002294,Udaipur,Urban,8,10,Female,Middle,Graduate+,28167,87.4,68.4,0.57,1,7.52,0,0.022773976,Low risk...
RJ002295,Jaipur,Urban,3,12,Female,Upper-Middle,Graduate+,59057,92.8,58.7,0.65,0,4.87,1,0.23370309,Low risk...
RJ002296,Jaipur,Rural,1,7,Female,Low,Higher Secondary,8070,79.1,68.6,1.14,1,2.99,0,0.0019684443,Low risk...
RJ002297,Jodhpur,Rural,4,11,Male,Upper-Middle,Primary,47799,93.0,71.9,2.01,0,3.09,1,0.8427643,High risk...
RJ002298,Jaipur,Rural,9,13,Male,Low,No formal,7417,71.0,49.7,2.78,1,4.37,0,0.08180583,Low risk...
RJ002299,Jaipur,Urban,9,6,Male,Upper-Middle,Higher Secondary,53941,94.6,80.0,0.1,0,4.51,0,0.005625534,Low risk...
RJ002300,Kota,Rural,1,9,Female,Low,No formal,5161,76.4,70.5,6.56,0,6.97,0,0.14232028,Low risk...
RJ002301,Sikar,Urban,11,16,Male,Upper-Middle,No formal,33482,77.8,60.4,0.81,0,5.8,0,0.3533076,Low risk...
RJ002302,Ajmer,Rural,7,6,Male,High,Primary,97880,91.2,81.0,0.4,0,4.57,1,0.84359944,High risk...
RJ002303,Udaipur,Urban,6,6,Female,Low,No formal,5387,72.1,74.7,1.67,1,4.77,1,0.82589054,High risk...
RJ002304,Kota,Rural,7,15,Male,High,Higher Secondary,86765,94.4,97.3,5.9,0,5.39,0,0.0032424973,Low risk...
RJ002305,Bhilwara,Rural,7,17,Male,Low,Secondary,6401,71.6,51.5,0.1,1,6.31,0,0.03312873,Low risk...
RJ002306,Bikaner,Rural,8,16,Female,Low,Secondary,7635,75.8,54.0,6.62,1,8.01,0,0.07428941,Low risk...
RJ002307,Jaipur,Rural,8,13,Female,Lower-Middle,Higher Secondary,13815,80.2,65.0,3.96,1,4.96,0,0.14692716,Low risk...
RJ002308,Ajmer,Rural,10,12,Female,High,No formal,103440,87.5,67.0,6.24,0,4.89,0,0.005954864,Low risk...
RJ002309,Jaipur,Rural,11,17,Male,Lower-Middle,Secondary,14719,76.6,76.7,1.44,1,3.65,0,0.09642205,Low risk...
RJ002310,Kota,Rural,2,15,Female,Lower-Middle,Primary,16799,79.2,68.1,0.1,1,7.66,0,0.06298108,Low risk...
RJ002311,Udaipur,Urban,12,18,Female,Middle,Secondary,32618,83.1,58.2,1.42,1,7.44,0,0.0118068205,Low risk...
RJ002312,Barmer,Rural,12,6,Male,High,No formal,67820,87.2,60.9,3.21,0,3.69,0,0.018464455,Low risk...
RJ002313,Udaipur,Rural,12,16,Female,Middle,Secondary,34324,82.7,67.3,3.04,0,2.72,0,0.08804481,Low risk...
RJ002314,Alwar,Urban,4,18,Male,Low,Graduate+,5629,73.7,54.8,1.49,1,6.81,0,0.086117394,Low risk...
RJ002315,Bhilwara,Urban,4,7,Male,Low,No formal,6753,74.0,58.0,1.43,1,9.05,0,0.045465454,Low risk...
RJ002316,Jaipur,Rural,11,9,Male,Low,No formal,8154,77.2,50.3,0.1,1,3.58,1,0.8853872,High risk...
RJ002317,Kota,Rural,10,6,Male,Lower-Middle,No formal,10199,76.4,46.1,1.47,0,6.01,0,0.10271247,Low risk...
RJ002318,Bikaner,Rural,12,8,Male,Low,Primary,7801,64.7,46.8,2.74,1,8.15,0,0.08787512,Low risk...
RJ002319,Bikaner,Rural,8,13,Female,Low,Primary,8203,75.5,64.2,4.07,1,7.13,1,0.78124887,High risk...
RJ002320,Bikaner,Rural,3,13,Male,Upper-Middle,Higher Secondary,58393,94.0,80.0,6.13,0,7.82,0,0.023859827,Low risk...
RJ002321,Barmer,Urban,12,13,Female,Low,Primary,7641,64.6,55.1,1.17,1,7.75,0,0.021037979,Low risk...
RJ002322,Alwar,Urban,12,11,Female,Lower-Middle,Primary,10623,74.4,68.2,1.07,1,5.4,0,0.030723115,Low risk...
RJ002323,Ajmer,Urban,3,11,Male,Lower-Middle,Secondary,11820,82.3,74.5,1.11,1,4.78,1,0.007941656,Low risk...
RJ002324,Kota,Urban,2,10,Male,Low,Primary,7393,77.1,63.5,2.7,1,9.44,0,0.024664069,Low risk...
RJ002325,Sikar,Urban,1,18,Female,Lower-Middle,Primary,9393,82.0,65.3,1.88,1,4.88,0,0.08736272,Low risk...
RJ002326,Bhilwara,Rural,8,14,Female,Lower-Middle,Secondary,15862,78.6,66.2,7.44,1,6.75,1,0.7736148,High risk...
RJ002327,Sikar,Rural,9,9,Male,Upper-Middle,Secondary,38123,85.2,67.9,7.25,0,4.84,1,0.9046193,High risk...
RJ002328,Jaipur,Rural,9,15,Male,Low,No formal,6572,64.8,35.0,5.91,1,3.97,0,0.026023919,Low risk...
RJ002329,Ajmer,Rural,11,17,Female,Lower-Middle,No formal,9282,83.1,72.4,1.54,1,4.33,0,0.07174838,Low risk...
RJ002330,Jaipur,Rural,8,17,Male,Middle,No formal,20741,81.6,65.6,3.03,1,4.1,0,0.17043671,Low risk...
RJ002331,Jodhpur,Rural,5,17,Female,Middle,Primary,27746,86.5,57.8,2.8,1,3.03,0,0.122341655,Low risk...
RJ002332,Jaipur,Rural,1,12,Female,Middle,Primary,28606,87.5,79.5,0.93,1,2.37,0,0.0023701277,Low risk...
RJ002333,Ajmer,Rural,9,6,Male,High,Secondary,71106,93.7,69.5,4.78,0,5.02,0,0.007823102,Low risk...
RJ002334,Alwar,Urban,6,14,Male,Middle,Higher Secondary,19584,85.8,71.0,1.33,1,6.97,0,0.028959187,Low risk...
RJ002335,Jaipur,Rural,12,12,Male,Lower-Middle,No formal,13016,77.0,67.9,2.51,1,3.91,0,0.14739169,Low risk...
RJ002336,Bikaner,Rural,7,15,Female,Middle,Secondary,32211,77.1,66.0,7.89,0,8.74,1,0.94700015,High risk...
RJ002337,Bikaner,Rural,8,17,Male,Lower-Middle,Primary,10092,76.0,71.9,1.34,1,8.55,0,0.42805418,Moderate risk..
RJ002338,Kota,Urban,5,14,Male,Low,Primary,7105,76.2,58.5,0.77,1,9.32,0,0.06306827,Low risk...
RJ002339,Jaipur,Rural,6,12,Female,Low,Secondary,5821,75.5,76.8,6.96,1,4.42,0,0.094726555,Low risk...
RJ002340,Bikaner,Rural,12,7,Male,Low,Higher Secondary,8161,67.6,54.7,3.34,1,7.53,1,0.9307895,High risk...
RJ002341,Alwar,Urban,7,11,Male,Low,No formal,4547,68.3,65.0,1.16,1,8.04,0,0.03192538,Low risk...
RJ002342,Jaipur,Rural,7,15,Female,Low,No formal,4368,73.4,39.4,8.41,1,3.98,0,0.035098847,Low risk...
RJ002343,Jaipur,Urban,2,17,Male,Low,Secondary,4722,66.8,49.3,1.8,1,4.56,0,0.0018844303,Low risk...
RJ002344,Kota,Rural,11,16,Female,Upper-Middle,Primary,56147,83.6,68.1,8.03,0,6.62,1,0.84873784,High risk...
RJ002345,Bhilwara,Urban,12,9,Female,Upper-Middle,No formal,60567,91.8,65.4,1.42,0,9.8,0,0.027361587,Low risk...
RJ002346,Alwar,Rural,1,8,Male,Lower-Middle,No formal,15309,86.3,64.7,1.32,0,5.18,0,0.0591395,Low risk...
RJ002347,Alwar,Urban,8,7,Male,Middle,Secondary,30062,86.0,69.9,0.87,1,8.78,0,0.008346937,Low risk...
RJ002348,Kota,Rural,5,11,Male,Low,Primary,4442,74.9,51.0,0.1,1,6.27,0,0.35974115,Low risk...
RJ002349,Ajmer,Urban,10,13,Female,Upper-Middle,Graduate+,38235,81.6,62.5,1.11,0,7.75,0,0.0023432495,Low risk...
RJ002350,Jaipur,Urban,2,11,Male,Lower-Middle,Primary,16257,79.3,65.0,1.8,1,4.69,0,0.014429464,Low risk...
RJ002351,Ajmer,Rural,3,14,Female,Low,No formal,6816,74.1,52.6,7.95,1,5.41,0,0.03442037,Low risk...
RJ002352,Barmer,Urban,6,10,Female,Low,Secondary,6167,71.3,71.5,1.03,0,4.89,1,0.21851102,Low risk...
RJ002353,Ajmer,Urban,10,7,Male,Low,No formal,6940,70.4,54.2,1.14,1,4.66,1,0.022725385,Low risk...
RJ002354,Barmer,Urban,6,13,Female,Low,Primary,4950,77.4,67.8,2.08,1,7.68,0,0.06076563,Low risk...
RJ002355,Alwar,Rural,8,14,Male,Low,Primary,7950,70.9,61.7,2.0,1,4.92,1,0.7311039,High risk...
RJ002356,Jaipur,Rural,5,15,Female,Low,Primary,6956,73.0,54.6,4.69,1,4.6,0,0.06848158,Low risk...
RJ002357,Barmer,Urban,5,9,Female,Low,Secondary,6179,76.2,47.9,1.19,1,5.54,0,0.21301718,Low risk...
RJ002358,Jaipur,Urban,7,11,Male,Low,No formal,6121,68.7,64.2,0.81,1,6.1,0,0.08143829,Low risk...
RJ002359,Udaipur,Rural,10,16,Male,High,Higher Secondary,102053,88.0,65.4,9.59,0,3.55,1,0.0017911923,Low risk...
RJ002360,Jaipur,Urban,5,15,Female,Low,Secondary,5493,71.8,57.8,0.97,1,3.9,0,0.12181209,Low risk...
RJ002361,Jaipur,Rural,9,13,Female,Low,Primary,4776,72.2,57.7,4.16,1,4.26,0,0.05822886,Low risk...
RJ002362,Bikaner,Rural,6,14,Female,Middle,No formal,20749,84.5,63.8,4.59,0,8.21,0,0.023496982,Low risk...
RJ002363,Kota,Rural,7,17,Male,Upper-Middle,Primary,34056,88.1,76.2,0.1,0,8.01,1,0.9090047,High risk...
RJ002364,Udaipur,Urban,12,10,Male,Lower-Middle,Primary,12666,74.5,60.3,1.96,1,5.33,0,0.026413683,Low risk...
RJ002365,Ajmer,Rural,8,17,Male,Upper-Middle,Secondary,52834,85.3,68.2,1.78,0,3.25,0,0.024465624,Low risk...
RJ002366,Jaipur,Rural,5,11,Female,Low,No formal,8123,75.8,67.1,4.3,1,2.54,0,0.02471381,Low risk...
RJ002367,Jaipur,Rural,11,16,Male,Low,Higher Secondary,7353,70.0,67.2,4.98,1,2.91,0,0.075394124,Low risk...
RJ002368,Udaipur,Rural,4,9,Male,Low,No formal,6649,76.4,53.5,0.1,1,3.72,1,0.9681171,High risk...
RJ002369,Kota,Rural,12,10,Female,Lower-Middle,Primary,15657,73.2,50.3,0.78,0,8.5,0,0.024037188,Low risk...
RJ002370,Alwar,Rural,8,12,Female,Lower-Middle,No formal,15895,76.5,52.8,8.69,0,5.24,1,0.05805542,Low risk...
RJ002371,Ajmer,Urban,12,14,Male,Middle,Primary,29967,81.8,64.3,1.22,1,4.39,0,0.015851801,Low risk...
RJ002372,Barmer,Rural,10,15,Male,Low,Higher Secondary,4436,71.1,53.1,0.1,1,2.1,0,0.0374932,Low risk...
RJ002373,Alwar,Urban,9,16,Female,Middle,Secondary,22606,86.3,70.5,2.36,0,6.17,0,0.10627957,Low risk...
RJ002374,Bikaner,Rural,1,18,Male,Low,No formal,5612,74.7,57.3,3.9,1,6.75,1,0.1335148,Low risk...
RJ002375,Alwar,Rural,3,11,Male,Lower-Middle,Higher Secondary,16778,83.2,50.0,4.66,0,5.72,0,0.20899877,Low risk...
RJ002376,Kota,Rural,12,11,Male,Lower-Middle,Higher Secondary,12299,77.6,55.7,0.1,0,5.92,0,0.54351443,Moderate risk..
RJ002377,Kota,Rural,4,13,Female,Middle,Secondary,30833,86.2,46.6,3.91,1,5.99,1,0.66936904,Moderate risk..
RJ002378,Sikar,Urban,7,16,Female,Low,Higher Secondary,7618,70.1,59.7,1.2,1,7.37,0,0.054400112,Low risk...
RJ002379,Bikaner,Urban,6,9,Male,Middle,Secondary,28932,87.8,79.3,1.12,0,10.0,0,0.0019244335,Low risk...
RJ002380,Sikar,Rural,10,8,Male,Middle,Primary,17820,80.7,48.9,5.52,0,3.45,0,0.75303394,High risk...
RJ002381,Sikar,Rural,10,12,Female,Low,Primary,4281,71.4,47.9,5.2,1,4.64,1,0.85658485,High risk...
RJ002382,Barmer,Rural,11,10,Other,High,No formal,101852,89.8,66.1,8.21,0,5.81,0,0.00181846,Low risk...
RJ002383,Barmer,Urban,1,7,Female,Middle,Secondary,30437,87.4,61.9,0.62,1,7.13,0,0.015754491,Low risk...
RJ002384,Bikaner,Rural,4,7,Female,Lower-Middle,Higher Secondary,12903,79.3,59.4,0.6,1,6.34,0,0.04377262,Low risk...
RJ002385,Kota,Rural,6,16,Female,Low,Secondary,5245,71.0,64.9,2.85,1,8.53,0,0.05621495,Low risk...
RJ002386,Ajmer,Rural,3,11,Female,Lower-Middle,Higher Secondary,9128,76.1,62.1,6.23,1,5.04,1,0.9436557,High risk...
RJ002387,Kota,Rural,2,13,Male,Low,Primary,4890,79.7,51.5,3.62,1,8.03,0,0.024959406,Low risk...
RJ002388,Ajmer,Rural,2,6,Male,Lower-Middle,Secondary,13275,80.0,49.3,0.1,1,4.3,1,0.94537956,High risk...
RJ002389,Alwar,Rural,10,16,Male,Lower-Middle,Secondary,12985,77.1,81.9,3.42,1,5.65,0,0.089285076,Low risk...
RJ002390,Alwar,Rural,12,11,Female,Middle,Secondary,33972,82.1,76.3,7.7,0,4.19,0,0.075127125,Low risk...
RJ002391,Kota,Urban,12,17,Female,Low,Secondary,8221,73.8,58.7,1.59,1,8.32,0,0.6650972,Moderate risk..
RJ002392,Jodhpur,Rural,4,7,Female,Middle,No formal,27580,92.3,69.6,4.66,0,3.8,0,0.057565268,Low risk...
RJ002393,Bikaner,Rural,1,7,Male,Low,No formal,7734,76.5,55.5,0.1,1,7.41,0,0.07764885,Low risk...
RJ002394,Jaipur,Rural,10,12,Male,Lower-Middle,Graduate+,15223,77.0,72.8,6.61,1,6.02,0,0.054427948,Low risk...
RJ002395,Barmer,Rural,2,15,Male,Middle,No formal,30667,84.1,57.1,4.72,0,7.26,0,0.0273116,Low risk...
RJ002396,Kota,Rural,10,6,Male,Lower-Middle,Primary,12074,73.2,55.2,2.3,1,6.98,1,0.18425955,Low risk...
RJ002397,Jodhpur,Rural,2,11,Female,Low,Primary,5836,70.2,61.4,2.75,1,5.57,0,0.042352654,Low risk...
RJ002398,Jaipur,Rural,4,12,Female,Lower-Middle,Primary,10619,78.1,74.1,0.1,1,2.5,0,0.041726302,Low risk...
RJ002399,Ajmer,Rural,4,13,Male,Low,Secondary,8136,68.2,64.9,7.02,1,5.4,1,0.95211345,High risk...
RJ002400,Ajmer,Rural,1,12,Male,Lower-Middle,Secondary,15409,85.2,79.0,1.6,1,4.31,0,0.01966812,Low risk...
RJ002401,Kota,Urban,7,11,Female,Low,Higher Secondary,4944,74.3,62.5,0.1,0,8.42,0,0.012798289,Low risk...
RJ002402,Jaipur,Rural,7,14,Male,Middle,Primary,21918,84.2,61.1,1.11,1,6.27,0,0.028116109,Low risk...
RJ002403,Bikaner,Rural,10,18,Female,Lower-Middle,Secondary,13283,80.8,51.0,10.6,1,6.88,0,0.02029275,Low risk...
RJ002404,Kota,Urban,11,8,Male,Low,Higher Secondary,5937,67.8,61.7,1.7,0,8.22,1,0.97182244,High risk...
RJ002405,Alwar,Urban,10,16,Male,Low,Graduate+,5098,69.0,66.9,0.6,0,5.86,1,0.92707175,High risk...
RJ002406,Ajmer,Rural,10,11,Male,Low,Graduate+,7523,65.7,59.5,10.57,1,4.23,1,0.9738854,High risk...
RJ002407,Kota,Rural,1,9,Male,Lower-Middle,Secondary,8413,84.3,62.4,2.1,1,5.95,0,0.04653276,Low risk...
RJ002408,Jodhpur,Rural,11,7,Female,Lower-Middle,No formal,11284,74.6,68.2,1.35,0,4.32,1,0.8516801,High risk...
RJ002409,Bhilwara,Urban,8,6,Male,Lower-Middle,No formal,16207,78.5,65.7,0.92,1,8.86,0,0.021506846,Low risk...
RJ002410,Bikaner,Urban,10,17,Male,Middle,Higher Secondary,30813,86.5,82.8,1.45,0,9.1,0,0.041634824,Low risk...
RJ002411,Alwar,Rural,7,17,Male,Low,Higher Secondary,5885,77.1,59.0,6.5,1,5.35,0,0.64758605,Moderate risk..
RJ002412,Jaipur,Urban,7,6,Male,Upper-Middle,Secondary,60755,88.9,65.7,2.22,0,4.54,0,0.016008059,Low risk...
RJ002413,Udaipur,Urban,11,16,Male,Low,Primary,7983,72.2,68.5,1.83,1,4.82,0,0.3527556,Low risk...
RJ002414,Jaipur,Urban,6,15,Female,Low,Secondary,4421,70.8,60.1,2.24,1,5.27,1,0.915863,High risk...
RJ002415,Udaipur,Urban,12,8,Female,Middle,Primary,19739,87.6,63.6,0.1,1,5.43,0,0.010980949,Low risk...
RJ002416,Bhilwara,Urban,4,9,Female,Middle,Primary,24277,86.0,63.2,0.67,0,8.02,1,0.7284264,High risk...
RJ002417,Bikaner,Rural,11,7,Male,Lower-Middle,Primary,16207,77.2,61.8,5.57,1,6.98,0,0.09243817,Low risk...
RJ002418,Jaipur,Urban,8,18,Male,Middle,Higher Secondary,32274,83.3,78.4,1.66,1,6.65,1,0.8875111,High risk...
RJ002419,Jaipur,Rural,2,17,Male,Upper-Middle,No formal,33004,95.1,69.3,4.07,1,5.58,0,0.112879775,Low risk...
RJ002420,Bikaner,Rural,7,16,Male,Middle,Secondary,26466,85.6,75.7,4.54,0,7.04,0,0.051161774,Low risk...
RJ002421,Jodhpur,Rural,3,16,Female,Low,Primary,7225,77.3,65.7,4.71,0,3.36,1,0.87238896,High risk...
RJ002422,Jaipur,Rural,3,16,Female,Middle,Secondary,22329,88.1,63.8,6.07,0,3.57,1,0.8092383,High risk...
RJ002423,Alwar,Rural,7,6,Female,Middle,Secondary,30144,84.3,61.5,1.56,1,6.5,0,0.019919425,Low risk...
RJ002424,Bikaner,Rural,12,9,Male,Middle,Graduate+,23970,85.3,70.1,12.09,0,7.22,0,0.053518765,Low risk...
RJ002425,Kota,Rural,3,12,Male,Middle,No formal,22296,88.0,55.6,3.38,1,7.73,0,0.02293193,Low risk...
RJ002426,Barmer,Rural,5,15,Female,High,No formal,77984,90.1,63.4,3.61,0,4.04,0,0.0047765663,Low risk...
RJ002427,Jaipur,Rural,8,16,Male,Lower-Middle,Secondary,16387,75.5,75.4,9.83,0,2.45,1,0.96916425,High risk...
RJ002428,Bhilwara,Rural,4,11,Male,Low,Primary,8002,74.9,60.3,0.1,1,7.91,0,0.0076188482,Low risk...
RJ002429,Kota,Urban,7,11,Female,Lower-Middle,No formal,16077,81.7,56.4,1.16,1,9.07,0,0.07531823,Low risk...
RJ002430,Barmer,Rural,7,16,Female,Low,Primary,8053,77.9,77.7,4.28,1,5.35,0,0.016406633,Low risk...
RJ002431,Ajmer,Rural,2,14,Female,Low,Secondary,4949,70.2,52.7,2.41,1,3.29,0,0.0014486008,Low risk...
RJ002432,Sikar,Rural,8,7,Male,Lower-Middle,No formal,15927,78.6,53.0,0.64,1,7.24,0,0.11250708,Low risk...
RJ002433,Bhilwara,Urban,10,9,Male,Low,Primary,5092,73.0,69.2,0.1,1,8.9,1,0.92194116,High risk...
RJ002434,Kota,Rural,12,10,Male,Middle,Higher Secondary,32167,83.4,75.7,2.97,1,5.56,0,0.019861178,Low risk...
RJ002435,Bhilwara,Rural,10,6,Female,Middle,Primary,26983,86.5,66.5,4.83,0,8.14,1,0.8724024,High risk...
RJ002436,Bikaner,Urban,9,13,Male,Lower-Middle,No formal,10416,80.0,68.2,1.65,0,8.39,0,0.109596655,Low risk...
RJ002437,Bikaner,Rural,6,13,Female,Upper-Middle,Primary,44053,86.5,69.9,4.8,0,7.3,0,0.023754206,Low risk...
RJ002438,Kota,Rural,5,11,Female,Low,Secondary,6020,71.0,51.1,2.47,1,6.89,1,0.7765767,High risk...
RJ002439,Udaipur,Rural,1,17,Female,Middle,No formal,30330,88.9,47.7,8.02,1,3.88,1,0.9293491,High risk...
RJ002440,Jodhpur,Rural,1,10,Male,Middle,Higher Secondary,28105,91.0,70.5,12.02,1,4.05,0,0.014412019,Low risk...
RJ002441,Udaipur,Rural,9,13,Male,Low,Secondary,7630,72.4,70.1,8.48,1,2.31,0,0.064074785,Low risk...
RJ002442,Udaipur,Rural,4,8,Female,Low,Primary,5867,69.8,54.1,2.92,0,4.84,0,0.087483354,Low risk...
RJ002443,Sikar,Rural,1,8,Female,Low,Higher Secondary,7323,72.9,67.8,5.51,1,5.53,0,0.37034935,Low risk...
RJ002444,Sikar,Rural,11,7,Female,Middle,Primary,31374,85.1,68.1,5.7,1,5.86,0,0.04366919,Low risk...
RJ002445,Bikaner,Rural,10,10,Male,Middle,No formal,18605,82.5,49.5,8.81,1,8.08,0,0.0021022963,Low risk...
RJ002446,Kota,Rural,12,8,Male,Low,Secondary,5778,70.9,57.3,2.99,1,7.49,0,0.04368401,Low risk...
RJ002447,Jodhpur,Rural,3,8,Female,Lower-Middle,Secondary,15842,84.2,71.4,1.11,1,4.43,0,0.0042266375,Low risk...
RJ002448,Jodhpur,Urban,6,11,Male,Low,Primary,7161,69.9,51.2,1.4,1,4.12,1,0.032273516,Low risk...
RJ002449,Jaipur,Urban,11,13,Female,Lower-Middle,Primary,11915,75.8,58.2,1.49,0,4.28,0,0.021728119,Low risk...
RJ002450,Kota,Rural,11,7,Female,High,Primary,66247,88.4,71.8,0.67,0,7.46,0,0.00021950337,Low risk...
RJ002451,Kota,Rural,8,9,Male,Low,Primary,4606,73.6,60.3,6.12,1,7.56,0,0.04810441,Low risk...
RJ002452,Bhilwara,Rural,10,16,Male,Upper-Middle,Secondary,38725,89.8,80.3,9.51,0,7.55,1,0.040510163,Low risk...
RJ002453,Udaipur,Urban,2,12,Female,Middle,Secondary,21782,83.1,70.9,2.47,0,6.88,0,0.09157231,Low risk...
RJ002454,Kota,Rural,8,6,Male,High,Primary,76757,91.5,62.9,1.33,0,7.28,0,0.003676236,Low risk...
RJ002455,Ajmer,Urban,1,6,Female,Low,Primary,4943,78.6,58.9,0.1,1,6.86,0,0.023571502,Low risk...
RJ002456,Jaipur,Rural,11,17,Female,Low,Primary,4813,65.4,55.0,6.04,1,3.67,0,0.042654812,Low risk...
RJ002457,Bikaner,Urban,2,18,Female,Low,Primary,7745,75.3,71.5,0.93,1,8.52,1,0.8866169,High risk...
RJ002458,Ajmer,Rural,8,15,Female,Middle,No formal,21867,80.9,58.3,7.4,0,4.79,0,0.010264319,Low risk...
RJ002459,Udaipur,Urban,7,12,Male,Lower-Middle,Primary,13117,77.1,48.0,1.18,0,4.69,0,0.0119002,Low risk...
RJ002460,Bikaner,Urban,5,12,Male,Low,Primary,5037,66.5,59.0,1.7,1,8.65,1,0.9710788,High risk...
RJ002461,Bhilwara,Rural,10,6,Female,Middle,Primary,26106,87.7,62.2,1.84,1,6.93,1,0.84669495,High risk...
RJ002462,Barmer,Urban,2,6,Male,Low,Secondary,5362,74.4,52.4,0.23,1,6.04,0,0.06613693,Low risk...
RJ002463,Ajmer,Urban,9,9,Female,Low,Primary,4565,69.6,57.5,0.57,1,4.76,0,0.021322602,Low risk...
RJ002464,Udaipur,Rural,5,10,Female,Lower-Middle,Graduate+,16650,81.0,78.9,0.1,1,3.88,0,0.08867141,Low risk...
RJ002465,Ajmer,Urban,8,10,Male,Low,Higher Secondary,6123,69.4,57.4,0.2,1,5.62,0,0.013002456,Low risk...
RJ002466,Jodhpur,Rural,4,9,Male,Low,Graduate+,5851,71.1,69.1,0.1,0,4.03,0,0.035747383,Low risk...
RJ002467,Bikaner,Urban,9,13,Female,Lower-Middle,Higher Secondary,10073,82.5,75.4,1.25,1,7.67,0,0.06673445,Low risk...
RJ002468,Jaipur,Urban,10,12,Female,Upper-Middle,Secondary,47104,92.9,80.1,0.91,0,5.16,0,0.03578089,Low risk...
RJ002469,Udaipur,Rural,7,14,Male,Middle,Secondary,28616,83.2,62.1,0.86,1,3.68,0,0.64206964,Moderate risk..
RJ002470,Udaipur,Urban,2,12,Female,Lower-Middle,No formal,10959,84.7,55.4,0.1,1,4.85,0,0.03159756,Low risk...
RJ002471,Jodhpur,Rural,3,15,Female,Middle,Secondary,25907,88.1,63.0,4.01,1,4.38,0,0.070922375,Low risk...
RJ002472,Bhilwara,Rural,2,6,Other,Lower-Middle,Secondary,10391,77.3,70.7,7.81,1,7.53,0,0.01689998,Low risk...
RJ002473,Barmer,Urban,5,18,Male,Low,Primary,6416,71.2,63.7,1.9,0,6.15,0,0.08190689,Low risk...
RJ002474,Alwar,Rural,2,12,Male,Middle,Secondary,31276,92.2,65.7,5.07,0,5.93,1,0.8915285,High risk...
RJ002475,Udaipur,Urban,5,6,Female,Middle,Primary,18554,81.7,81.7,0.5,0,5.06,0,0.024165401,Low risk...
RJ002476,Barmer,Urban,9,12,Female,Lower-Middle,Primary,12750,84.8,57.9,1.01,1,6.6,1,0.8827276,High risk...
RJ002477,Jaipur,Urban,2,15,Male,Lower-Middle,Primary,11755,79.8,71.5,0.65,1,5.07,0,0.19081062,Low risk...
RJ002478,Sikar,Rural,9,13,Female,Middle,Secondary,18796,88.7,83.4,0.58,1,4.41,0,0.029312238,Low risk...
RJ002479,Jaipur,Rural,7,16,Female,Lower-Middle,Higher Secondary,16300,78.1,68.1,9.7,1,2.81,0,0.24653316,Low risk...
RJ002480,Sikar,Urban,7,14,Male,Upper-Middle,Higher Secondary,39685,91.4,69.1,1.43,0,8.08,0,0.013122154,Low risk...
RJ002481,Kota,Rural,5,17,Female,Low,Secondary,6571,78.2,58.9,3.05,1,8.95,1,0.8618263,High risk...
RJ002482,Barmer,Rural,8,8,Female,Upper-Middle,No formal,43238,92.7,67.0,10.36,0,5.41,0,0.027033515,Low risk...
RJ002483,Bhilwara,Rural,7,9,Male,Low,Higher Secondary,5339,71.2,71.8,4.67,0,6.57,0,0.099202745,Low risk...
RJ002484,Jaipur,Rural,6,9,Male,Low,Primary,6414,70.9,48.5,11.63,1,5.04,0,0.12561749,Low risk...
RJ002485,Bikaner,Rural,2,17,Female,Lower-Middle,Higher Secondary,14188,81.3,54.5,0.1,1,7.88,0,0.033215933,Low risk...
RJ002486,Bhilwara,Urban,6,14,Male,Lower-Middle,No formal,14998,75.6,61.8,0.94,0,8.99,0,0.040086698,Low risk...
RJ002487,Udaipur,Urban,2,18,Male,Middle,Primary,28594,88.2,73.2,1.02,0,7.32,0,0.013195232,Low risk...
RJ002488,Barmer,Rural,1,12,Female,Lower-Middle,Secondary,12821,79.5,81.4,3.63,1,3.84,0,0.036876604,Low risk...
RJ002489,Ajmer,Rural,9,8,Female,Middle,Secondary,31102,87.2,59.3,3.62,1,5.77,0,0.024850475,Low risk...
RJ002490,Kota,Rural,5,15,Female,Low,Primary,6373,72.3,57.9,2.63,1,6.56,0,0.110326126,Low risk...
RJ002491,Kota,Urban,10,10,Female,Low,Secondary,8292,66.3,67.1,1.39,1,8.27,1,0.6906036,Moderate risk..
RJ002492,Jodhpur,Rural,10,12,Male,Lower-Middle,Primary,12825,81.7,65.6,2.77,1,6.7,0,0.21768151,Low risk...
RJ002493,Sikar,Rural,4,13,Male,Lower-Middle,Primary,11065,81.1,62.7,3.67,1,5.91,0,0.031998504,Low risk...
RJ002494,Bikaner,Rural,12,6,Male,Middle,Secondary,25311,82.6,73.9,1.73,0,9.11,0,0.0020148042,Low risk...
RJ002495,Udaipur,Urban,11,17,Male,Lower-Middle,No formal,12516,80.3,56.9,2.06,0,6.02,1,0.7933593,High risk...
RJ002496,Udaipur,Rural,8,7,Female,High,Secondary,71875,94.1,81.3,0.67,0,4.38,0,0.462802,Moderate risk..
RJ002497,Ajmer,Rural,5,12,Female,Middle,No formal,20278,83.7,53.7,4.64,1,4.37,0,0.013426934,Low risk...
RJ002498,Barmer,Rural,7,16,Male,Upper-Middle,Primary,45089,87.7,56.1,0.42,0,5.67,0,0.01252985,Low risk...
RJ002499,Bhilwara,Rural,3,18,Male,Low,Primary,7968,71.7,56.4,1.5,0,7.18,1,0.8668333,High risk...
RJ002500,Bikaner,Rural,8,18,Male,Low,Primary,5273,68.1,36.0,1.82,1,7.35,0,0.013042126,Low risk...
RJ002501,Sikar,Urban,8,7,Female,Low,Primary,5720,74.2,60.8,1.19,1,6.65,1,0.8490741,High risk...
RJ002502,Sikar,Rural,3,12,Male,Low,Secondary,7382,76.2,49.9,4.53,1,5.31,1,0.859152,High risk...
RJ002503,Ajmer,Rural,9,14,Male,Lower-Middle,Graduate+,9091,80.3,72.9,0.68,0,5.02,0,0.06727314,Low risk...
RJ002504,Bhilwara,Rural,8,16,Female,Lower-Middle,Higher Secondary,15331,82.3,71.3,2.76,0,7.27,1,0.16941106,Low risk...
RJ002505,Jodhpur,Rural,1,7,Male,Lower-Middle,Secondary,14450,84.3,68.0,1.03,1,4.04,1,0.8857819,High risk...
RJ002506,Jaipur,Urban,8,12,Male,Middle,Primary,27121,87.1,71.4,1.61,0,3.56,0,0.07838252,Low risk...
RJ002507,Barmer,Rural,12,9,Female,High,Primary,67731,83.3,67.2,7.4,0,5.24,0,0.01997945,Low risk...
RJ002508,Bikaner,Rural,11,16,Male,Upper-Middle,No formal,34419,86.1,62.8,0.1,0,7.14,0,0.027494237,Low risk...
RJ002509,Barmer,Rural,4,18,Female,Low,Primary,5173,77.4,76.7,4.22,1,1.38,0,0.044171073,Low risk...
RJ002510,Barmer,Rural,6,7,Male,Low,Higher Secondary,7398,70.0,65.5,9.09,1,3.11,0,0.029678918,Low risk...
RJ002511,Jaipur,Rural,10,18,Male,Low,Primary,8121,71.8,64.9,7.62,1,3.14,0,0.09933253,Low risk...
RJ002512,Barmer,Rural,9,12,Male,Low,Primary,7299,73.6,68.3,5.28,1,5.97,1,0.8738118,High risk...
RJ002513,Bikaner,Rural,5,18,Female,Lower-Middle,Primary,12832,81.3,69.7,3.95,1,7.87,1,0.5773243,Moderate risk..
RJ002514,Udaipur,Rural,7,10,Female,Lower-Middle,Primary,16386,80.1,80.2,6.21,1,3.29,0,0.037190735,Low risk...
RJ002515,Ajmer,Rural,1,6,Other,Low,No formal,7680,77.8,61.5,5.11,1,4.81,0,0.09268997,Low risk...
RJ002516,Bhilwara,Rural,9,10,Female,Middle,Secondary,28977,84.5,68.6,8.27,1,8.26,0,0.35123748,Low risk...
RJ002517,Jaipur,Rural,6,17,Female,Middle,Primary,18163,81.1,59.1,3.6,1,3.0,0,0.027215563,Low risk...
RJ002518,Udaipur,Urban,11,17,Male,Low,Secondary,5408,72.5,59.4,0.1,1,4.39,0,0.052076332,Low risk...
RJ002519,Alwar,Rural,4,8,Male,Lower-Middle,Primary,10989,81.4,58.6,3.02,0,6.24,1,0.70692873,High risk...
RJ002520,Alwar,Urban,6,12,Male,Upper-Middle,Secondary,42438,85.2,74.5,1.98,0,7.98,0,0.03008939,Low risk...
RJ002521,Alwar,Urban,5,11,Male,Lower-Middle,Secondary,11671,84.1,61.2,1.0,0,6.26,0,0.051438205,Low risk...
RJ002522,Jaipur,Rural,3,13,Male,Low,Secondary,8145,76.6,64.6,0.1,1,4.1,0,0.029330118,Low risk...
RJ002523,Kota,Rural,7,18,Male,Low,Primary,7316,68.9,61.4,4.23,1,7.33,0,0.025118113,Low risk...
RJ002524,Kota,Rural,3,10,Male,Low,Primary,7106,72.5,60.3,6.29,1,6.78,0,0.034060445,Low risk...
RJ002525,Sikar,Urban,2,7,Male,Low,Graduate+,5991,73.8,59.6,0.83,1,8.08,0,0.0054166657,Low risk...
RJ002526,Kota,Rural,4,14,Male,Middle,No formal,23407,84.8,70.0,1.01,0,6.71,0,0.05884392,Low risk...
RJ002527,Jodhpur,Rural,7,16,Female,Low,No formal,4702,73.9,57.2,0.1,0,4.85,0,0.08244384,Low risk...
RJ002528,Bhilwara,Rural,5,13,Female,Low,Primary,6105,71.1,35.3,5.49,1,7.22,0,0.63143706,Moderate risk..
RJ002529,Jaipur,Rural,9,11,Male,Low,Secondary,5062,75.4,55.4,5.4,1,3.44,0,0.28304315,Low risk...
RJ002530,Bhilwara,Rural,10,18,Male,Middle,No formal,24343,86.6,76.7,0.1,1,6.6,0,0.016627565,Low risk...
RJ002531,Alwar,Urban,7,15,Male,Low,Secondary,4857,74.9,74.8,0.51,0,5.87,0,0.045245614,Low risk...
RJ002532,Sikar,Rural,12,12,Female,Low,Secondary,5645,70.6,64.6,3.15,1,5.16,0,0.12265978,Low risk...
RJ002533,Kota,Rural,9,14,Male,Lower-Middle,Primary,8761,80.8,70.4,6.47,0,6.86,0,0.053543806,Low risk...
RJ002534,Jaipur,Rural,9,12,Female,Lower-Middle,Primary,8451,77.2,55.7,2.76,1,3.7,1,0.05705953,Low risk...
RJ002535,Alwar,Urban,12,8,Male,Low,Primary,7854,68.3,54.5,1.2,1,5.66,0,0.06452651,Low risk...
RJ002536,Sikar,Rural,2,11,Male,Low,No formal,6893,79.1,70.8,4.34,1,5.26,0,0.08684357,Low risk...
RJ002537,Alwar,Rural,1,16,Male,Middle,No formal,27784,89.0,70.3,0.1,0,5.77,0,0.012089162,Low risk...
RJ002538,Jaipur,Urban,11,18,Male,High,Primary,84772,87.9,68.9,0.53,0,4.44,0,0.005630009,Low risk...
RJ002539,Alwar,Rural,4,16,Female,Low,Secondary,7252,73.2,60.4,6.8,1,6.1,1,0.76100874,High risk...
RJ002540,Sikar,Rural,4,12,Male,Low,Secondary,7292,72.3,70.8,1.89,1,6.26,0,0.093506,Low risk...
RJ002541,Ajmer,Rural,2,7,Female,Low,Primary,8128,81.6,73.5,0.65,1,3.79,1,0.80124766,High risk...
RJ002542,Sikar,Rural,3,8,Female,Middle,Secondary,21777,87.0,75.4,0.88,1,4.65,0,0.014826432,Low risk...
RJ002543,Barmer,Urban,3,9,Female,Lower-Middle,Secondary,14996,81.5,67.4,1.66,1,4.85,0,0.19091716,Low risk...
RJ002544,Ajmer,Rural,5,15,Male,Middle,Primary,34845,88.2,65.7,0.97,0,5.42,0,0.055052526,Low risk...
RJ002545,Jaipur,Rural,1,11,Male,Middle,No formal,18008,84.4,69.7,3.25,1,3.74,0,0.017453816,Low risk...
RJ002546,Udaipur,Rural,9,6,Male,Upper-Middle,Higher Secondary,43281,91.3,66.4,0.1,0,2.38,0,0.0011254615,Low risk...
RJ002547,Jaipur,Rural,8,14,Male,Upper-Middle,Secondary,45235,86.7,62.9,5.62,0,2.96,0,0.008345958,Low risk...
RJ002548,Bikaner,Urban,8,10,Female,Middle,Secondary,31882,90.0,60.4,1.2,0,9.07,0,0.015329845,Low risk...
RJ002549,Bikaner,Rural,3,18,Male,Lower-Middle,Primary,8515,80.1,73.5,3.45,0,7.38,1,0.76405096,High risk...
RJ002550,Jaipur,Rural,2,17,Female,Low,Secondary,6714,78.6,59.4,4.58,1,4.82,0,0.06642695,Low risk...
RJ002551,Kota,Urban,1,12,Male,Lower-Middle,Secondary,15898,74.5,65.9,0.74,1,7.72,0,0.10361332,Low risk...
RJ002552,Jaipur,Rural,12,14,Female,Lower-Middle,No formal,9640,73.0,56.3,4.5,1,3.6,0,0.107604034,Low risk...
RJ002553,Sikar,Rural,6,14,Male,Lower-Middle,Higher Secondary,9371,78.6,90.7,6.34,1,4.41,0,0.074805826,Low risk...
RJ002554,Bhilwara,Rural,10,6,Male,Low,Primary,8399,65.4,58.4,0.5,0,7.26,0,0.057629988,Low risk...
RJ002555,Jaipur,Rural,1,6,Female,Middle,No formal,31954,89.8,52.5,5.14,1,3.43,0,0.052434053,Low risk...
RJ002556,Bhilwara,Rural,11,8,Male,Lower-Middle,No formal,14258,77.9,69.6,4.58,1,7.42,1,0.72431046,High risk...
RJ002557,Udaipur,Rural,5,11,Female,Lower-Middle,Secondary,11751,77.0,61.1,7.61,0,3.57,1,0.8278385,High risk...
RJ002558,Kota,Urban,9,7,Male,Low,Secondary,7787,72.0,59.6,1.68,1,9.63,0,0.029807534,Low risk...
RJ002559,Jaipur,Rural,11,15,Male,Lower-Middle,Secondary,16151,79.4,60.3,3.71,0,2.9,0,0.077376164,Low risk...
RJ002560,Udaipur,Urban,9,17,Female,Low,Higher Secondary,7276,65.7,61.4,0.61,1,4.46,1,0.95771605,High risk...
RJ002561,Sikar,Rural,12,16,Female,Upper-Middle,Primary,44040,82.7,66.7,8.47,1,5.64,0,0.018504195,Low risk...
RJ002562,Alwar,Urban,4,6,Male,Lower-Middle,Secondary,13302,79.5,60.5,2.43,1,8.71,0,0.011720737,Low risk...
RJ002563,Jaipur,Urban,7,6,Female,Low,Secondary,4614,73.1,57.8,1.51,1,3.59,0,0.037665416,Low risk...
RJ002564,Jaipur,Urban,11,18,Female,Low,Graduate+,4864,70.8,65.8,1.98,1,3.97,1,0.11115751,Low risk...
RJ002565,Bikaner,Rural,7,10,Female,Middle,Primary,31203,87.7,49.5,3.45,1,7.5,0,0.13525304,Low risk...
RJ002566,Kota,Rural,4,9,Male,Low,Graduate+,4323,75.9,56.5,3.01,1,8.5,0,0.07182731,Low risk...
RJ002567,Jodhpur,Rural,5,6,Male,High,No formal,58755,95.1,83.9,3.83,0,4.4,0,0.012936836,Low risk...
RJ002568,Kota,Urban,11,9,Female,Lower-Middle,Secondary,12667,72.8,64.3,1.39,1,8.26,0,0.084213495,Low risk...
RJ002569,Sikar,Rural,9,8,Female,Low,Secondary,4916,72.4,57.2,1.61,1,5.83,0,0.025133448,Low risk...
RJ002570,Bhilwara,Rural,7,7,Male,Middle,Higher Secondary,22640,84.1,57.3,4.41,1,7.67,0,0.015098438,Low risk...
RJ002571,Bikaner,Rural,7,14,Male,Low,No formal,5875,77.4,59.5,5.05,1,6.59,1,0.7469237,High risk...
RJ002572,Barmer,Rural,10,16,Male,Middle,No formal,26639,84.0,71.8,1.14,0,5.52,0,0.009844217,Low risk...
RJ002573,Kota,Rural,7,6,Female,Low,No formal,5391,71.0,77.2,5.51,1,7.34,0,0.0266267,Low risk...
RJ002574,Udaipur,Rural,9,12,Male,High,Secondary,83079,93.6,89.3,5.08,0,2.23,0,0.002559047,Low risk...
RJ002575,Jodhpur,Urban,5,18,Male,Lower-Middle,Secondary,11514,81.7,59.9,0.92,1,5.46,0,0.0115316445,Low risk...
RJ002576,Ajmer,Urban,6,9,Male,Middle,Higher Secondary,18918,83.0,66.2,1.1,0,5.93,0,0.0028277684,Low risk...
RJ002577,Bhilwara,Rural,3,10,Female,Low,Primary,7842,74.0,48.2,1.56,1,8.46,1,0.9528585,High risk...
RJ002578,Ajmer,Rural,1,15,Male,Low,No formal,5382,75.0,51.8,4.41,1,3.67,1,0.38070473,Low risk...
RJ002579,Kota,Urban,11,10,Male,Middle,No formal,28164,86.7,63.8,1.2,0,8.39,0,0.0033932647,Low risk...
RJ002580,Ajmer,Rural,12,6,Female,Middle,No formal,27472,83.1,60.4,8.18,1,5.26,0,0.026600035,Low risk...
RJ002581,Jaipur,Rural,2,11,Female,Low,Secondary,5037,77.7,81.1,2.9,0,6.03,0,0.016064517,Low risk...
RJ002582,Barmer,Rural,8,18,Male,Lower-Middle,Higher Secondary,8652,77.0,56.1,1.33,0,6.65,0,0.023945034,Low risk...
RJ002583,Udaipur,Rural,1,14,Male,Low,Graduate+,7799,77.0,68.3,5.97,1,3.93,1,0.92171305,High risk...
RJ002584,Bikaner,Urban,10,7,Female,Lower-Middle,Primary,12581,81.4,47.9,0.1,1,9.11,0,0.06512736,Low risk...
RJ002585,Ajmer,Rural,7,12,Female,Low,No formal,5941,71.9,59.3,1.63,1,5.6,1,0.1821184,Low risk...
RJ002586,Ajmer,Urban,5,11,Female,Low,No formal,7404,74.3,47.3,0.89,0,5.49,0,0.12379116,Low risk...
RJ002587,Jaipur,Rural,6,10,Female,Low,Secondary,4339,69.4,68.5,0.1,1,3.62,0,0.039135937,Low risk...
RJ002588,Alwar,Urban,8,9,Female,Lower-Middle,Graduate+,14828,76.2,65.9,1.75,0,8.22,0,0.054876868,Low risk...
RJ002589,Jodhpur,Rural,4,9,Female,Low,No formal,5917,73.5,46.4,6.82,1,4.24,1,0.9215654,High risk...
RJ002590,Alwar,Rural,6,11,Male,High,No formal,86891,89.3,50.3,6.75,0,7.31,0,0.0056483536,Low risk...
RJ002591,Sikar,Rural,11,9,Male,Low,Secondary,7360,75.0,55.2,9.66,1,4.97,1,0.8387205,High risk...
RJ002592,Sikar,Urban,3,10,Male,Upper-Middle,Secondary,48725,88.5,73.0,1.03,0,6.82,0,0.002646498,Low risk...
RJ002593,Udaipur,Urban,7,18,Male,Lower-Middle,Primary,8919,81.4,67.8,0.32,0,5.4,0,0.032416563,Low risk...
RJ002594,Udaipur,Urban,2,11,Female,Lower-Middle,Higher Secondary,14520,82.1,65.7,1.56,1,4.18,0,0.38656205,Low risk...
RJ002595,Jaipur,Rural,12,10,Male,Low,No formal,7503,70.6,63.3,3.71,0,4.72,0,0.5357838,Moderate risk..
RJ002596,Sikar,Rural,8,12,Female,Lower-Middle,Graduate+,12280,83.0,63.2,2.72,0,5.08,0,0.023150563,Low risk...
RJ002597,Kota,Rural,7,14,Male,Middle,No formal,25184,78.2,37.0,1.73,0,7.63,0,0.039031815,Low risk...
RJ002598,Udaipur,Urban,12,15,Male,Lower-Middle,No formal,10516,75.9,61.3,0.42,1,4.88,1,0.10671507,Low risk...
RJ002599,Kota,Urban,12,12,Female,Low,Primary,6905,67.3,66.3,2.31,1,10.0,0,0.08319893,Low risk...
RJ002600,Jaipur,Urban,8,12,Male,Upper-Middle,No formal,59283,82.6,73.5,2.33,0,6.34,1,0.8548492,High risk...
RJ002601,Ajmer,Rural,2,9,Male,High,Primary,92734,90.9,59.7,6.19,0,5.06,0,0.0067868168,Low risk...
RJ002602,Jaipur,Rural,3,6,Male,Lower-Middle,Secondary,14879,81.1,62.3,1.69,1,2.39,1,0.21130349,Low risk...
RJ002603,Alwar,Rural,12,13,Female,Lower-Middle,Primary,15435,74.3,66.0,0.87,1,6.1,0,0.010441923,Low risk...
RJ002604,Kota,Rural,4,9,Male,Lower-Middle,Secondary,10300,83.2,62.9,5.71,0,8.45,0,0.0036804162,Low risk...
RJ002605,Jaipur,Urban,12,6,Female,Low,Primary,5889,69.9,58.4,1.86,1,4.18,1,0.008937482,Low risk...
RJ002606,Udaipur,Urban,9,10,Male,Low,No formal,6031,71.0,50.4,0.55,1,5.33,0,0.11576388,Low risk...
RJ002607,Jaipur,Rural,12,13,Female,Lower-Middle,Graduate+,13095,75.5,59.1,3.19,1,3.69,0,0.08920605,Low risk...
RJ002608,Kota,Rural,12,9,Male,Middle,Higher Secondary,18361,82.2,62.5,5.41,0,8.46,0,0.007484806,Low risk...
RJ002609,Alwar,Rural,5,18,Female,Low,No formal,6671,72.7,64.8,6.57,1,5.21,1,0.7981723,High risk...
RJ002610,Jaipur,Urban,6,17,Female,Lower-Middle,Primary,9144,76.9,61.9,0.7,0,6.07,0,0.064050205,Low risk...
RJ002611,Sikar,Urban,1,13,Female,Upper-Middle,Secondary,56907,95.0,85.2,0.37,0,6.14,0,0.0008348194,Low risk...
RJ002612,Jaipur,Urban,4,13,Female,Low,No formal,8245,72.6,61.2,0.39,1,4.06,0,0.056987226,Low risk...
RJ002613,Jodhpur,Urban,4,8,Female,Low,Secondary,5417,73.3,74.8,0.62,1,7.43,0,0.07983579,Low risk...
RJ002614,Alwar,Urban,10,14,Female,Middle,Primary,26366,84.8,73.0,1.92,1,5.55,0,0.06375173,Low risk...
RJ002615,Kota,Rural,8,8,Male,Low,No formal,7657,73.5,63.7,11.83,1,6.62,1,0.8287547,High risk...
RJ002616,Jaipur,Urban,8,6,Female,Low,No formal,5522,69.8,54.4,1.55,1,5.9,0,0.07519379,Low risk...
RJ002617,Kota,Urban,10,7,Male,Lower-Middle,Secondary,9725,79.8,90.0,1.41,1,8.34,1,0.03600512,Low risk...
RJ002618,Kota,Rural,6,11,Male,Lower-Middle,Primary,14608,81.1,65.2,3.43,1,6.81,0,0.051376477,Low risk...
RJ002619,Barmer,Rural,8,17,Male,Upper-Middle,No formal,53498,89.0,51.1,6.1,0,4.5,0,0.017689316,Low risk...
RJ002620,Kota,Rural,9,15,Male,Lower-Middle,Secondary,13188,76.7,66.2,3.83,1,5.22,0,0.17209016,Low risk...
RJ002621,Sikar,Urban,5,7,Male,Lower-Middle,Secondary,16333,78.8,57.4,0.55,1,8.03,1,0.02316581,Low risk...
RJ002622,Barmer,Rural,1,11,Female,Lower-Middle,Primary,16423,81.4,72.6,0.2,1,4.87,1,0.8374191,High risk...
RJ002623,Bikaner,Urban,1,6,Male,High,Higher Secondary,104247,91.3,81.0,1.6,1,7.95,1,0.8586677,High risk...
RJ002624,Barmer,Rural,2,16,Male,Low,Secondary,5431,75.4,61.7,6.06,1,2.98,1,0.22256693,Low risk...
RJ002625,Kota,Urban,2,18,Female,Low,Primary,5147,78.2,55.4,1.93,1,7.51,0,0.07310796,Low risk...
RJ002626,Bhilwara,Urban,5,6,Male,High,Primary,102801,95.6,74.1,0.84,0,7.06,0,0.002417778,Low risk...
RJ002627,Jaipur,Rural,7,10,Female,High,Secondary,92476,90.9,67.4,1.14,0,3.84,0,0.00027274608,Low risk...
RJ002628,Alwar,Rural,7,15,Female,Low,No formal,5864,76.2,65.5,0.1,1,5.6,0,0.07048466,Low risk...
RJ002629,Udaipur,Rural,4,18,Female,Low,Primary,5921,80.2,68.2,1.38,1,4.59,0,0.06294762,Low risk...
RJ002630,Bikaner,Urban,4,16,Female,Lower-Middle,Secondary,15568,79.6,89.2,0.4,0,9.5,0,0.075998425,Low risk...
RJ002631,Ajmer,Urban,11,14,Male,Low,Primary,4886,73.1,55.9,0.96,1,7.13,1,0.8659461,High risk...
RJ002632,Alwar,Rural,10,13,Male,Middle,Secondary,34020,76.7,61.6,4.69,1,6.9,1,0.8707365,High risk...
RJ002633,Jaipur,Rural,3,8,Male,Low,Primary,6860,71.2,57.1,3.54,1,4.81,1,0.7132776,High risk...
RJ002634,Jodhpur,Rural,11,8,Female,Low,No formal,7524,71.3,55.4,4.08,1,5.05,1,0.8781253,High risk...
RJ002635,Alwar,Rural,2,6,Male,Lower-Middle,Primary,11515,78.5,70.9,7.58,1,5.6,1,0.27891052,Low risk...
RJ002636,Alwar,Urban,3,8,Male,High,Primary,88866,99.0,72.8,1.53,0,7.58,0,0.0039735264,Low risk...
RJ002637,Bhilwara,Rural,8,17,Male,Lower-Middle,Secondary,14700,80.3,82.0,0.1,1,6.74,0,0.025202185,Low risk...
RJ002638,Sikar,Urban,1,17,Female,Lower-Middle,Secondary,12055,84.9,73.6,2.95,0,6.69,0,0.021923676,Low risk...
RJ002639,Bhilwara,Urban,4,17,Male,High,Primary,83324,93.4,67.8,0.79,0,10.0,0,0.0055657267,Low risk...
RJ002640,Alwar,Rural,7,18,Other,Lower-Middle,Graduate+,13289,76.0,62.2,0.94,1,4.8,0,0.021282371,Low risk...
RJ002641,Kota,Rural,5,16,Male,Lower-Middle,No formal,8933,78.4,68.9,5.66,1,6.74,1,0.19274627,Low risk...
RJ002642,Jaipur,Urban,2,6,Male,Lower-Middle,No formal,15651,82.3,63.1,1.39,1,4.75,1,0.8431611,High risk...
RJ002643,Sikar,Urban,1,13,Male,Low,Primary,7840,74.1,60.1,0.27,1,6.36,0,0.04807274,Low risk...
RJ002644,Ajmer,Rural,6,6,Female,Lower-Middle,No formal,10764,81.5,57.6,0.1,1,4.53,0,0.03340547,Low risk...
RJ002645,Jaipur,Rural,5,10,Female,Lower-Middle,Secondary,15791,82.1,66.8,4.78,1,3.85,0,0.047944814,Low risk...
RJ002646,Kota,Urban,3,14,Male,Low,No formal,7330,75.0,53.4,1.58,1,9.15,0,0.13469751,Low risk...
RJ002647,Bhilwara,Urban,11,12,Male,Low,No formal,6229,65.5,63.7,1.13,1,9.56,1,0.17567608,Low risk...
RJ002648,Udaipur,Urban,11,9,Female,Low,Primary,5661,76.1,67.0,1.3,1,7.67,0,0.0696693,Low risk...
RJ002649,Bikaner,Rural,11,16,Male,Lower-Middle,Secondary,11755,76.4,62.4,9.35,0,6.9,1,0.8920321,High risk...
RJ002650,Bikaner,Rural,9,14,Male,Low,Higher Secondary,6445,80.1,66.9,5.88,1,7.2,0,0.09902711,Low risk...
RJ002651,Jodhpur,Rural,3,14,Male,Low,Secondary,5933,77.0,64.9,11.14,1,2.26,0,0.04988807,Low risk...
RJ002652,Kota,Rural,2,7,Male,Upper-Middle,No formal,44738,90.9,68.0,4.48,0,6.08,0,0.013994182,Low risk...
RJ002653,Kota,Rural,5,15,Male,Lower-Middle,Secondary,10106,81.3,59.1,4.68,1,7.23,0,0.02871783,Low risk...
RJ002654,Jaipur,Urban,9,15,Male,Low,No formal,7173,65.9,37.8,1.49,0,5.58,0,0.037036367,Low risk...
RJ002655,Sikar,Urban,8,16,Male,Middle,Primary,28168,87.6,61.8,1.4,0,7.4,0,0.013211509,Low risk...
RJ002656,Bikaner,Rural,6,17,Female,Low,Higher Secondary,8366,81.2,68.1,4.74,1,7.88,0,0.03686355,Low risk...
RJ002657,Sikar,Rural,3,11,Male,Middle,Primary,19972,80.7,58.1,0.1,1,6.67,0,0.041645136,Low risk...
RJ002658,Barmer,Rural,6,9,Female,Middle,No formal,19490,84.6,70.8,9.21,0,6.4,0,0.0018478964,Low risk...
RJ002659,Jodhpur,Rural,5,13,Male,Middle,Primary,26529,85.7,65.2,5.17,1,3.85,0,0.025439471,Low risk...
RJ002660,Ajmer,Rural,1,17,Female,Middle,No formal,20160,90.6,82.8,3.68,1,4.2,0,0.010053583,Low risk...
RJ002661,Udaipur,Urban,5,16,Male,Low,Primary,6765,80.3,59.3,2.15,1,6.13,0,0.03433247,Low risk...
RJ002662,Barmer,Urban,7,12,Female,Middle,Primary,20932,86.1,68.4,0.24,0,7.13,0,0.061808005,Low risk...
RJ002663,Jodhpur,Urban,9,12,Male,Low,Primary,6229,78.4,60.3,0.95,1,5.73,1,0.8207906,High risk...
RJ002664,Alwar,Urban,12,16,Female,Low,Graduate+,6768,71.0,68.6,1.47,1,6.68,0,0.041523557,Low risk...
RJ002665,Ajmer,Rural,1,15,Male,Upper-Middle,Secondary,45928,93.4,82.6,4.13,0,4.5,0,0.0023174942,Low risk...
RJ002666,Kota,Urban,3,14,Male,Lower-Middle,Higher Secondary,11088,82.0,74.5,2.31,0,8.83,0,0.021348305,Low risk...
RJ002667,Jaipur,Urban,8,18,Female,High,Secondary,99810,95.2,58.9,1.4,0,5.8,0,0.009128971,Low risk...
RJ002668,Ajmer,Rural,6,10,Female,Low,Secondary,7790,72.2,65.3,5.89,1,4.33,0,0.06334943,Low risk...
RJ002669,Alwar,Urban,5,11,Male,Lower-Middle,Primary,10736,82.5,57.0,2.1,1,6.06,0,0.049357142,Low risk...
RJ002670,Kota,Rural,10,6,Female,Low,No formal,7616,67.8,51.7,7.83,1,7.97,0,0.027615663,Low risk...
RJ002671,Ajmer,Rural,2,11,Male,Lower-Middle,Secondary,11690,80.6,71.9,2.55,1,4.15,1,0.8425607,High risk...
RJ002672,Bikaner,Rural,3,7,Male,Low,Primary,6248,73.1,50.5,4.17,1,7.42,0,0.14909455,Low risk...
RJ002673,Alwar,Rural,12,11,Other,Low,No formal,5173,70.8,65.2,2.2,1,5.46,0,0.54837114,Moderate risk..
RJ002674,Jodhpur,Urban,2,14,Male,Low,Primary,6828,74.6,57.5,0.33,1,5.59,0,0.035635713,Low risk...
RJ002675,Barmer,Urban,1,13,Female,Middle,Secondary,19266,91.4,90.2,0.1,1,5.55,0,0.0005227448,Low risk...
RJ002676,Kota,Rural,7,14,Male,Low,Graduate+,6685,70.4,65.3,6.21,1,9.11,1,0.889653,High risk...
RJ002677,Kota,Rural,3,18,Female,Middle,Primary,34820,81.8,78.3,6.7,1,7.77,0,0.022838928,Low risk...
RJ002678,Jaipur,Rural,7,15,Female,Low,Primary,7365,68.9,66.5,5.3,1,3.1,0,0.012811538,Low risk...
RJ002679,Jaipur,Urban,12,13,Female,Low,Higher Secondary,7959,73.5,59.6,1.41,1,5.44,0,0.0413896,Low risk...
RJ002680,Udaipur,Rural,7,8,Female,Lower-Middle,Primary,12299,76.1,50.8,5.11,0,5.81,0,0.08718006,Low risk...
RJ002681,Jodhpur,Rural,8,13,Male,High,No formal,63958,92.7,70.0,4.72,0,4.18,0,0.011908949,Low risk...
RJ002682,Sikar,Rural,1,11,Female,Low,Primary,5412,75.1,56.0,4.18,1,6.95,1,0.5870942,Moderate risk..
RJ002683,Jaipur,Urban,5,18,Male,Low,Higher Secondary,4406,76.5,78.9,1.24,1,3.96,0,0.0315916,Low risk...
RJ002684,Kota,Rural,10,11,Female,Middle,No formal,26282,82.8,61.2,0.17,0,6.52,0,0.03659413,Low risk...
RJ002685,Kota,Rural,9,11,Female,Low,Primary,6929,80.3,61.4,0.1,1,5.23,1,0.88135684,High risk...
RJ002686,Jaipur,Rural,12,8,Male,Middle,Primary,24928,88.2,57.4,7.57,1,5.59,0,0.0055627353,Low risk...
RJ002687,Jaipur,Urban,11,15,Female,Low,Higher Secondary,6565,70.1,65.8,1.74,0,3.41,0,0.6032931,Moderate risk..
RJ002688,Bikaner,Rural,7,6,Male,Lower-Middle,Graduate+,11094,77.6,59.7,5.25,1,7.44,0,0.07376417,Low risk...
RJ002689,Udaipur,Urban,1,17,Male,Low,Primary,4561,85.4,70.4,0.87,1,7.21,0,0.061741,Low risk...
RJ002690,Bikaner,Urban,8,9,Male,Lower-Middle,Graduate+,12029,75.3,72.3,0.96,0,9.74,0,0.05963491,Low risk...
RJ002691,Udaipur,Rural,3,15,Female,Middle,No formal,27086,86.8,59.6,5.05,1,4.35,0,0.02380034,Low risk...
RJ002692,Ajmer,Urban,4,17,Male,Middle,No formal,34696,86.6,73.1,2.17,1,7.78,0,0.00576669,Low risk...
RJ002693,Jaipur,Rural,4,11,Female,Lower-Middle,Graduate+,11317,80.5,68.6,4.86,1,2.94,0,0.058176428,Low risk...
RJ002694,Bikaner,Rural,10,16,Male,Upper-Middle,Primary,52850,82.3,53.2,0.1,0,7.78,0,0.0401376,Low risk...
RJ002695,Bhilwara,Urban,12,17,Female,Low,No formal,7655,72.0,69.1,3.19,1,8.54,0,0.051381797,Low risk...
RJ002696,Udaipur,Rural,8,15,Male,Low,Primary,5609,69.6,50.0,8.46,1,3.84,1,0.9531768,High risk...
RJ002697,Alwar,Rural,1,7,Female,Lower-Middle,Secondary,16211,86.3,73.8,4.95,1,5.55,1,0.8780424,High risk...
RJ002698,Kota,Urban,8,12,Male,Lower-Middle,Higher Secondary,11246,74.1,68.3,2.15,0,10.0,0,0.1502178,Low risk...
RJ002699,Sikar,Rural,9,12,Female,Low,Higher Secondary,8273,72.2,66.8,3.05,1,6.98,0,0.054489885,Low risk...
RJ002700,Sikar,Urban,9,16,Male,Lower-Middle,Secondary,8418,71.4,63.8,1.59,0,6.65,0,0.046332527,Low risk...
RJ002701,Udaipur,Rural,5,9,Female,Lower-Middle,Higher Secondary,13727,73.5,56.7,7.69,1,2.89,0,0.76459205,High risk...
RJ002702,Bhilwara,Urban,4,9,Male,Middle,Primary,31324,84.0,79.5,1.73,1,7.83,0,0.0014158261,Low risk...
RJ002703,Jaipur,Rural,4,6,Female,Middle,Secondary,22401,84.4,76.3,5.08,1,5.56,0,0.06869318,Low risk...
RJ002704,Jaipur,Urban,9,18,Male,Lower-Middle,Secondary,9383,82.4,71.2,0.1,0,6.59,0,0.013604208,Low risk...
RJ002705,Sikar,Rural,8,7,Female,Low,Primary,4302,72.4,48.4,5.21,1,4.32,0,0.86851054,High risk...
RJ002706,Sikar,Rural,10,14,Male,Lower-Middle,No formal,9025,81.4,54.5,1.68,0,7.07,0,0.050232742,Low risk...
RJ002707,Jaipur,Rural,10,15,Male,Middle,Primary,27003,82.4,70.3,7.43,1,2.9,0,0.007549724,Low risk...
RJ002708,Jodhpur,Rural,12,13,Male,Low,Secondary,7725,72.3,45.4,5.7,1,4.76,0,0.27714258,Low risk...
RJ002709,Jaipur,Rural,7,13,Male,Lower-Middle,No formal,8930,76.8,62.3,7.61,1,2.9,0,0.06617912,Low risk...
RJ002710,Kota,Rural,12,14,Male,High,No formal,62338,87.1,55.1,0.65,0,9.53,0,0.0005805696,Low risk...
RJ002711,Sikar,Rural,3,12,Female,Low,Primary,4221,69.5,50.4,0.83,1,4.84,0,0.038980037,Low risk...
RJ002712,Udaipur,Rural,4,18,Female,Low,No formal,5386,75.5,47.5,10.18,1,2.93,0,0.04537804,Low risk...
RJ002713,Kota,Urban,9,14,Female,Low,Secondary,8069,72.8,63.6,1.06,1,8.42,1,0.8926466,High risk...
RJ002714,Kota,Urban,8,15,Male,Lower-Middle,Primary,10721,80.8,73.0,0.1,1,10.0,0,0.026050422,Low risk...
RJ002715,Jaipur,Rural,12,17,Male,Upper-Middle,No formal,45386,87.1,68.5,6.6,1,3.87,0,0.049164627,Low risk...
RJ002716,Kota,Rural,12,7,Female,Lower-Middle,Secondary,9903,82.6,71.2,2.6,1,6.34,0,0.08397267,Low risk...
RJ002717,Ajmer,Urban,1,11,Male,Low,Higher Secondary,4688,76.5,67.6,0.91,1,5.71,0,0.027332382,Low risk...
RJ002718,Bhilwara,Urban,3,8,Female,Lower-Middle,No formal,9932,84.0,69.4,1.09,0,6.9,0,0.036403123,Low risk...
RJ002719,Barmer,Urban,12,16,Male,Lower-Middle,No formal,10168,75.5,62.5,0.1,1,6.74,0,0.0734199,Low risk...
RJ002720,Jaipur,Rural,10,11,Other,Lower-Middle,Graduate+,9494,74.8,45.7,8.68,1,2.36,0,0.009894845,Low risk...
RJ002721,Barmer,Rural,2,8,Male,Low,Primary,7525,77.7,69.5,8.56,1,5.8,0,0.049450345,Low risk...
RJ002722,Sikar,Rural,2,13,Female,Lower-Middle,Graduate+,12409,81.2,77.6,7.78,1,6.2,0,0.008841231,Low risk...
RJ002723,Sikar,Rural,8,16,Male,Lower-Middle,Primary,12934,81.0,61.3,6.49,1,5.31,0,0.23538327,Low risk...
RJ002724,Bikaner,Rural,6,18,Female,Low,No formal,5774,74.6,42.5,4.95,1,8.5,0,0.03085465,Low risk...
RJ002725,Bikaner,Rural,12,9,Male,Lower-Middle,No formal,10170,74.1,59.9,7.46,0,8.19,0,0.04848456,Low risk...
RJ002726,Kota,Urban,12,17,Female,High,No formal,61258,92.7,71.7,1.58,0,9.03,0,0.12911999,Low risk...
RJ002727,Jaipur,Urban,12,15,Female,Low,Higher Secondary,4519,67.9,57.6,0.81,1,4.34,0,0.0077582197,Low risk...
RJ002728,Jodhpur,Rural,6,11,Male,High,Graduate+,66368,94.4,80.6,0.64,0,4.51,0,0.020737747,Low risk...
RJ002729,Jodhpur,Rural,4,14,Male,Low,Graduate+,7771,78.3,78.1,1.26,1,4.5,0,0.23690893,Low risk...
RJ002730,Udaipur,Rural,1,7,Male,Middle,Higher Secondary,21290,86.8,91.7,6.09,0,4.47,0,0.006145561,Low risk...
RJ002731,Alwar,Urban,11,7,Male,Low,Higher Secondary,5690,74.5,66.3,1.51,1,6.94,1,0.699113,Moderate risk..
RJ002732,Udaipur,Rural,7,12,Male,Low,Secondary,6606,74.2,65.2,2.17,1,4.3,1,0.8011582,High risk...
RJ002733,Jaipur,Urban,8,7,Male,Lower-Middle,Higher Secondary,12696,81.1,62.5,0.1,1,5.41,1,0.7475327,High risk...
RJ002734,Bhilwara,Urban,2,7,Male,Lower-Middle,No formal,13993,79.0,56.9,0.46,1,10.0,1,0.005266565,Low risk...
RJ002735,Bhilwara,Rural,2,9,Female,Middle,Primary,20901,88.1,67.4,3.07,1,5.88,0,0.00882815,Low risk...
RJ002736,Sikar,Rural,1,14,Female,Lower-Middle,Secondary,12802,77.8,74.1,4.46,1,4.41,1,0.051270086,Low risk...
RJ002737,Bhilwara,Rural,4,13,Male,Lower-Middle,Higher Secondary,14849,85.6,78.3,10.24,0,7.23,1,0.95033306,High risk...
RJ002738,Udaipur,Rural,6,7,Female,Upper-Middle,Secondary,43706,83.5,83.5,3.16,0,3.22,0,0.011433683,Low risk...
RJ002739,Bhilwara,Rural,5,13,Female,Lower-Middle,Higher Secondary,16564,78.9,55.8,3.26,1,7.36,0,0.07316768,Low risk...
RJ002740,Jaipur,Rural,4,9,Male,Low,Primary,6627,71.7,48.0,4.45,1,2.5,1,0.9177807,High risk...
RJ002741,Kota,Urban,4,7,Male,Low,Secondary,7034,76.5,72.7,1.81,1,7.92,0,0.054289266,Low risk...
RJ002742,Jodhpur,Urban,10,16,Male,Lower-Middle,Graduate+,12256,83.3,84.1,1.53,1,7.65,0,0.033098124,Low risk...
RJ002743,Jodhpur,Urban,7,15,Female,Middle,No formal,32512,87.0,66.0,0.42,1,5.36,1,0.7767808,High risk...
RJ002744,Jaipur,Rural,7,12,Female,Low,Graduate+,6096,81.9,35.9,3.26,1,2.44,0,0.014647054,Low risk...
RJ002745,Ajmer,Urban,2,11,Male,Low,Primary,8158,71.4,52.5,1.38,1,6.38,0,0.008465849,Low risk...
RJ002746,Sikar,Rural,7,15,Female,Low,Secondary,5491,69.1,62.1,9.92,1,6.45,0,0.018374205,Low risk...
RJ002747,Ajmer,Rural,2,10,Male,Lower-Middle,Higher Secondary,15673,78.8,60.5,4.36,0,6.2,1,0.8015366,High risk...
RJ002748,Jaipur,Rural,4,16,Male,Low,Primary,6885,74.9,62.0,0.1,1,2.15,0,0.078098126,Low risk...
RJ002749,Sikar,Urban,1,6,Female,Low,Primary,7556,72.9,74.5,1.12,1,6.15,0,0.01231764,Low risk...
RJ002750,Ajmer,Urban,5,7,Female,Lower-Middle,Primary,8717,77.7,73.6,1.24,1,6.72,0,0.08226323,Low risk...
RJ002751,Bikaner,Rural,1,13,Male,Middle,No formal,22352,89.9,73.9,8.8,0,7.23,1,0.78078943,High risk...
RJ002752,Alwar,Urban,4,6,Female,Low,Primary,7758,70.8,57.6,0.85,1,5.26,1,0.042707097,Low risk...
RJ002753,Jodhpur,Urban,9,8,Female,Lower-Middle,Primary,11074,74.6,56.4,1.34,1,4.16,0,0.049885474,Low risk...
RJ002754,Kota,Urban,12,7,Female,Low,Graduate+,7193,69.3,70.1,1.7,1,7.8,0,0.03730546,Low risk...
RJ002755,Barmer,Urban,8,10,Female,Upper-Middle,No formal,62754,87.6,66.3,0.86,0,4.42,0,0.012346167,Low risk...
RJ002756,Kota,Urban,6,9,Male,Low,Primary,4944,76.5,62.0,1.87,1,8.41,1,0.82683647,High risk...
RJ002757,Bikaner,Rural,8,18,Male,High,Graduate+,79383,88.8,63.4,2.44,0,8.46,0,0.0017081902,Low risk...
RJ002758,Barmer,Rural,5,12,Male,High,Higher Secondary,65247,90.8,69.2,4.37,0,4.03,0,0.009219378,Low risk...
RJ002759,Alwar,Rural,7,10,Female,Middle,Secondary,20200,86.7,76.0,2.53,0,6.44,1,0.6587604,Moderate risk..
RJ002760,Jaipur,Urban,8,13,Female,Low,Secondary,6859,74.9,54.1,1.56,1,5.14,0,0.08724853,Low risk...
RJ002761,Jaipur,Rural,7,9,Male,Lower-Middle,Primary,10008,83.3,67.7,1.38,1,3.43,0,0.06626905,Low risk...
RJ002762,Jaipur,Rural,4,17,Male,Low,Primary,6227,75.9,64.4,3.12,1,1.95,1,0.8674877,High risk...
RJ002763,Ajmer,Urban,5,11,Male,Upper-Middle,No formal,62305,90.4,71.5,2.57,0,7.67,0,0.007938171,Low risk...
RJ002764,Bikaner,Rural,10,9,Male,Middle,Secondary,23330,85.2,73.6,2.27,0,7.38,0,0.014452972,Low risk...
RJ002765,Jaipur,Urban,6,7,Female,High,Primary,104923,91.7,75.6,0.1,0,3.51,0,0.0058077117,Low risk...
RJ002766,Bhilwara,Rural,12,6,Female,Lower-Middle,Secondary,11729,75.7,58.4,0.1,1,7.53,0,0.089389294,Low risk...
RJ002767,Udaipur,Rural,11,6,Male,Lower-Middle,Primary,10608,71.7,46.9,0.1,0,3.39,0,0.06850356,Low risk...
RJ002768,Jodhpur,Rural,6,13,Female,Lower-Middle,Primary,11225,82.2,57.9,3.6,1,4.16,1,0.90242684,High risk...
RJ002769,Udaipur,Urban,9,9,Female,Lower-Middle,Secondary,9473,78.6,71.0,2.71,0,5.72,0,0.049157783,Low risk...
RJ002770,Alwar,Rural,10,10,Female,Lower-Middle,Higher Secondary,14103,79.8,58.7,1.35,1,6.58,0,0.036102008,Low risk...
RJ002771,Jaipur,Urban,2,16,Male,Lower-Middle,No formal,12676,73.1,49.0,1.39,1,3.98,0,0.033704534,Low risk...
RJ002772,Kota,Rural,6,13,Male,Upper-Middle,Primary,50836,89.4,60.9,1.88,0,7.94,1,0.8894519,High risk...
RJ002773,Sikar,Rural,3,17,Male,Lower-Middle,No formal,10946,78.4,45.8,1.04,0,6.74,0,0.13645947,Low risk...
RJ002774,Bikaner,Urban,2,12,Female,Upper-Middle,No formal,52084,96.0,61.9,1.76,0,10.0,0,0.009954147,Low risk...
RJ002775,Udaipur,Rural,6,18,Female,Upper-Middle,Secondary,36685,91.3,80.8,0.1,0,5.03,0,0.008907358,Low risk...
RJ002776,Bikaner,Rural,4,13,Male,Lower-Middle,No formal,13881,81.2,56.5,0.1,1,7.63,0,0.049513027,Low risk...
RJ002777,Jaipur,Rural,5,18,Male,Low,No formal,4541,72.7,43.1,0.1,1,3.89,1,0.98887676,High risk...
RJ002778,Jodhpur,Urban,5,13,Male,Lower-Middle,Higher Secondary,11762,81.2,65.0,0.66,0,7.15,0,0.021321084,Low risk...
RJ002779,Bikaner,Rural,3,11,Male,Lower-Middle,Primary,13522,78.2,66.6,3.81,1,6.98,0,0.0512634,Low risk...
RJ002780,Jodhpur,Rural,12,15,Female,Low,No formal,7792,70.2,41.0,8.57,1,4.89,1,0.92023677,High risk...
RJ002781,Jaipur,Rural,4,7,Male,Lower-Middle,No formal,15224,78.8,68.4,3.47,0,5.81,0,0.031212382,Low risk...
RJ002782,Barmer,Rural,3,11,Male,High,No formal,85509,99.0,61.4,3.57,0,4.59,0,0.047570847,Low risk...
RJ002783,Bhilwara,Rural,7,6,Female,Low,Primary,7910,77.4,58.9,4.92,1,5.14,0,0.02593228,Low risk...
RJ002784,Sikar,Rural,1,6,Female,Middle,Secondary,26353,91.2,69.5,5.92,0,4.55,0,0.008696261,Low risk...
RJ002785,Barmer,Urban,6,16,Female,Middle,Secondary,26550,81.0,62.1,1.55,1,6.49,0,0.03818358,Low risk...
RJ002786,Jodhpur,Rural,4,8,Male,Lower-Middle,No formal,14453,83.1,62.8,2.86,1,3.26,0,0.09423274,Low risk...
RJ002787,Bhilwara,Rural,1,8,Female,Lower-Middle,Secondary,15773,82.6,73.8,4.91,1,6.8,0,0.03340538,Low risk...
RJ002788,Jodhpur,Rural,1,16,Male,Middle,Primary,28048,91.7,70.3,0.1,1,3.8,0,0.0015956433,Low risk...
RJ002789,Bhilwara,Rural,5,18,Female,Lower-Middle,Primary,16331,81.0,59.4,7.89,1,7.71,0,0.006299954,Low risk...
RJ002790,Bhilwara,Urban,5,10,Male,Low,Higher Secondary,5177,74.0,68.5,0.1,1,7.71,0,0.021161301,Low risk...
RJ002791,Alwar,Rural,10,6,Male,High,Primary,107761,91.2,72.0,0.1,0,4.78,0,0.006134687,Low risk...
RJ002792,Bhilwara,Rural,7,15,Female,Lower-Middle,No formal,10262,73.6,52.3,1.36,1,8.56,0,0.044337578,Low risk...
RJ002793,Udaipur,Urban,12,11,Female,Middle,Higher Secondary,26712,80.2,68.9,0.21,0,5.0,0,0.042634033,Low risk...
RJ002794,Jodhpur,Urban,4,12,Female,Lower-Middle,No formal,15087,81.6,56.4,0.26,1,6.32,1,0.7940703,High risk...
RJ002795,Bikaner,Rural,9,15,Male,Low,Primary,7567,75.4,53.9,8.58,1,7.28,0,0.2894969,Low risk...
RJ002796,Ajmer,Urban,4,17,Male,High,Secondary,71577,91.8,79.5,1.36,1,6.48,0,0.021300692,Low risk...
RJ002797,Jaipur,Urban,7,18,Female,Middle,Secondary,34753,84.9,72.5,0.1,1,5.85,0,0.01770879,Low risk...
RJ002798,Ajmer,Urban,5,16,Female,Low,Higher Secondary,4539,69.2,68.1,0.54,1,4.64,0,0.03690139,Low risk...
RJ002799,Bhilwara,Rural,5,8,Female,High,No formal,57948,97.4,77.0,3.33,0,7.6,0,0.024377704,Low risk...
RJ002800,Jodhpur,Urban,6,9,Female,Middle,Primary,32227,88.8,61.8,1.74,0,6.15,0,0.018067602,Low risk...
RJ002801,Sikar,Rural,8,15,Male,Lower-Middle,No formal,15280,80.5,69.8,4.93,1,6.26,0,0.14802624,Low risk...
RJ002802,Barmer,Rural,5,16,Female,Lower-Middle,Primary,14388,81.2,61.9,4.76,1,4.32,0,0.057541847,Low risk...
RJ002803,Bhilwara,Rural,3,15,Male,Low,Primary,7773,79.7,70.9,9.99,1,7.15,0,0.35466126,Low risk...
RJ002804,Bhilwara,Rural,6,17,Male,Lower-Middle,Secondary,9555,77.1,63.3,4.74,1,4.7,0,0.011257732,Low risk...
RJ002805,Udaipur,Rural,12,15,Male,Low,No formal,4602,67.8,56.7,1.05,1,3.31,1,0.9717298,High risk...
RJ002806,Bhilwara,Rural,2,15,Male,Lower-Middle,No formal,16543,84.7,67.1,1.48,0,7.33,1,0.53381187,Moderate risk..
RJ002807,Alwar,Urban,12,15,Female,Lower-Middle,Primary,13644,79.5,69.8,0.27,1,8.33,1,0.94499636,High risk...
RJ002808,Jodhpur,Rural,12,8,Female,Upper-Middle,Graduate+,60475,82.9,59.2,6.05,1,5.94,0,0.037312195,Low risk...
RJ002809,Udaipur,Rural,8,6,Female,Middle,Higher Secondary,33363,82.9,57.5,0.1,0,3.63,0,0.21050014,Low risk...
RJ002810,Alwar,Urban,8,13,Male,Low,Graduate+,6943,77.6,74.4,1.06,1,7.73,0,0.0054829707,Low risk...
RJ002811,Jodhpur,Rural,3,18,Male,Upper-Middle,Primary,51297,92.2,73.8,4.08,0,3.95,0,0.018694198,Low risk...
RJ002812,Ajmer,Urban,12,15,Male,Lower-Middle,No formal,11424,78.9,54.6,1.03,1,4.88,1,0.74885505,High risk...
RJ002813,Alwar,Rural,8,15,Female,Lower-Middle,Primary,9653,75.0,63.5,1.97,0,5.97,0,0.069983415,Low risk...
RJ002814,Jodhpur,Rural,9,7,Male,Low,Secondary,7084,74.0,51.1,0.1,1,5.93,1,0.90420866,High risk...
RJ002815,Udaipur,Rural,5,6,Female,Upper-Middle,No formal,57263,85.7,91.0,0.62,0,3.6,0,0.008264751,Low risk...
RJ002816,Sikar,Urban,5,13,Male,Upper-Middle,Primary,48656,84.1,76.6,1.21,1,6.01,0,0.08503219,Low risk...
RJ002817,Udaipur,Urban,6,12,Male,Middle,No formal,18390,87.7,71.1,0.19,0,5.54,0,0.0117406715,Low risk...
RJ002818,Jaipur,Rural,7,12,Female,Upper-Middle,Primary,36065,93.3,72.2,7.0,1,3.49,0,0.06456951,Low risk...
RJ002819,Jaipur,Rural,3,9,Female,Low,No formal,4628,74.2,53.1,7.49,1,6.22,1,0.9025966,High risk...
RJ002820,Kota,Rural,5,16,Male,Upper-Middle,No formal,52222,88.4,56.1,2.12,0,8.38,0,0.00962249,Low risk...
RJ002821,Bhilwara,Urban,1,14,Female,Lower-Middle,Primary,13144,87.1,66.9,0.64,1,8.78,0,0.06549256,Low risk...
RJ002822,Jodhpur,Urban,11,11,Other,Low,Primary,6159,70.4,51.0,0.36,1,2.7,0,0.22877714,Low risk...
RJ002823,Ajmer,Rural,10,7,Other,Middle,Primary,27010,83.3,59.2,5.25,1,4.86,0,0.03395675,Low risk...
RJ002824,Jodhpur,Rural,5,6,Female,Middle,Secondary,22329,91.1,61.3,7.27,0,5.95,0,0.03179971,Low risk...
RJ002825,Kota,Urban,4,6,Female,Low,No formal,7580,73.4,59.5,0.62,1,8.95,0,0.031445853,Low risk...
RJ002826,Barmer,Rural,1,14,Male,Low,Secondary,5580,74.0,59.4,6.44,1,5.52,0,0.48898557,Moderate risk..
RJ002827,Alwar,Rural,7,9,Female,Low,No formal,6906,75.4,63.0,6.46,1,5.75,0,0.036330517,Low risk...
RJ002828,Jaipur,Urban,1,10,Male,Lower-Middle,Primary,11683,79.9,67.2,0.84,0,4.63,0,0.10377621,Low risk...
RJ002829,Bikaner,Urban,8,8,Female,Low,Secondary,4503,72.1,63.1,0.21,0,10.0,0,0.02504123,Low risk...
RJ002830,Jaipur,Rural,10,9,Male,Low,Graduate+,5279,67.5,84.3,7.57,1,3.8,0,0.022956371,Low risk...
RJ002831,Udaipur,Rural,12,17,Male,Lower-Middle,Secondary,16507,77.1,70.8,5.73,1,3.27,0,0.050022546,Low risk...
RJ002832,Alwar,Rural,2,13,Female,High,No formal,66670,94.7,60.2,5.84,0,5.38,0,0.005908108,Low risk...
RJ002833,Jaipur,Rural,10,18,Male,Middle,Primary,19336,86.4,71.1,3.36,1,5.04,0,0.0047281156,Low risk...
RJ002834,Kota,Urban,12,9,Male,Low,Primary,5423,73.1,59.0,1.66,1,7.39,0,0.09977794,Low risk...
RJ002835,Bikaner,Rural,5,14,Female,High,Primary,105164,94.7,61.7,5.03,0,7.54,0,0.12083486,Low risk...
RJ002836,Barmer,Rural,6,14,Female,Lower-Middle,No formal,10971,80.7,50.5,5.05,1,4.77,0,0.068651065,Low risk...
RJ002837,Bhilwara,Rural,9,11,Female,Lower-Middle,Primary,11906,77.8,65.9,2.27,1,5.61,0,0.15216409,Low risk...
RJ002838,Jaipur,Urban,7,7,Male,Lower-Middle,No formal,11005,80.8,67.6,1.73,0,5.88,0,0.06083572,Low risk...
RJ002839,Sikar,Rural,6,17,Female,Lower-Middle,Secondary,16707,76.2,55.3,1.35,1,5.67,0,0.008445974,Low risk...
RJ002840,Kota,Rural,5,15,Male,Low,Secondary,8399,67.0,66.0,1.38,1,8.25,1,0.9012512,High risk...
RJ002841,Bikaner,Rural,6,16,Male,Lower-Middle,No formal,12455,83.0,65.6,2.56,0,8.4,0,0.013212995,Low risk...
RJ002842,Alwar,Rural,11,12,Female,Lower-Middle,Higher Secondary,14993,79.0,77.4,0.1,1,5.3,1,0.049748197,Low risk...
RJ002843,Barmer,Rural,4,14,Female,Lower-Middle,Secondary,10249,80.1,74.8,2.25,0,4.14,1,0.79856735,High risk...
RJ002844,Bhilwara,Urban,1,11,Male,Middle,Primary,24050,91.2,69.1,0.55,0,7.23,0,0.030560639,Low risk...
RJ002845,Ajmer,Rural,12,8,Female,Lower-Middle,No formal,14106,74.3,71.2,8.37,0,4.36,1,0.8485018,High risk...
RJ002846,Kota,Rural,9,12,Male,Middle,Secondary,22511,81.9,58.1,10.23,1,7.38,1,0.820001,High risk...
RJ002847,Sikar,Rural,11,10,Male,Lower-Middle,Primary,10287,74.5,79.4,2.8,0,4.45,1,0.9194391,High risk...
RJ002848,Jodhpur,Rural,5,6,Male,High,Higher Secondary,107645,94.7,70.2,7.6,1,4.68,0,0.006686872,Low risk...
RJ002849,Udaipur,Urban,8,8,Female,Lower-Middle,No formal,10452,73.8,57.4,0.1,1,4.57,0,0.03351745,Low risk...
RJ002850,Kota,Rural,7,10,Female,Upper-Middle,No formal,33367,86.7,61.0,3.29,1,5.61,1,0.8904743,High risk...
RJ002851,Ajmer,Urban,8,12,Female,Middle,Graduate+,30644,85.4,70.7,1.41,1,5.92,0,0.009074368,Low risk...
RJ002852,Jodhpur,Rural,1,8,Female,Lower-Middle,Graduate+,10443,78.4,92.9,7.31,0,4.28,1,0.9277532,High risk...
RJ002853,Jodhpur,Rural,9,11,Female,Middle,No formal,25378,82.0,59.0,2.51,0,2.83,0,0.01515873,Low risk...
RJ002854,Barmer,Urban,1,10,Male,Low,Secondary,4669,69.4,66.4,0.8,1,5.31,0,0.017942492,Low risk...
RJ002855,Jaipur,Urban,3,18,Male,High,No formal,59837,95.8,69.1,1.92,0,4.48,0,0.00378742,Low risk...
RJ002856,Udaipur,Urban,8,6,Male,Low,Secondary,6134,70.4,67.7,0.35,1,4.98,0,0.069930054,Low risk...
RJ002857,Jodhpur,Rural,12,15,Female,Lower-Middle,Higher Secondary,11232,73.2,60.0,7.6,1,4.39,0,0.14837787,Low risk...
RJ002858,Jaipur,Rural,11,11,Female,Low,No formal,6325,67.1,55.8,1.71,1,4.25,0,0.018152155,Low risk...
RJ002859,Jaipur,Urban,1,13,Male,Lower-Middle,No formal,16513,80.7,66.9,1.04,1,4.64,1,0.867248,High risk...
RJ002860,Jodhpur,Urban,1,18,Male,Lower-Middle,No formal,11822,77.3,54.1,1.66,0,4.56,0,0.009662137,Low risk...
RJ002861,Barmer,Rural,6,18,Male,Upper-Middle,No formal,50484,95.3,92.7,4.69,0,4.83,0,0.00025657992,Low risk...
RJ002862,Kota,Rural,5,6,Female,Lower-Middle,No formal,9220,72.8,62.6,2.77,1,7.89,0,0.03617774,Low risk...
RJ002863,Bhilwara,Urban,11,7,Male,High,Higher Secondary,105611,88.6,71.8,1.09,0,10.0,0,0.00086928415,Low risk...
RJ002864,Ajmer,Rural,6,9,Male,Lower-Middle,Primary,15169,79.8,57.9,2.11,1,6.15,0,0.05677136,Low risk...
RJ002865,Bikaner,Rural,3,17,Female,Low,Primary,6394,72.7,60.0,3.49,1,6.01,0,0.059417214,Low risk...
RJ002866,Ajmer,Rural,10,7,Female,Low,Secondary,4970,72.1,51.5,0.1,1,4.86,1,0.94473904,High risk...
RJ002867,Udaipur,Rural,12,16,Male,Middle,Primary,24954,80.1,77.9,3.09,0,4.43,0,0.063065976,Low risk...
RJ002868,Alwar,Rural,10,14,Male,Low,Primary,5449,76.1,64.7,0.1,1,4.51,0,0.07064143,Low risk...
RJ002869,Kota,Urban,6,15,Female,Lower-Middle,No formal,16754,76.1,58.5,1.76,1,8.52,1,0.89935,High risk...
RJ002870,Kota,Urban,2,13,Male,Low,Secondary,6262,68.4,67.4,0.1,1,9.55,1,0.89216965,High risk...
RJ002871,Barmer,Rural,8,13,Female,Lower-Middle,No formal,11947,74.6,52.5,1.32,0,4.95,0,0.023679487,Low risk...
RJ002872,Bhilwara,Rural,12,9,Female,Middle,Secondary,20459,83.7,59.0,3.77,1,7.15,0,0.04412341,Low risk...
RJ002873,Barmer,Rural,6,10,Male,Lower-Middle,Primary,10409,79.1,62.0,3.27,1,4.04,0,0.038039166,Low risk...
RJ002874,Bikaner,Rural,4,9,Male,Low,Secondary,7189,76.8,65.1,2.76,0,5.82,0,0.06476982,Low risk...
RJ002875,Sikar,Urban,4,18,Male,Low,Secondary,6447,76.0,67.8,1.57,1,6.6,0,0.23879759,Low risk...
RJ002876,Udaipur,Rural,11,14,Male,Lower-Middle,Secondary,11407,75.1,51.2,2.49,0,3.89,0,0.4616658,Moderate risk..
RJ002877,Udaipur,Rural,7,18,Female,Low,Primary,5447,71.5,54.8,3.9,1,2.51,1,0.9505282,High risk...
RJ002878,Jodhpur,Rural,3,7,Female,Lower-Middle,Primary,10086,79.8,38.8,3.67,1,4.14,1,0.9496001,High risk...
RJ002879,Ajmer,Rural,11,18,Male,Lower-Middle,Higher Secondary,8685,82.7,60.6,4.82,1,5.39,1,0.79342216,High risk...
RJ002880,Jodhpur,Rural,3,16,Male,Low,No formal,8304,77.1,65.5,3.4,1,3.4,0,0.69227624,Moderate risk..
RJ002881,Kota,Rural,6,13,Male,Lower-Middle,No formal,14726,85.2,72.3,2.7,0,7.78,0,0.024943814,Low risk...
RJ002882,Barmer,Rural,9,7,Male,Lower-Middle,Secondary,16194,80.5,57.2,6.33,1,4.97,0,0.14436246,Low risk...
RJ002883,Jodhpur,Rural,1,6,Female,Low,Higher Secondary,5933,75.8,63.3,5.81,1,3.79,0,0.026540367,Low risk...
RJ002884,Jaipur,Urban,5,15,Male,Lower-Middle,Primary,15703,76.9,61.9,0.1,0,4.7,0,0.028209442,Low risk...
RJ002885,Jaipur,Rural,1,8,Female,Low,Secondary,5276,76.6,72.6,7.59,0,3.28,0,0.059293244,Low risk...
RJ002886,Bhilwara,Rural,1,14,Male,Lower-Middle,Secondary,12683,81.8,79.3,4.25,0,6.3,0,0.21027948,Low risk...
RJ002887,Udaipur,Rural,3,17,Female,Middle,No formal,21043,86.7,66.7,3.52,0,4.32,0,0.026040625,Low risk...
RJ002888,Bikaner,Rural,3,8,Female,Low,Secondary,7435,74.4,60.6,3.79,1,6.42,1,0.2114532,Low risk...
RJ002889,Sikar,Rural,4,14,Male,Lower-Middle,Higher Secondary,12580,74.3,53.4,4.5,1,4.63,0,0.22418068,Low risk...
RJ002890,Sikar,Rural,3,12,Male,Lower-Middle,Graduate+,12905,84.8,74.2,1.25,1,5.91,0,0.03177929,Low risk...
RJ002891,Kota,Rural,6,18,Male,Low,No formal,7810,73.3,74.1,0.1,1,7.13,1,0.91461736,High risk...
RJ002892,Alwar,Urban,12,15,Male,Middle,Secondary,30436,78.3,75.3,0.88,0,6.92,0,0.09263139,Low risk...
RJ002893,Sikar,Rural,4,6,Female,Lower-Middle,Primary,16517,81.9,66.1,6.5,0,3.7,0,0.06448753,Low risk...
RJ002894,Ajmer,Rural,8,15,Female,Lower-Middle,No formal,11805,75.9,61.5,1.0,1,4.48,0,0.05417897,Low risk...
RJ002895,Jodhpur,Urban,1,10,Female,Middle,Secondary,25575,89.7,66.3,0.14,0,7.27,0,0.05222216,Low risk...
RJ002896,Barmer,Rural,8,14,Female,Middle,No formal,28268,87.1,62.9,0.1,1,2.91,1,0.8857087,High risk...
RJ002897,Udaipur,Rural,11,17,Male,High,Primary,81385,93.1,72.6,2.32,0,5.73,0,0.002037853,Low risk...
RJ002898,Kota,Rural,1,8,Female,Lower-Middle,Primary,11925,81.5,65.7,9.12,1,7.63,0,0.018635971,Low risk...
RJ002899,Bikaner,Rural,11,14,Female,Upper-Middle,Primary,42228,85.8,75.2,5.07,0,6.73,0,0.056957174,Low risk...
RJ002900,Jaipur,Urban,1,10,Male,Low,Primary,7694,74.1,67.8,1.09,1,4.91,0,0.016528038,Low risk...
RJ002901,Jaipur,Rural,7,14,Male,Lower-Middle,Primary,12881,76.8,65.8,4.76,1,4.84,0,0.4084191,Moderate risk..
RJ002902,Sikar,Rural,1,15,Female,Low,Secondary,6751,75.9,55.5,7.59,1,3.13,0,0.02010955,Low risk...
RJ002903,Jaipur,Urban,9,11,Male,Low,No formal,5057,71.4,48.6,1.9,1,6.53,0,0.064243376,Low risk...
RJ002904,Bikaner,Urban,8,14,Male,Lower-Middle,Secondary,10515,76.0,56.5,2.25,1,9.03,1,0.8508568,High risk...
RJ002905,Udaipur,Rural,1,12,Female,Middle,Higher Secondary,23446,84.6,73.0,2.53,0,4.99,0,0.041458633,Low risk...
RJ002906,Jaipur,Rural,2,12,Female,Lower-Middle,No formal,12309,81.2,46.0,6.13,1,1.86,1,0.031979464,Low risk...
RJ002907,Bhilwara,Rural,2,13,Male,Middle,Primary,18269,86.2,67.3,2.16,0,6.92,0,0.010550803,Low risk...
RJ002908,Jodhpur,Rural,2,12,Male,Lower-Middle,Secondary,15862,78.1,76.1,9.05,1,1.77,0,0.024163159,Low risk...
RJ002909,Kota,Urban,6,17,Female,Lower-Middle,Secondary,15991,82.0,72.5,1.78,1,10.0,1,0.042927027,Low risk...
RJ002910,Kota,Urban,4,14,Female,Low,Primary,6979,79.8,60.7,0.49,1,7.89,1,0.7141439,High risk...
RJ002911,Jodhpur,Rural,8,16,Male,Lower-Middle,Secondary,11055,81.4,61.3,5.41,1,3.1,0,0.008909152,Low risk...
RJ002912,Jaipur,Rural,1,14,Female,Low,No formal,5818,73.8,64.2,7.9,1,1.68,0,0.092339896,Low risk...
RJ002913,Alwar,Urban,10,11,Female,Lower-Middle,Primary,14566,77.3,64.4,0.83,1,7.3,0,0.05511416,Low risk...
RJ002914,Bhilwara,Rural,4,12,Female,Low,Primary,5402,79.1,61.1,4.28,1,7.22,0,0.053393282,Low risk...
RJ002915,Jodhpur,Rural,10,7,Male,Low,No formal,6757,68.0,49.6,6.44,1,3.35,0,0.04536814,Low risk...
RJ002916,Alwar,Rural,11,14,Male,Middle,Primary,33360,85.3,67.4,2.74,1,5.62,0,0.025803573,Low risk...
RJ002917,Alwar,Rural,5,17,Female,Lower-Middle,Secondary,11848,75.7,61.0,5.77,1,4.58,0,0.0045534438,Low risk...
RJ002918,Barmer,Rural,9,18,Male,Lower-Middle,Secondary,13331,83.1,74.1,5.09,0,2.94,0,0.024726247,Low risk...
RJ002919,Bikaner,Rural,5,6,Female,Low,No formal,8100,72.7,67.0,0.1,1,6.9,0,0.055052105,Low risk...
RJ002920,Kota,Urban,11,6,Male,Lower-Middle,Graduate+,11261,83.7,61.8,1.79,1,10.0,0,0.01042912,Low risk...
RJ002921,Kota,Urban,3,8,Male,Middle,Secondary,30794,92.2,63.5,1.99,1,9.84,0,0.006220281,Low risk...
RJ002922,Alwar,Rural,11,17,Male,Upper-Middle,Primary,55286,86.7,78.4,4.49,0,5.82,0,0.030518519,Low risk...
RJ002923,Sikar,Urban,4,11,Male,Middle,No formal,33749,84.3,65.4,0.83,0,7.16,0,0.046165638,Low risk...
RJ002924,Jodhpur,Rural,10,10,Female,Low,Secondary,7806,72.1,52.2,4.27,1,3.73,0,0.11608075,Low risk...
RJ002925,Kota,Urban,7,7,Male,Middle,Higher Secondary,30604,84.5,79.0,1.29,1,9.61,0,0.010203486,Low risk...
RJ002926,Barmer,Urban,1,14,Female,Low,Primary,6873,74.8,63.2,0.32,1,6.76,1,0.66855514,Moderate risk..
RJ002927,Sikar,Urban,11,18,Female,Low,Secondary,5213,66.0,75.2,0.68,1,6.83,0,0.008761193,Low risk...
RJ002928,Bhilwara,Rural,6,15,Male,Low,Primary,7017,72.0,56.9,9.84,1,7.35,0,0.07380472,Low risk...
RJ002929,Alwar,Rural,8,9,Female,Middle,Primary,22338,81.2,73.2,0.1,0,3.75,0,0.030000448,Low risk...
RJ002930,Bikaner,Rural,1,9,Male,Lower-Middle,Primary,12096,83.7,54.2,6.87,1,6.78,1,0.9727045,High risk...
RJ002931,Ajmer,Rural,8,10,Female,Lower-Middle,Secondary,14361,81.5,78.1,0.1,1,3.81,0,0.029185716,Low risk...
RJ002932,Alwar,Rural,7,13,Female,Middle,Primary,29311,87.2,75.5,8.27,1,4.15,1,0.8928523,High risk...
RJ002933,Jaipur,Rural,1,15,Male,Low,No formal,5885,77.0,72.5,3.17,1,4.08,0,0.033042666,Low risk...
RJ002934,Udaipur,Rural,9,9,Male,Lower-Middle,Primary,9934,75.4,69.7,5.15,0,2.71,0,0.07091543,Low risk...
RJ002935,Alwar,Rural,11,10,Female,Lower-Middle,Higher Secondary,12467,77.6,66.2,0.1,1,6.13,0,0.05860527,Low risk...
RJ002936,Jodhpur,Rural,3,17,Female,Lower-Middle,Secondary,10668,83.4,58.7,6.19,1,5.13,1,0.86040175,High risk...
RJ002937,Sikar,Rural,2,9,Male,Middle,Primary,21970,85.7,62.2,5.25,0,5.35,0,0.023525072,Low risk...
RJ002938,Ajmer,Rural,7,11,Female,Low,Higher Secondary,5573,73.4,50.4,5.85,1,4.39,0,0.09704747,Low risk...
RJ002939,Bhilwara,Rural,11,17,Male,Middle,No formal,29859,82.6,55.7,6.85,0,8.18,0,0.024430526,Low risk...
RJ002940,Jaipur,Rural,3,8,Female,Lower-Middle,No formal,12577,86.0,68.5,4.54,1,4.16,1,0.8462737,High risk...
RJ002941,Jodhpur,Urban,1,13,Male,Middle,No formal,24030,90.6,67.5,0.78,0,6.79,1,0.027462004,Low risk...
RJ002942,Ajmer,Rural,10,11,Female,Lower-Middle,No formal,15965,79.3,59.3,1.57,1,3.92,0,0.17317876,Low risk...
RJ002943,Kota,Urban,3,15,Male,Upper-Middle,No formal,53764,85.8,58.6,2.01,0,8.61,0,0.012186628,Low risk...
RJ002944,Alwar,Rural,6,10,Female,Low,Secondary,6278,74.0,48.2,7.62,1,5.14,0,0.015949503,Low risk...
RJ002945,Alwar,Rural,3,18,Female,Middle,Secondary,24873,86.5,71.4,1.49,1,5.57,1,0.8497622,High risk...
RJ002946,Jaipur,Rural,5,7,Female,Lower-Middle,Secondary,15279,79.5,68.7,0.1,1,4.24,0,0.022964854,Low risk...
RJ002947,Udaipur,Urban,9,15,Female,Low,Secondary,4926,67.3,50.4,0.53,1,5.62,1,0.9494344,High risk...
RJ002948,Udaipur,Urban,7,15,Female,Low,Secondary,6989,69.7,55.6,1.26,1,6.81,0,0.08409361,Low risk...
RJ002949,Kota,Urban,2,12,Female,Middle,No formal,17868,87.3,78.2,1.15,0,8.5,0,0.0036890428,Low risk...
RJ002950,Bhilwara,Rural,1,7,Female,Low,Secondary,4229,79.3,74.9,5.81,1,6.1,1,0.0031983077,Low risk...
RJ002951,Sikar,Rural,7,6,Female,Low,Secondary,8113,71.2,48.8,0.1,1,4.75,1,0.93025947,High risk...
RJ002952,Alwar,Rural,4,12,Female,High,Graduate+,84783,92.3,77.2,0.1,0,4.57,0,0.0011763962,Low risk...
RJ002953,Alwar,Rural,11,10,Male,Middle,No formal,23015,88.3,78.1,4.79,1,4.9,0,0.048925586,Low risk...
RJ002954,Bikaner,Rural,7,6,Male,Low,No formal,7538,72.1,55.0,7.01,1,7.0,1,0.8472786,High risk...
RJ002955,Bhilwara,Urban,6,9,Female,Lower-Middle,Secondary,16673,79.1,63.3,0.1,1,8.43,0,0.05016782,Low risk...
RJ002956,Alwar,Urban,7,17,Male,Lower-Middle,Secondary,8689,78.7,74.0,1.02,0,7.09,0,0.034507554,Low risk...
RJ002957,Alwar,Urban,4,18,Female,Middle,Primary,18164,82.5,73.0,1.09,1,6.4,0,0.0029509512,Low risk...
RJ002958,Barmer,Rural,3,9,Female,Middle,Secondary,32459,88.7,78.7,3.99,0,5.74,0,0.015150259,Low risk...
RJ002959,Kota,Rural,12,15,Other,Middle,No formal,27243,80.5,59.7,6.7,1,5.43,0,0.01645191,Low risk...
RJ002960,Sikar,Rural,5,12,Male,Low,Graduate+,7908,73.9,72.1,4.57,1,3.19,1,0.76399946,High risk...
RJ002961,Jodhpur,Urban,3,14,Male,Lower-Middle,No formal,14235,82.3,74.8,0.1,1,6.6,0,0.028844835,Low risk...
RJ002962,Kota,Rural,3,7,Female,Low,No formal,6176,80.8,61.6,6.46,1,8.29,1,0.18678688,Low risk...
RJ002963,Kota,Rural,4,17,Male,Low,No formal,4878,70.5,52.6,9.74,1,8.61,0,0.012745818,Low risk...
RJ002964,Bhilwara,Urban,8,6,Male,Middle,Primary,24323,87.1,77.7,1.72,1,9.29,0,0.010143833,Low risk...
RJ002965,Barmer,Rural,2,7,Female,Low,No formal,7506,78.1,76.7,3.74,0,4.7,1,0.8218384,High risk...
RJ002966,Alwar,Urban,4,12,Female,Lower-Middle,Secondary,10365,78.6,82.1,1.0,1,6.6,0,0.19971558,Low risk...
RJ002967,Alwar,Urban,11,18,Male,Middle,Higher Secondary,29966,84.8,68.3,3.09,0,5.26,0,0.22276883,Low risk...
RJ002968,Udaipur,Rural,3,15,Female,Lower-Middle,Primary,10478,85.9,64.9,3.53,1,4.12,0,0.027134947,Low risk...
RJ002969,Bhilwara,Urban,7,11,Male,Low,Secondary,6147,70.7,52.2,2.19,1,7.22,0,0.08741997,Low risk...
RJ002970,Udaipur,Rural,2,9,Female,Middle,No formal,18995,88.2,67.4,8.26,1,6.44,0,0.032040965,Low risk...
RJ002971,Bikaner,Rural,1,6,Male,Upper-Middle,Primary,45832,93.2,62.9,6.36,0,6.23,0,0.022833757,Low risk...
RJ002972,Jodhpur,Rural,10,18,Female,Middle,Primary,28222,85.1,62.4,7.14,1,4.02,0,0.07905413,Low risk...
RJ002973,Sikar,Rural,1,6,Male,Lower-Middle,No formal,13132,84.3,69.7,1.89,0,6.92,0,0.10259348,Low risk...
RJ002974,Alwar,Rural,6,10,Female,Low,Secondary,5907,74.0,65.5,1.14,0,4.99,0,0.013617095,Low risk...
RJ002975,Bikaner,Urban,3,6,Male,Low,No formal,5753,76.5,44.9,1.02,1,8.41,0,0.00924192,Low risk...
RJ002976,Jaipur,Rural,7,17,Female,Middle,Higher Secondary,22319,82.3,82.3,4.06,1,1.03,0,0.020330576,Low risk...
RJ002977,Sikar,Rural,8,12,Male,Low,Secondary,7422,73.0,53.1,10.0,1,4.1,0,0.065272324,Low risk...
RJ002978,Jaipur,Urban,5,18,Male,Upper-Middle,Secondary,56153,88.6,63.5,1.42,0,5.67,0,0.004038645,Low risk...
RJ002979,Alwar,Rural,5,16,Female,Lower-Middle,Graduate+,12457,76.3,58.4,5.86,1,7.03,0,0.09909488,Low risk...
RJ002980,Bhilwara,Rural,12,6,Male,Lower-Middle,Graduate+,11614,75.0,62.2,5.81,0,6.26,0,0.08964559,Low risk...
RJ002981,Bikaner,Rural,2,6,Male,Middle,Secondary,28655,88.3,63.8,1.71,0,7.46,0,0.006172527,Low risk...
RJ002982,Jodhpur,Rural,8,7,Male,Middle,Primary,27260,85.8,60.1,1.1,0,6.8,0,0.002790388,Low risk...
RJ002983,Alwar,Rural,10,18,Male,Lower-Middle,Primary,14005,73.7,40.1,2.98,1,5.93,1,0.94961107,High risk...
RJ002984,Sikar,Rural,1,16,Male,Upper-Middle,Secondary,41139,89.2,72.6,0.1,0,6.39,0,0.010612854,Low risk...
RJ002985,Udaipur,Rural,10,17,Male,High,Primary,100148,92.7,73.1,8.37,0,3.21,0,0.015823217,Low risk...
RJ002986,Bhilwara,Rural,9,15,Male,Upper-Middle,Graduate+,41477,89.5,94.2,12.1,0,8.7,0,3.2376014e-05,Low risk...
RJ002987,Jaipur,Rural,1,8,Female,Middle,No formal,24828,90.7,71.8,2.98,0,2.92,0,0.0009819776,Low risk...
RJ002988,Udaipur,Rural,1,18,Female,Middle,Primary,19817,92.1,66.9,2.08,0,3.11,0,0.0005826556,Low risk...
RJ002989,Alwar,Urban,1,16,Male,Middle,Primary,32469,89.6,59.8,0.28,0,8.34,1,0.89297336,High risk...
RJ002990,Barmer,Rural,7,6,Female,Low,Higher Secondary,6906,71.8,62.7,0.71,1,4.06,0,0.01660163,Low risk...
RJ002991,Jodhpur,Rural,4,14,Female,Low,No formal,5188,74.8,62.0,2.23,1,4.09,1,0.86525637,High risk...
RJ002992,Sikar,Rural,12,15,Male,Low,Primary,7777,75.5,56.9,7.63,1,7.04,0,0.12093981,Low risk...
RJ002993,Udaipur,Rural,7,13,Male,Low,Primary,7160,81.3,64.9,13.58,1,3.06,0,0.018447932,Low risk...
RJ002994,Bikaner,Rural,5,10,Female,Lower-Middle,No formal,12114,81.4,77.5,1.83,1,7.03,0,0.056813784,Low risk...
RJ002995,Jaipur,Rural,12,18,Male,Low,Primary,8357,72.1,55.8,1.29,1,3.0,1,0.9125512,High risk...
RJ002996,Barmer,Rural,7,16,Male,Upper-Middle,Primary,42122,91.2,55.2,0.5,0,4.37,0,0.038546562,Low risk...
RJ002997,Jodhpur,Rural,10,7,Male,Middle,No formal,19242,83.6,70.6,5.35,0,4.13,0,0.033216525,Low risk...
RJ002998,Kota,Rural,7,10,Female,Low,Primary,7281,76.5,64.0,5.03,1,8.71,0,0.1667235,Low risk...
RJ002999,Kota,Rural,4,11,Male,Low,Graduate+,7380,77.5,55.3,4.3,1,9.01,0,0.018554356,Low risk...
RJ003000,Barmer,Rural,2,6,Female,Middle,Graduate+,18532,88.6,79.1,2.67,0,4.85,0,0.44528282,Moderate risk..
RJ003001,Alwar,Rural,8,16,Female,Middle,Primary,31840,83.5,57.7,8.08,0,4.63,0,0.01059158,Low risk...
RJ003002,Sikar,Urban,2,9,Female,Upper-Middle,Primary,55942,86.9,71.3,1.3,0,7.59,0,0.0031267013,Low risk...
RJ003003,Jodhpur,Urban,9,14,Female,High,Primary,108057,93.2,86.8,1.01,0,5.6,0,0.012696608,Low risk...
RJ003004,Ajmer,Urban,5,7,Male,High,Graduate+,62639,93.6,77.2,0.75,0,6.54,0,0.004301877,Low risk...
RJ003005,Ajmer,Rural,9,10,Female,Lower-Middle,Primary,13447,75.8,69.7,3.43,1,3.97,1,0.87563354,High risk...
RJ003006,Sikar,Urban,9,6,Male,Low,Primary,5122,68.6,46.9,0.1,1,5.3,0,0.041992698,Low risk...
RJ003007,Barmer,Rural,8,9,Male,Middle,No formal,24490,86.5,53.2,5.56,1,4.68,0,0.024085555,Low risk...
RJ003008,Jaipur,Urban,8,9,Male,Low,Primary,5313,67.7,72.4,1.02,1,4.04,0,0.37012795,Low risk...
RJ003009,Alwar,Rural,4,11,Male,Middle,No formal,25363,87.4,68.4,5.7,1,4.83,0,0.037225414,Low risk...
RJ003010,Jaipur,Rural,4,15,Male,Lower-Middle,Secondary,9348,83.0,72.9,0.1,1,5.09,0,0.012834692,Low risk...
RJ003011,Udaipur,Rural,2,14,Male,Middle,Secondary,22812,89.1,80.7,5.02,0,3.91,0,0.039011978,Low risk...
RJ003012,Kota,Rural,4,8,Male,Low,Secondary,4498,73.3,57.8,3.07,0,8.48,1,0.12806556,Low risk...
RJ003013,Kota,Urban,4,14,Female,Lower-Middle,Primary,12531,76.8,68.3,1.43,0,9.17,0,0.7981545,High risk...
RJ003014,Kota,Rural,6,11,Male,Lower-Middle,Higher Secondary,10892,81.3,74.6,6.19,1,7.96,1,0.8795356,High risk...
RJ003015,Ajmer,Urban,3,12,Female,Upper-Middle,No formal,50095,94.6,59.9,2.3,0,5.95,0,0.008000743,Low risk...
RJ003016,Kota,Rural,2,17,Male,Low,Primary,6117,73.8,72.0,11.06,1,8.52,0,0.0172651,Low risk...
RJ003017,Alwar,Rural,8,15,Male,Upper-Middle,Secondary,39181,90.0,82.5,5.45,1,5.67,0,0.044502225,Low risk...
RJ003018,Bikaner,Rural,2,7,Male,Middle,Higher Secondary,19301,92.2,65.5,3.11,1,7.0,1,0.043583244,Low risk...
RJ003019,Jaipur,Rural,8,16,Male,Middle,No formal,30683,85.5,66.4,3.68,1,3.92,1,0.76946574,High risk...
RJ003020,Sikar,Urban,7,15,Female,Middle,Primary,28580,83.8,64.0,1.95,0,6.2,0,0.07703604,Low risk...
RJ003021,Kota,Rural,3,11,Male,Lower-Middle,Primary,8677,84.1,77.4,7.69,1,7.08,0,0.023847712,Low risk...
RJ003022,Bikaner,Rural,6,11,Female,Low,Higher Secondary,8355,71.3,51.9,4.94,1,7.21,1,0.9220562,High risk...
RJ003023,Alwar,Urban,6,7,Female,Low,No formal,6898,69.6,84.1,0.22,0,6.33,1,0.8917636,High risk...
RJ003024,Kota,Rural,10,7,Male,Upper-Middle,Primary,38026,89.9,68.1,0.81,1,8.93,0,0.007917959,Low risk...
RJ003025,Jaipur,Rural,5,7,Female,Middle,No formal,32209,84.8,70.3,6.34,0,3.2,0,0.040523473,Low risk...
RJ003026,Kota,Rural,8,15,Male,Low,No formal,7905,71.6,67.6,1.19,1,9.45,1,0.87889904,High risk...
RJ003027,Bhilwara,Rural,11,17,Female,Lower-Middle,No formal,13219,75.1,57.0,2.34,1,7.22,1,0.13378642,Low risk...
RJ003028,Ajmer,Urban,12,6,Female,Lower-Middle,Graduate+,15839,75.1,66.6,2.08,0,6.27,0,0.015663296,Low risk...
RJ003029,Alwar,Urban,5,10,Male,Low,No formal,4323,78.2,56.4,0.6,1,6.36,0,0.032525185,Low risk...
RJ003030,Ajmer,Rural,7,13,Male,Lower-Middle,Graduate+,16339,84.0,65.8,1.62,1,5.42,0,0.08510541,Low risk...
RJ003031,Jodhpur,Rural,6,7,Male,Low,No formal,4440,78.9,63.0,3.85,1,4.99,0,0.09918502,Low risk...
RJ003032,Bikaner,Rural,11,18,Male,Low,Graduate+,6898,74.3,66.0,7.03,1,4.73,1,0.88288087,High risk...
RJ003033,Alwar,Rural,7,10,Male,Lower-Middle,Secondary,11306,80.4,62.2,6.69,0,5.37,0,0.12207997,Low risk...
RJ003034,Jaipur,Urban,9,17,Male,Lower-Middle,No formal,8730,73.7,54.1,3.06,1,3.12,1,0.7484631,High risk...
RJ003035,Kota,Rural,3,13,Male,Low,Secondary,8103,74.4,67.2,5.46,0,8.35,1,0.8643921,High risk...
RJ003036,Kota,Rural,10,15,Male,Lower-Middle,Primary,9537,84.0,59.6,2.57,1,8.37,0,0.031633202,Low risk...
RJ003037,Bikaner,Rural,7,10,Female,Low,Primary,7786,71.7,56.6,7.36,1,7.31,1,0.26657444,Low risk...
RJ003038,Bhilwara,Rural,10,7,Male,Low,Primary,5587,76.0,68.4,0.1,1,7.36,0,0.05626943,Low risk...
RJ003039,Jaipur,Urban,3,8,Female,Low,Primary,7313,75.2,62.7,1.12,1,3.68,0,0.021056706,Low risk...
RJ003040,Udaipur,Urban,2,11,Female,Low,Secondary,5268,67.5,50.1,2.33,1,4.93,0,0.0461827,Low risk...
RJ003041,Jodhpur,Urban,12,16,Female,Low,Secondary,6650,72.4,61.2,1.08,1,4.98,1,0.87126917,High risk...
RJ003042,Bhilwara,Rural,7,16,Female,Middle,Primary,31492,88.8,72.4,1.83,1,6.7,1,0.40220013,Moderate risk..
RJ003043,Jaipur,Rural,4,10,Male,Lower-Middle,Graduate+,13156,80.4,78.7,3.89,0,4.48,1,0.9648901,High risk...
RJ003044,Bikaner,Rural,1,16,Male,Low,Graduate+,5488,79.7,64.3,1.73,1,8.55,0,0.030643702,Low risk...
RJ003045,Alwar,Urban,6,9,Female,Low,No formal,5180,68.5,50.1,0.51,1,7.47,1,0.9060186,High risk...
RJ003046,Alwar,Urban,11,9,Female,Low,No formal,4934,66.8,48.0,1.88,1,6.54,0,0.04306996,Low risk...
RJ003047,Bikaner,Rural,6,10,Female,Middle,Primary,32179,86.1,62.1,5.34,0,6.52,0,0.033533115,Low risk...
RJ003048,Kota,Rural,6,7,Male,Lower-Middle,Secondary,13532,80.9,69.8,5.16,1,7.46,0,0.053938728,Low risk...
RJ003049,Bikaner,Rural,2,14,Male,Low,Primary,6336,79.6,68.1,6.28,1,7.56,0,0.06619254,Low risk...
RJ003050,Jodhpur,Rural,1,7,Other,Lower-Middle,Primary,10496,83.9,74.3,6.63,1,3.87,0,0.11625078,Low risk...
RJ003051,Jodhpur,Rural,3,15,Male,Lower-Middle,Secondary,12044,77.4,63.7,1.67,0,3.44,1,0.811972,High risk...
RJ003052,Udaipur,Urban,12,7,Male,Low,Secondary,6804,71.1,49.4,0.72,1,6.09,0,0.010273493,Low risk...
RJ003053,Jodhpur,Urban,2,15,Male,Lower-Middle,No formal,9004,83.3,68.8,1.66,1,6.31,1,0.8734277,High risk...
RJ003054,Kota,Urban,6,14,Female,Lower-Middle,Higher Secondary,11430,73.9,66.0,1.96,1,7.56,0,0.055461496,Low risk...
RJ003055,Ajmer,Urban,12,8,Male,Low,Secondary,5206,70.4,60.7,0.46,1,6.12,0,0.025032718,Low risk...
RJ003056,Bhilwara,Urban,6,15,Male,Middle,Primary,28814,84.5,56.0,0.37,1,9.43,0,0.041403186,Low risk...
RJ003057,Ajmer,Urban,5,12,Female,Middle,Secondary,28110,84.0,66.8,0.34,1,7.49,0,0.12967439,Low risk...
RJ003058,Jaipur,Rural,10,9,Male,Lower-Middle,No formal,10915,79.0,51.4,3.65,1,3.68,0,0.085622236,Low risk...
RJ003059,Jaipur,Rural,10,18,Female,Low,Primary,4375,68.1,60.3,8.56,1,3.98,0,0.030697497,Low risk...
RJ003060,Bhilwara,Rural,5,18,Female,Lower-Middle,No formal,9936,81.3,58.8,8.0,1,7.4,0,0.009745249,Low risk...
RJ003061,Kota,Rural,9,11,Male,Lower-Middle,No formal,9745,79.7,57.2,3.45,1,8.33,1,0.73586255,High risk...
RJ003062,Jaipur,Urban,5,9,Female,Middle,Primary,27447,89.3,56.9,0.1,0,4.0,0,0.12166668,Low risk...
RJ003063,Ajmer,Rural,10,15,Female,Lower-Middle,No formal,9822,74.1,66.2,2.95,1,5.27,0,0.074187025,Low risk...
RJ003064,Ajmer,Rural,6,12,Male,Low,Secondary,6226,69.0,57.3,4.4,1,4.11,0,0.008398384,Low risk...
RJ003065,Ajmer,Rural,11,6,Male,Lower-Middle,Secondary,13562,77.8,65.4,0.48,1,6.09,1,0.88739485,High risk...
RJ003066,Jodhpur,Rural,4,8,Female,Middle,No formal,32892,85.6,59.0,0.1,0,3.04,0,0.028259242,Low risk...
RJ003067,Jaipur,Urban,10,18,Male,Lower-Middle,No formal,10458,86.2,52.0,0.1,1,5.52,0,0.006400815,Low risk...
RJ003068,Bhilwara,Rural,1,8,Female,Upper-Middle,Secondary,37356,93.4,69.8,3.94,1,6.27,0,0.05408224,Low risk...
RJ003069,Jodhpur,Urban,4,6,Female,Middle,No formal,20532,86.7,62.5,1.69,0,6.35,0,0.022709649,Low risk...
RJ003070,Alwar,Urban,2,11,Male,Low,Primary,5714,75.0,62.9,0.44,1,7.3,0,0.06955849,Low risk...
RJ003071,Alwar,Urban,10,18,Female,Upper-Middle,Primary,51949,83.8,63.0,0.99,1,7.1,0,0.06960096,Low risk...
RJ003072,Ajmer,Urban,3,16,Male,Lower-Middle,Higher Secondary,14044,82.7,64.3,0.48,1,8.46,0,0.007155817,Low risk...
RJ003073,Kota,Urban,7,14,Female,Middle,Higher Secondary,21192,84.8,59.3,2.2,1,8.17,1,0.8372503,High risk...
RJ003074,Kota,Urban,7,13,Male,Middle,Secondary,19797,84.8,69.3,0.85,0,9.8,0,0.03558369,Low risk...
RJ003075,Ajmer,Urban,1,16,Female,Lower-Middle,No formal,12169,82.3,56.5,0.62,1,7.67,0,0.012168806,Low risk...
RJ003076,Barmer,Rural,8,12,Female,Lower-Middle,Secondary,9586,79.2,76.1,0.1,1,5.62,0,0.023551134,Low risk...
RJ003077,Bhilwara,Urban,7,15,Female,Upper-Middle,No formal,57107,83.8,65.0,1.03,0,7.97,1,0.79498374,High risk...
RJ003078,Jaipur,Urban,1,13,Female,Low,No formal,4552,78.5,65.1,1.75,1,4.88,0,0.036464192,Low risk...
RJ003079,Jodhpur,Rural,8,11,Male,Low,Primary,7359,70.0,55.6,0.1,1,3.49,1,0.08759523,Low risk...
RJ003080,Bhilwara,Rural,2,14,Male,Lower-Middle,Secondary,8758,81.1,68.3,4.74,1,6.85,0,0.014807854,Low risk...
RJ003081,Alwar,Urban,8,8,Female,Upper-Middle,No formal,56920,92.4,61.8,0.89,1,6.02,1,0.89049304,High risk...
RJ003082,Barmer,Urban,3,15,Female,Upper-Middle,No formal,51255,96.3,61.9,1.44,0,5.83,0,0.008174893,Low risk...
RJ003083,Jodhpur,Rural,10,15,Female,Low,Secondary,5554,66.4,58.0,2.91,0,5.56,0,0.66257745,Moderate risk..
RJ003084,Ajmer,Urban,7,14,Female,Upper-Middle,Higher Secondary,44274,89.1,78.4,2.42,0,6.18,0,0.020522669,Low risk...
RJ003085,Alwar,Rural,6,9,Male,Low,Secondary,7029,74.3,47.0,6.67,1,5.47,0,0.07801215,Low risk...
RJ003086,Alwar,Urban,5,12,Male,High,Primary,66395,88.5,64.7,1.67,1,6.14,0,0.0007764739,Low risk...
RJ003087,Bikaner,Rural,11,18,Male,Lower-Middle,Higher Secondary,15879,79.4,82.8,4.16,0,7.25,1,0.85640705,High risk...
RJ003088,Jaipur,Rural,10,14,Female,Low,Secondary,6228,71.8,64.9,5.76,1,4.44,0,0.070993654,Low risk...
RJ003089,Ajmer,Rural,11,7,Male,Low,Secondary,7393,71.6,73.3,4.87,1,5.49,0,0.051556636,Low risk...
RJ003090,Jodhpur,Urban,2,7,Female,Low,Primary,6328,72.7,54.1,0.37,1,7.01,1,0.79423994,High risk...
RJ003091,Bikaner,Rural,2,14,Male,Low,No formal,6100,76.7,55.9,1.53,1,6.06,0,0.07821545,Low risk...
RJ003092,Bhilwara,Urban,12,17,Male,Middle,Primary,25718,85.0,74.3,1.93,1,7.9,0,0.008234147,Low risk...
RJ003093,Bikaner,Rural,1,18,Male,Low,Primary,5725,76.4,66.4,4.47,1,6.85,0,0.03159578,Low risk...
RJ003094,Sikar,Rural,9,8,Male,High,Primary,97034,89.5,68.5,1.11,0,6.94,0,0.0005907901,Low risk...
RJ003095,Jodhpur,Rural,11,14,Female,Lower-Middle,Primary,15508,75.7,50.9,6.38,0,4.39,0,0.039718084,Low risk...
RJ003096,Alwar,Rural,8,18,Male,Middle,No formal,32452,85.2,73.9,3.61,0,3.94,0,0.2550162,Low risk...
RJ003097,Bhilwara,Urban,8,10,Male,Low,Higher Secondary,4709,72.6,84.0,1.87,1,9.74,0,0.0024477548,Low risk...
RJ003098,Jaipur,Rural,1,11,Male,Upper-Middle,No formal,55483,94.7,57.7,1.04,0,3.72,0,0.036626797,Low risk...
RJ003099,Jaipur,Rural,5,7,Female,Middle,Primary,20999,84.6,77.6,0.58,0,4.5,0,0.02280055,Low risk...
RJ003100,Bikaner,Rural,12,13,Female,Upper-Middle,Secondary,31884,82.8,63.9,9.04,0,8.85,0,0.0066485154,Low risk...
RJ003101,Jaipur,Rural,6,16,Male,High,Primary,71426,93.6,69.1,3.55,0,2.63,0,0.12267283,Low risk...
RJ003102,Alwar,Urban,2,14,Female,Low,Primary,5430,74.1,62.2,0.75,1,8.44,0,0.15244293,Low risk...
RJ003103,Barmer,Rural,10,7,Male,Low,Primary,7601,73.9,50.3,0.1,1,4.62,0,0.037759993,Low risk...
RJ003104,Bikaner,Rural,5,11,Male,Middle,Higher Secondary,30492,86.0,71.7,3.15,0,6.85,0,0.054501828,Low risk...
RJ003105,Jodhpur,Rural,6,11,Female,Upper-Middle,Graduate+,34168,91.5,64.5,7.91,0,4.25,1,0.05359709,Low risk...
RJ003106,Bikaner,Rural,9,13,Male,Lower-Middle,Secondary,11138,75.0,66.8,0.1,1,6.07,1,0.8141125,High risk...
RJ003107,Alwar,Rural,10,15,Female,Lower-Middle,Secondary,10511,77.9,82.6,10.83,1,5.34,1,0.87103236,High risk...
RJ003108,Jaipur,Urban,1,17,Male,Middle,No formal,27920,85.9,59.9,0.12,1,4.87,0,0.009776902,Low risk...
RJ003109,Ajmer,Rural,10,10,Female,Low,Higher Secondary,6474,67.8,59.7,1.54,1,4.06,1,0.0197997,Low risk...
RJ003110,Ajmer,Rural,3,14,Male,Low,Graduate+,7051,72.4,65.0,5.06,1,4.35,1,0.7800271,High risk...
RJ003111,Ajmer,Rural,12,6,Female,Lower-Middle,Secondary,16050,74.9,70.8,7.33,1,6.14,1,0.91882354,High risk...
RJ003112,Jodhpur,Rural,9,14,Female,Low,Secondary,5969,75.7,66.7,1.52,1,3.92,0,0.06846117,Low risk...
RJ003113,Alwar,Rural,1,15,Male,Lower-Middle,Primary,13910,80.3,71.1,1.95,1,4.38,0,0.09364888,Low risk...
RJ003114,Jaipur,Urban,1,12,Male,High,Primary,107428,91.2,66.3,0.1,1,5.56,0,0.0010936715,Low risk...
RJ003115,Jodhpur,Urban,1,9,Male,Middle,Higher Secondary,26979,88.4,76.9,1.03,0,6.36,0,0.0017926175,Low risk...
RJ003116,Barmer,Rural,7,8,Female,Upper-Middle,Secondary,41211,89.1,44.5,3.4,0,4.69,0,0.027945459,Low risk...
RJ003117,Alwar,Rural,5,15,Male,Middle,Secondary,24551,84.5,74.0,5.21,0,4.13,0,0.047496773,Low risk...
RJ003118,Jaipur,Rural,6,16,Male,Lower-Middle,Secondary,14739,79.0,55.7,6.56,1,1.07,0,0.0132933,Low risk...
RJ003119,Jodhpur,Rural,8,11,Female,Middle,Higher Secondary,30100,87.4,70.2,4.52,0,3.19,1,0.9190151,High risk...
RJ003120,Jodhpur,Rural,2,17,Male,Upper-Middle,Secondary,55075,93.5,80.1,1.93,1,5.15,0,0.0043449784,Low risk...
RJ003121,Kota,Rural,2,18,Female,Upper-Middle,No formal,54914,93.3,57.2,3.94,0,8.33,1,0.11724495,Low risk...
RJ003122,Jodhpur,Rural,3,6,Male,Middle,Primary,33608,83.4,74.4,9.27,0,3.3,0,0.0015533402,Low risk...
RJ003123,Jaipur,Rural,3,8,Male,Low,Graduate+,7409,83.7,71.7,5.0,1,3.38,0,0.025937757,Low risk...
RJ003124,Bikaner,Urban,3,7,Female,Low,Secondary,7793,78.2,76.5,0.2,1,9.46,0,0.009880443,Low risk...
RJ003125,Alwar,Rural,4,16,Female,Low,Graduate+,6610,76.1,60.9,2.46,1,5.22,0,0.0918615,Low risk...
RJ003126,Ajmer,Rural,3,18,Male,High,Higher Secondary,92074,90.5,60.2,4.79,1,5.94,0,0.029151592,Low risk...
RJ003127,Alwar,Rural,2,14,Male,Lower-Middle,Secondary,16529,84.3,68.3,6.38,1,5.26,1,0.9575526,High risk...
RJ003128,Jaipur,Urban,9,8,Male,Upper-Middle,Primary,58914,86.5,72.2,0.59,0,5.59,0,0.039541014,Low risk...
RJ003129,Bhilwara,Urban,6,18,Male,Lower-Middle,Primary,14930,78.9,68.3,1.18,1,8.33,0,0.05153257,Low risk...
RJ003130,Sikar,Rural,3,7,Male,Middle,Secondary,29497,82.0,58.1,0.64,1,4.63,0,0.057825014,Low risk...
RJ003131,Sikar,Urban,9,9,Male,Low,Primary,5706,68.3,43.6,1.05,1,8.08,0,0.015400211,Low risk...
RJ003132,Sikar,Rural,4,7,Female,Low,Secondary,6502,75.8,61.0,9.06,1,3.91,1,0.85138935,High risk...
RJ003133,Bhilwara,Rural,4,6,Female,Lower-Middle,Secondary,8863,83.5,72.2,2.28,0,6.55,1,0.8263235,High risk...
RJ003134,Udaipur,Rural,8,11,Male,Lower-Middle,Primary,11896,80.6,67.7,1.32,0,3.88,1,0.93729466,High risk...
RJ003135,Jodhpur,Urban,7,15,Male,Low,Secondary,4670,75.0,75.6,1.92,1,6.45,1,0.91780597,High risk...
RJ003136,Ajmer,Urban,7,13,Male,Middle,Primary,30251,84.8,63.5,1.83,0,5.62,0,0.021232424,Low risk...
RJ003137,Alwar,Rural,10,15,Female,Lower-Middle,Primary,15895,76.3,46.6,2.95,0,5.49,1,0.9039422,High risk...
RJ003138,Alwar,Rural,7,15,Female,Middle,Primary,20546,85.9,76.7,0.44,0,3.97,0,0.037305884,Low risk...
RJ003139,Udaipur,Urban,10,7,Female,Low,Higher Secondary,5232,74.0,66.4,2.07,1,5.92,0,0.060715348,Low risk...
RJ003140,Jaipur,Urban,11,14,Female,Middle,Primary,32497,83.0,67.7,1.25,1,6.94,0,0.885321,High risk...
RJ003141,Kota,Rural,5,18,Female,Low,Primary,6660,77.6,68.3,2.48,1,5.41,1,0.8722443,High risk...
RJ003142,Bhilwara,Urban,7,8,Male,Middle,Primary,27795,84.4,76.3,1.56,0,7.92,0,0.010912684,Low risk...
RJ003143,Ajmer,Rural,4,13,Male,Lower-Middle,No formal,13128,77.6,59.9,0.1,0,5.84,0,0.02976189,Low risk...
RJ003144,Udaipur,Rural,8,17,Female,Middle,Primary,21320,84.5,75.7,0.1,0,6.92,1,0.70789725,High risk...
RJ003145,Jodhpur,Rural,9,13,Male,Upper-Middle,No formal,39164,88.3,70.9,2.7,0,4.68,0,0.018399611,Low risk...
RJ003146,Kota,Rural,12,8,Female,Low,Higher Secondary,8189,70.3,57.3,6.48,1,6.64,0,0.11096277,Low risk...
RJ003147,Barmer,Rural,3,8,Female,Low,No formal,7239,78.8,58.9,4.56,1,4.55,0,0.027541956,Low risk...
RJ003148,Alwar,Urban,7,17,Female,Middle,Secondary,19083,87.4,75.4,2.26,1,5.63,0,0.059486978,Low risk...
RJ003149,Sikar,Rural,12,11,Male,Lower-Middle,No formal,10273,72.2,51.1,8.17,1,6.22,0,0.108405605,Low risk...
RJ003150,Bikaner,Rural,10,6,Female,Low,Graduate+,6834,76.1,75.3,6.39,1,8.31,0,0.02262958,Low risk...
RJ003151,Ajmer,Rural,9,9,Female,Lower-Middle,Primary,10781,69.8,58.7,4.57,0,6.41,0,0.027873743,Low risk...
RJ003152,Jodhpur,Rural,1,6,Female,Low,Higher Secondary,5257,82.5,73.0,4.49,1,3.76,1,0.008550174,Low risk...
RJ003153,Alwar,Rural,2,8,Female,Low,Secondary,5050,74.6,74.3,6.02,1,4.55,0,0.07306501,Low risk...
RJ003154,Bikaner,Urban,7,14,Female,Lower-Middle,Secondary,9960,78.4,67.9,0.32,1,10.0,0,0.019635681,Low risk...
RJ003155,Bikaner,Rural,2,10,Male,Middle,Higher Secondary,28233,87.3,73.4,6.64,1,8.65,1,0.8476537,High risk...
RJ003156,Ajmer,Urban,7,17,Male,Lower-Middle,No formal,16009,80.2,61.0,2.15,0,5.51,1,0.7646852,High risk...
RJ003157,Bhilwara,Rural,1,10,Male,Lower-Middle,Secondary,11434,82.0,66.1,0.32,1,6.78,0,0.0057969973,Low risk...
RJ003158,Jaipur,Urban,3,16,Male,Upper-Middle,Primary,35328,90.6,72.5,0.23,0,5.9,0,0.015335539,Low risk...
RJ003159,Sikar,Urban,5,9,Female,Low,Secondary,4722,77.9,75.6,0.83,1,6.66,0,0.004880304,Low risk...
RJ003160,Kota,Urban,12,8,Other,Middle,Graduate+,33840,84.2,68.1,0.42,0,8.9,0,0.0014018787,Low risk...
RJ003161,Bikaner,Urban,11,10,Male,Upper-Middle,Higher Secondary,48155,84.1,65.4,1.17,0,7.3,0,0.013885262,Low risk...
RJ003162,Jaipur,Rural,6,16,Male,Low,No formal,6158,75.7,69.2,5.66,1,2.49,0,0.037884552,Low risk...
RJ003163,Kota,Rural,9,9,Male,Lower-Middle,Primary,15882,79.6,58.8,1.04,1,7.28,0,0.022431614,Low risk...
RJ003164,Udaipur,Rural,9,13,Female,High,Primary,84398,89.4,71.0,6.6,0,3.28,0,0.0020292327,Low risk...
RJ003165,Jaipur,Urban,3,9,Male,High,No formal,82914,96.4,66.6,1.19,0,3.96,0,0.004248634,Low risk...
RJ003166,Udaipur,Rural,8,16,Male,Low,No formal,8092,72.0,43.3,0.1,1,3.66,1,0.96226215,High risk...
RJ003167,Bhilwara,Rural,4,17,Male,Low,Primary,6193,73.8,61.5,2.64,1,6.27,0,0.030345408,Low risk...
RJ003168,Jaipur,Rural,7,13,Male,Low,Graduate+,5842,72.3,74.8,3.83,1,3.64,1,0.8344036,High risk...
RJ003169,Sikar,Rural,6,11,Female,Lower-Middle,Secondary,13286,72.2,60.8,5.66,1,6.4,1,0.06263407,Low risk...
RJ003170,Bikaner,Rural,8,17,Male,Lower-Middle,Secondary,16609,76.9,52.3,5.31,1,6.96,0,0.019512948,Low risk...
RJ003171,Ajmer,Rural,6,16,Male,Lower-Middle,Primary,16496,81.6,65.4,0.13,1,4.57,0,0.013549741,Low risk...
RJ003172,Jodhpur,Urban,4,10,Male,Upper-Middle,Secondary,55931,90.4,66.2,0.1,0,6.67,0,0.004875353,Low risk...
RJ003173,Jodhpur,Rural,2,9,Male,Low,Graduate+,6297,71.6,44.5,2.4,1,4.83,0,0.096499346,Low risk...
RJ003174,Jodhpur,Urban,7,9,Female,Middle,Secondary,32926,87.9,70.1,0.8,1,6.39,0,0.0063460893,Low risk...
RJ003175,Jaipur,Urban,11,17,Male,Low,No formal,5961,70.1,59.7,2.76,1,2.59,0,0.045000885,Low risk...
RJ003176,Jodhpur,Urban,11,9,Male,Low,Primary,6889,67.3,65.4,1.43,1,5.15,1,0.9297903,High risk...
RJ003177,Alwar,Rural,4,16,Female,Lower-Middle,Graduate+,9907,87.1,88.8,13.4,1,4.79,0,0.050179657,Low risk...
RJ003178,Barmer,Rural,9,18,Male,Low,Primary,6977,68.8,62.1,9.57,0,3.87,0,0.030029401,Low risk...
RJ003179,Sikar,Rural,9,18,Female,Lower-Middle,Secondary,10719,80.6,73.8,1.0,1,6.47,0,0.008970753,Low risk...
RJ003180,Alwar,Rural,7,14,Male,Upper-Middle,No formal,55810,86.7,55.2,4.2,0,4.82,0,0.017052278,Low risk...
RJ003181,Jaipur,Urban,5,9,Male,Low,No formal,5939,74.4,71.1,1.59,1,3.72,0,0.033665556,Low risk...
RJ003182,Kota,Rural,3,17,Female,Middle,Higher Secondary,24472,84.3,81.1,4.43,1,7.62,0,0.04609416,Low risk...
RJ003183,Kota,Rural,3,14,Female,Low,Primary,7336,71.3,55.4,6.75,1,7.36,0,0.2242183,Low risk...
RJ003184,Jodhpur,Rural,9,18,Female,Low,Primary,5986,73.6,65.2,3.61,1,3.17,0,0.04427849,Low risk...
RJ003185,Udaipur,Rural,9,15,Male,Lower-Middle,Primary,14398,79.2,67.8,1.86,1,5.0,1,0.11895876,Low risk...
RJ003186,Udaipur,Rural,12,11,Male,Middle,Graduate+,32464,85.9,85.8,7.47,0,4.51,0,0.014137839,Low risk...
RJ003187,Kota,Rural,11,15,Male,Lower-Middle,No formal,9550,76.9,58.4,0.3,1,7.9,0,0.04069408,Low risk...
RJ003188,Kota,Urban,4,18,Female,Lower-Middle,Higher Secondary,12424,87.2,66.8,0.74,0,9.36,1,0.8251978,High risk...
RJ003189,Sikar,Urban,11,12,Female,Upper-Middle,Primary,61265,87.8,64.4,0.1,0,8.0,0,0.022300102,Low risk...
RJ003190,Sikar,Urban,1,17,Male,Middle,Higher Secondary,31713,89.7,81.4,3.13,0,6.76,0,0.006192374,Low risk...
RJ003191,Kota,Urban,10,15,Male,Low,Graduate+,8289,67.4,47.6,1.45,1,7.63,0,0.04042256,Low risk...
RJ003192,Barmer,Rural,5,8,Female,Middle,Primary,32555,84.2,42.1,1.96,0,4.49,0,0.003745963,Low risk...
RJ003193,Bhilwara,Rural,8,13,Male,Lower-Middle,No formal,11006,80.1,68.7,0.1,1,5.5,0,0.0705902,Low risk...
RJ003194,Kota,Rural,10,8,Female,Middle,No formal,20635,83.2,65.6,1.83,1,6.31,0,0.051703896,Low risk...
RJ003195,Kota,Rural,4,6,Male,Lower-Middle,Secondary,10169,81.1,66.8,1.51,0,8.99,0,0.019935746,Low risk...
RJ003196,Udaipur,Rural,10,18,Male,Low,No formal,5111,69.1,44.5,0.21,1,2.88,1,0.98206514,High risk...
RJ003197,Bhilwara,Urban,10,18,Female,Lower-Middle,Primary,9036,77.9,48.7,0.44,1,7.48,0,0.06831137,Low risk...
RJ003198,Barmer,Urban,4,15,Male,Lower-Middle,No formal,16017,80.9,57.0,1.78,1,6.86,1,0.80207276,High risk...
RJ003199,Jaipur,Rural,12,17,Male,Lower-Middle,Primary,12621,73.0,62.3,2.24,1,4.48,0,0.076857075,Low risk...
RJ003200,Bikaner,Rural,9,10,Female,Upper-Middle,No formal,34690,89.9,62.8,4.4,1,5.6,1,0.85405165,High risk...
RJ003201,Udaipur,Rural,9,7,Female,Upper-Middle,Higher Secondary,55523,82.9,77.3,2.97,0,4.23,0,0.012494546,Low risk...
RJ003202,Udaipur,Rural,7,15,Female,Lower-Middle,Higher Secondary,11135,79.6,60.5,2.79,1,3.43,0,0.027721215,Low risk...
RJ003203,Jodhpur,Rural,10,11,Female,Lower-Middle,Primary,8997,82.8,61.1,1.83,1,4.42,0,0.18008362,Low risk...
RJ003204,Barmer,Rural,8,18,Male,Lower-Middle,Secondary,9994,80.5,71.9,0.34,1,4.39,0,0.025403924,Low risk...
RJ003205,Alwar,Rural,12,15,Female,Lower-Middle,Secondary,13923,78.5,62.1,2.09,1,3.99,0,0.66567177,Moderate risk..
RJ003206,Sikar,Rural,12,14,Female,High,Secondary,100464,86.8,67.5,5.97,0,4.93,0,0.047391385,Low risk...
RJ003207,Barmer,Urban,4,6,Male,Lower-Middle,Primary,10531,85.8,61.9,0.1,1,6.82,0,0.020671796,Low risk...
RJ003208,Alwar,Urban,8,18,Female,Low,Primary,6624,76.6,54.9,1.23,1,8.8,0,0.06468285,Low risk...
RJ003209,Bikaner,Urban,6,9,Male,Lower-Middle,Secondary,8407,77.0,67.0,0.76,1,9.16,1,0.15237226,Low risk...
RJ003210,Ajmer,Rural,3,6,Male,Lower-Middle,Secondary,10738,79.6,69.6,5.8,0,4.61,0,0.013038941,Low risk...
RJ003211,Jodhpur,Rural,7,6,Female,Lower-Middle,Primary,9926,82.8,67.1,0.17,1,2.91,0,0.008898989,Low risk...
RJ003212,Alwar,Urban,3,13,Female,Lower-Middle,Primary,9043,86.4,62.5,0.69,0,6.7,0,0.13653111,Low risk...
RJ003213,Jodhpur,Rural,11,18,Male,Low,Primary,6232,67.2,54.3,7.14,1,3.72,0,0.038016453,Low risk...
RJ003214,Alwar,Urban,7,16,Male,Low,Primary,6850,70.0,70.4,0.78,1,7.17,1,0.9451353,High risk...
RJ003215,Jodhpur,Rural,5,7,Female,Low,Primary,4395,73.6,48.4,0.1,1,4.03,0,0.0519785,Low risk...
RJ003216,Jaipur,Rural,4,6,Male,Lower-Middle,Primary,9558,74.0,75.1,2.68,1,4.09,1,0.8819248,High risk...
RJ003217,Jodhpur,Rural,3,16,Male,Low,Primary,8116,75.1,61.5,4.56,1,3.73,0,0.13613302,Low risk...
RJ003218,Jaipur,Rural,8,13,Female,Middle,Higher Secondary,21404,88.1,71.8,5.78,0,5.32,0,0.015520542,Low risk...
RJ003219,Alwar,Urban,4,9,Female,Low,No formal,7392,70.2,63.2,1.35,1,7.44,0,0.13291523,Low risk...
RJ003220,Alwar,Rural,8,8,Female,Upper-Middle,Secondary,55054,88.9,54.8,0.1,0,4.65,1,0.81498075,High risk...
RJ003221,Udaipur,Urban,10,18,Female,Low,Secondary,5551,69.8,70.9,1.88,1,6.48,1,0.90941787,High risk...
RJ003222,Jodhpur,Urban,3,17,Female,Low,Primary,5057,79.9,78.4,1.39,1,4.44,0,0.04806659,Low risk...
RJ003223,Jaipur,Urban,10,9,Female,Lower-Middle,Primary,10449,75.8,69.8,1.54,1,4.26,0,0.036588218,Low risk...
RJ003224,Jaipur,Rural,9,16,Male,Low,Higher Secondary,6577,76.6,49.5,3.93,1,2.81,1,0.87911874,High risk...
RJ003225,Jodhpur,Rural,6,10,Female,Upper-Middle,Primary,43507,87.7,74.3,7.94,1,5.42,0,0.011252579,Low risk...
RJ003226,Barmer,Rural,5,6,Male,Low,Higher Secondary,6281,76.3,79.3,0.83,1,4.52,0,0.052518234,Low risk...
RJ003227,Jodhpur,Rural,5,16,Male,Lower-Middle,Higher Secondary,15218,80.8,81.2,2.06,1,3.47,1,0.9623294,High risk...
RJ003228,Kota,Urban,3,6,Male,Upper-Middle,Secondary,47322,90.6,61.1,0.1,0,9.04,0,0.0028911077,Low risk...
RJ003229,Jaipur,Rural,2,8,Female,Lower-Middle,Secondary,16760,79.1,73.6,5.11,1,4.15,0,0.06448713,Low risk...
RJ003230,Jodhpur,Rural,6,11,Male,Low,Secondary,6997,74.5,77.1,1.32,1,5.68,0,0.08825147,Low risk...
RJ003231,Udaipur,Rural,11,6,Male,Low,Primary,5070,69.7,57.7,5.8,1,2.48,0,0.024279634,Low risk...
RJ003232,Ajmer,Rural,1,16,Female,Lower-Middle,Graduate+,12596,79.9,58.8,2.49,1,6.26,0,0.045742862,Low risk...
RJ003233,Jodhpur,Urban,7,17,Female,Low,Primary,7616,77.4,68.7,0.98,1,3.53,0,0.1027353,Low risk...
RJ003234,Jaipur,Urban,5,7,Female,Lower-Middle,No formal,10234,81.6,70.9,1.65,1,6.02,0,0.053527802,Low risk...
RJ003235,Bikaner,Rural,4,17,Male,Middle,Primary,30265,88.4,67.5,0.1,0,8.43,0,0.05490374,Low risk...
RJ003236,Jodhpur,Urban,9,12,Male,Upper-Middle,Secondary,32554,86.8,60.6,1.15,0,6.81,0,0.023381233,Low risk...
RJ003237,Jodhpur,Urban,10,6,Female,Low,No formal,8159,70.9,63.9,1.69,1,6.16,1,0.8409892,High risk...
RJ003238,Bhilwara,Rural,1,18,Male,Low,Higher Secondary,6986,75.3,59.4,5.94,0,6.09,0,0.055074133,Low risk...
RJ003239,Ajmer,Rural,11,12,Female,Low,Primary,4883,72.0,62.0,0.1,1,5.75,0,0.055227336,Low risk...
RJ003240,Udaipur,Rural,4,9,Male,Lower-Middle,Higher Secondary,15744,82.4,82.3,8.32,1,2.91,1,0.9110074,High risk...
RJ003241,Bikaner,Rural,3,15,Female,Lower-Middle,No formal,9087,80.9,48.8,7.09,1,6.33,1,0.8126297,High risk...
RJ003242,Bikaner,Rural,6,11,Male,Middle,Primary,24604,83.1,72.7,0.1,1,6.81,1,0.8282229,High risk...
RJ003243,Udaipur,Urban,5,13,Male,Middle,No formal,30397,88.3,64.8,1.03,0,5.11,0,0.009721817,Low risk...
RJ003244,Alwar,Rural,7,14,Female,Low,Primary,8137,73.1,58.0,4.49,1,5.6,0,0.08610789,Low risk...
RJ003245,Alwar,Rural,1,11,Male,Lower-Middle,Primary,11330,77.7,66.3,6.16,1,4.67,0,0.06839266,Low risk...
RJ003246,Jodhpur,Urban,5,17,Male,Low,Graduate+,7688,67.6,56.9,0.1,1,5.92,0,0.0067734136,Low risk...
RJ003247,Udaipur,Urban,2,16,Female,Low,Primary,5026,76.4,52.0,1.91,1,4.1,0,0.04437844,Low risk...
RJ003248,Bikaner,Rural,2,18,Male,Low,Secondary,4347,73.0,47.5,3.79,1,7.3,0,0.007840743,Low risk...
RJ003249,Barmer,Rural,11,14,Male,Low,Primary,4321,72.3,68.8,5.84,1,4.42,0,0.05576776,Low risk...
RJ003250,Ajmer,Urban,11,9,Male,Lower-Middle,No formal,13929,74.7,55.3,0.53,1,7.51,0,0.04137269,Low risk...
RJ003251,Udaipur,Rural,2,11,Male,Lower-Middle,Primary,9695,81.9,69.3,3.92,1,5.09,1,0.64690423,Moderate risk..
RJ003252,Jaipur,Rural,9,13,Male,Low,No formal,4411,70.9,52.2,7.45,1,3.44,0,0.47098044,Moderate risk..
RJ003253,Ajmer,Rural,10,14,Female,High,Higher Secondary,110698,95.8,68.6,8.23,0,3.04,0,0.016045243,Low risk...
RJ003254,Jaipur,Rural,3,8,Female,Lower-Middle,Secondary,10433,83.9,73.6,4.52,1,2.14,0,0.05589193,Low risk...
RJ003255,Kota,Rural,4,7,Male,Low,Primary,6143,78.5,65.3,3.7,1,8.5,0,0.018786829,Low risk...
RJ003256,Jaipur,Rural,5,11,Male,Low,Secondary,6775,74.1,60.6,8.1,1,3.47,0,0.094776295,Low risk...
RJ003257,Alwar,Rural,4,9,Female,Lower-Middle,No formal,9613,83.0,65.7,3.7,1,7.11,0,0.028007308,Low risk...
RJ003258,Jodhpur,Urban,4,6,Female,High,Secondary,76001,93.8,66.6,1.85,0,6.49,0,0.0051768264,Low risk...
RJ003259,Bikaner,Urban,5,13,Male,Lower-Middle,Higher Secondary,13841,84.4,79.5,0.17,1,9.02,0,0.027437398,Low risk...
RJ003260,Barmer,Rural,10,14,Female,Upper-Middle,Higher Secondary,51652,87.3,83.1,4.12,0,4.82,0,0.011708846,Low risk...
RJ003261,Jodhpur,Rural,9,14,Female,Lower-Middle,Primary,15473,73.8,66.0,0.69,1,2.95,0,0.078861125,Low risk...
RJ003262,Udaipur,Rural,12,7,Male,Lower-Middle,Primary,12074,70.5,54.9,0.25,1,3.35,0,0.083048746,Low risk...
RJ003263,Bikaner,Rural,9,14,Male,Lower-Middle,Primary,15875,83.0,65.9,6.93,1,7.68,1,0.800544,High risk...
RJ003264,Jaipur,Urban,6,12,Male,Middle,Graduate+,29438,86.9,87.2,0.85,0,4.77,0,0.045836598,Low risk...
RJ003265,Sikar,Urban,11,10,Female,Lower-Middle,Graduate+,13122,78.6,79.9,0.89,0,7.38,0,0.0847367,Low risk...
RJ003266,Jaipur,Rural,12,12,Female,Upper-Middle,Primary,35190,91.0,86.2,3.5,0,4.64,0,0.019808717,Low risk...
RJ003267,Udaipur,Rural,3,18,Female,Low,Secondary,6614,70.0,53.8,7.07,1,3.8,0,0.052136306,Low risk...
RJ003268,Udaipur,Rural,6,14,Male,Lower-Middle,Graduate+,13395,78.4,62.6,5.01,0,3.55,0,0.105069086,Low risk...
RJ003269,Ajmer,Rural,10,13,Female,Lower-Middle,Primary,14774,76.8,62.8,0.1,1,4.1,0,0.035757802,Low risk...
RJ003270,Alwar,Rural,4,11,Female,Lower-Middle,Higher Secondary,14441,82.7,73.3,6.98,1,6.2,0,0.0388783,Low risk...
RJ003271,Jodhpur,Urban,3,18,Female,Low,Primary,6426,72.9,58.2,2.32,1,6.35,0,0.009838826,Low risk...
RJ003272,Jaipur,Rural,6,9,Male,Lower-Middle,Primary,13380,75.9,58.0,3.96,1,5.8,1,0.7598596,High risk...
RJ003273,Alwar,Rural,11,18,Female,Lower-Middle,No formal,14888,73.4,67.7,2.68,1,5.54,0,0.11028697,Low risk...
RJ003274,Udaipur,Rural,6,6,Male,Middle,Primary,23650,88.9,68.2,2.08,0,3.88,0,0.08646789,Low risk...
RJ003275,Sikar,Urban,2,11,Female,Middle,Higher Secondary,19862,85.3,61.9,0.1,0,7.38,0,0.019142421,Low risk...
RJ003276,Sikar,Rural,9,8,Female,Middle,Primary,32800,82.3,56.2,6.68,0,5.12,1,0.8199474,High risk...
RJ003277,Barmer,Rural,8,11,Male,Low,No formal,8253,74.4,60.1,4.09,1,3.81,0,0.024497777,Low risk...
RJ003278,Udaipur,Urban,6,11,Female,High,Primary,80041,90.4,93.9,1.13,0,5.57,0,0.0022391374,Low risk...
RJ003279,Kota,Rural,1,9,Male,Middle,Secondary,34830,82.9,59.9,8.6,1,7.83,1,0.008372742,Low risk...
RJ003280,Sikar,Rural,12,7,Female,Low,Secondary,5555,65.8,55.0,8.57,1,5.94,0,0.05325474,Low risk...
RJ003281,Bikaner,Urban,2,14,Male,Low,Secondary,4480,75.3,82.4,1.35,1,9.21,0,0.700493,High risk...
RJ003282,Jodhpur,Rural,4,7,Female,Low,No formal,6604,76.0,55.2,2.57,1,5.16,1,0.8156166,High risk...
RJ003283,Barmer,Rural,7,8,Female,Lower-Middle,Secondary,15693,78.4,68.7,3.9,1,5.22,0,0.10319912,Low risk...
RJ003284,Barmer,Rural,9,15,Male,Upper-Middle,Higher Secondary,50951,89.3,89.0,7.38,0,4.97,0,0.0013170688,Low risk...
RJ003285,Bikaner,Rural,10,6,Male,Middle,Primary,17665,78.7,55.2,7.2,0,6.0,1,0.9046756,High risk...
RJ003286,Jaipur,Rural,5,12,Male,Upper-Middle,Secondary,31873,85.4,66.8,0.1,0,3.86,0,0.05600306,Low risk...
RJ003287,Bikaner,Urban,10,6,Male,Low,Higher Secondary,7242,78.3,63.5,1.89,1,8.59,0,0.061580602,Low risk...
RJ003288,Sikar,Urban,2,16,Female,Lower-Middle,Secondary,15501,85.2,57.0,1.52,1,5.79,0,0.03663702,Low risk...
RJ003289,Barmer,Urban,11,14,Female,Low,Secondary,5263,73.3,74.5,0.95,1,6.7,0,0.036452577,Low risk...
RJ003290,Jodhpur,Rural,11,16,Female,Low,Secondary,6175,69.0,54.7,2.41,0,4.61,0,0.17463519,Low risk...
RJ003291,Jaipur,Rural,11,16,Female,Middle,Primary,34319,82.3,58.0,1.49,0,4.04,1,0.8640506,High risk...
RJ003292,Barmer,Urban,1,6,Female,Low,Secondary,6134,76.0,60.0,1.86,1,6.75,0,0.062004928,Low risk...
RJ003293,Bikaner,Rural,10,10,Female,Middle,Higher Secondary,19877,87.4,80.3,2.06,1,7.39,0,0.029996252,Low risk...
RJ003294,Udaipur,Rural,1,12,Female,Lower-Middle,Primary,16058,83.2,66.4,3.97,0,3.73,0,0.03650837,Low risk...
RJ003295,Bhilwara,Urban,5,8,Male,Middle,Higher Secondary,26165,87.6,66.6,1.6,1,10.0,0,0.006973216,Low risk...
RJ003296,Jaipur,Rural,7,14,Male,Low,Secondary,5646,72.5,64.8,4.22,1,3.76,1,0.84285146,High risk...
RJ003297,Ajmer,Rural,9,13,Male,Middle,Primary,19205,86.4,73.9,6.88,0,2.46,0,0.00022252304,Low risk...
RJ003298,Jaipur,Rural,9,18,Female,High,Secondary,81663,91.9,72.9,1.37,0,1.18,0,0.004890566,Low risk...
RJ003299,Kota,Urban,8,8,Female,Upper-Middle,Primary,55745,88.6,66.9,0.92,0,10.0,0,0.001984264,Low risk...
RJ003300,Sikar,Rural,1,10,Female,Middle,Higher Secondary,30051,85.8,80.0,4.17,0,3.58,0,0.022564435,Low risk...
RJ003301,Bikaner,Rural,5,12,Male,Middle,Primary,26190,85.7,65.6,4.14,0,6.72,0,0.03035949,Low risk...
RJ003302,Bhilwara,Rural,6,17,Female,Lower-Middle,Higher Secondary,14444,76.3,79.0,2.95,0,5.94,1,0.7914445,High risk...
RJ003303,Udaipur,Rural,6,9,Male,Middle,Primary,23638,85.4,60.8,6.32,0,3.67,0,0.005393761,Low risk...
RJ003304,Kota,Rural,4,10,Female,Middle,Secondary,30367,86.8,63.8,6.01,0,7.76,0,0.035753172,Low risk...
RJ003305,Jodhpur,Urban,1,8,Male,Lower-Middle,Graduate+,9120,74.8,60.1,1.51,1,4.93,0,0.056982215,Low risk...
RJ003306,Kota,Rural,3,14,Male,Middle,No formal,20987,86.3,63.4,4.61,1,6.56,0,0.019223806,Low risk...
RJ003307,Kota,Urban,10,15,Female,Lower-Middle,Secondary,15773,74.0,62.4,1.24,1,9.6,1,0.88889277,High risk...
RJ003308,Jaipur,Urban,4,14,Female,Low,No formal,5433,76.0,48.5,1.43,1,7.74,0,0.058068436,Low risk...
RJ003309,Kota,Rural,4,12,Male,Lower-Middle,Higher Secondary,10130,82.4,70.6,3.08,1,7.91,0,0.103460826,Low risk...
RJ003310,Bikaner,Urban,4,15,Male,Low,Secondary,4574,73.2,66.4,0.1,1,7.85,0,0.056212194,Low risk...
RJ003311,Alwar,Rural,5,7,Male,Lower-Middle,Graduate+,11701,81.6,59.7,6.59,1,6.23,0,0.07151473,Low risk...
RJ003312,Ajmer,Urban,11,12,Male,Low,Higher Secondary,4481,72.8,59.9,0.16,0,8.24,0,0.016700827,Low risk...
RJ003313,Alwar,Urban,9,12,Male,Lower-Middle,No formal,12575,77.3,64.4,1.27,1,7.92,1,0.7834747,High risk...
RJ003314,Jaipur,Rural,4,16,Female,Middle,No formal,33586,91.1,59.4,6.11,0,2.07,1,0.8908987,High risk...
RJ003315,Jodhpur,Rural,9,10,Female,Lower-Middle,Secondary,15012,75.8,61.0,7.46,1,4.62,0,0.075343296,Low risk...
RJ003316,Alwar,Urban,9,14,Male,Low,Primary,4371,76.4,70.1,1.3,1,6.4,1,0.9194718,High risk...
RJ003317,Udaipur,Rural,1,18,Female,Lower-Middle,No formal,10918,81.3,76.6,3.24,1,4.03,0,0.033653315,Low risk...
RJ003318,Jaipur,Urban,5,17,Male,Low,No formal,4988,71.5,59.9,1.12,1,4.74,0,0.07637826,Low risk...
RJ003319,Sikar,Rural,9,16,Male,Lower-Middle,Secondary,8962,76.9,62.8,8.62,1,6.16,0,0.049079623,Low risk...
RJ003320,Sikar,Rural,4,8,Male,Lower-Middle,No formal,9313,77.2,55.8,2.55,1,5.06,0,0.051255103,Low risk...
RJ003321,Udaipur,Urban,5,9,Female,Upper-Middle,Higher Secondary,60107,92.4,83.1,2.51,0,6.9,0,0.050486993,Low risk...
RJ003322,Jaipur,Rural,4,6,Male,Low,Higher Secondary,5502,69.7,71.3,10.2,1,3.61,0,0.024289118,Low risk...
RJ003323,Sikar,Urban,2,11,Male,Middle,Secondary,24364,91.7,63.8,2.31,0,6.69,1,0.78163946,High risk...
RJ003324,Ajmer,Urban,10,9,Male,Upper-Middle,No formal,46800,84.7,71.6,0.1,0,7.07,0,0.017156957,Low risk...
RJ003325,Sikar,Rural,2,6,Male,High,No formal,97716,97.0,66.8,1.74,0,5.77,0,0.005073192,Low risk...
RJ003326,Alwar,Rural,2,7,Male,Low,Primary,7553,75.6,54.1,1.67,1,5.96,0,0.30555236,Low risk...
RJ003327,Sikar,Rural,1,8,Female,Lower-Middle,Graduate+,16495,82.8,71.0,4.5,1,5.28,1,0.82343334,High risk...
RJ003328,Udaipur,Rural,3,14,Female,Low,Primary,5085,73.2,67.5,6.03,0,5.31,0,0.15937331,Low risk...
RJ003329,Jaipur,Rural,11,18,Female,Lower-Middle,Primary,10929,78.1,64.9,6.85,0,4.6,0,0.10743997,Low risk...
RJ003330,Alwar,Rural,10,13,Male,Low,No formal,5514,71.9,58.9,7.24,1,5.35,1,0.8806019,High risk...
RJ003331,Ajmer,Rural,1,12,Male,Middle,Secondary,25292,83.6,71.0,1.88,1,5.82,0,0.038515862,Low risk...
RJ003332,Alwar,Rural,4,18,Male,Low,Secondary,7591,71.6,64.7,0.57,1,5.1,0,0.06483187,Low risk...
RJ003333,Jodhpur,Rural,1,16,Male,Lower-Middle,No formal,10411,80.4,60.8,2.97,1,4.66,0,0.11907366,Low risk...
RJ003334,Jodhpur,Rural,4,17,Female,Lower-Middle,Primary,14977,78.2,67.6,5.04,1,4.92,0,0.056816008,Low risk...
RJ003335,Barmer,Rural,3,9,Male,High,Secondary,67426,97.8,71.4,3.38,0,4.94,0,0.0016896437,Low risk...
RJ003336,Alwar,Rural,9,6,Male,Middle,Primary,29928,84.0,71.2,0.1,0,4.54,0,0.0045617335,Low risk...
RJ003337,Barmer,Rural,1,13,Female,Low,Secondary,7556,73.7,69.1,0.1,1,3.5,0,0.10279288,Low risk...
RJ003338,Alwar,Rural,8,9,Male,Low,Higher Secondary,7786,71.0,68.6,3.28,1,5.65,1,0.91176736,High risk...
RJ003339,Ajmer,Rural,11,8,Female,Low,Secondary,6343,69.5,65.7,6.57,1,4.28,0,0.08803099,Low risk...
RJ003340,Ajmer,Rural,9,14,Male,Middle,Secondary,23253,83.1,71.6,1.29,0,6.05,0,0.1020451,Low risk...
RJ003341,Barmer,Rural,12,15,Female,Middle,Higher Secondary,31017,79.3,77.4,6.2,1,3.19,0,0.07781886,Low risk...
RJ003342,Ajmer,Rural,7,9,Male,Lower-Middle,Higher Secondary,11096,76.6,48.2,0.1,0,6.32,0,0.09090773,Low risk...
RJ003343,Ajmer,Rural,1,9,Other,Low,Primary,4822,78.3,69.4,4.77,1,5.05,0,0.024646772,Low risk...
RJ003344,Jodhpur,Rural,4,14,Male,Middle,No formal,32107,87.1,81.6,4.79,0,3.24,1,0.5623884,Moderate risk..
RJ003345,Udaipur,Rural,10,18,Female,Lower-Middle,Higher Secondary,11854,77.0,61.6,5.41,1,3.53,0,0.06871884,Low risk...
RJ003346,Alwar,Rural,1,17,Male,High,No formal,87967,95.0,64.6,0.98,0,5.16,1,0.0014033134,Low risk...
RJ003347,Kota,Rural,4,16,Female,Lower-Middle,Graduate+,16115,80.4,81.0,0.1,1,7.85,1,0.92666745,High risk...
RJ003348,Jodhpur,Urban,3,17,Male,Low,No formal,4770,74.4,50.7,1.07,0,4.37,1,0.8384718,High risk...
RJ003349,Kota,Urban,2,7,Male,Lower-Middle,Graduate+,13080,83.1,67.0,1.37,1,7.91,0,0.02519217,Low risk...
RJ003350,Jodhpur,Rural,1,17,Female,Low,Secondary,6547,77.3,65.7,1.69,1,3.77,0,0.15772055,Low risk...
RJ003351,Jodhpur,Rural,6,10,Female,Middle,Secondary,32583,80.8,60.1,8.18,0,4.06,0,0.13267171,Low risk...
RJ003352,Bikaner,Rural,12,9,Male,Middle,Primary,23472,82.1,71.9,4.51,0,7.98,1,0.014147917,Low risk...
RJ003353,Barmer,Urban,7,14,Female,Low,Graduate+,5885,68.5,57.3,2.47,1,6.46,0,0.18856569,Low risk...
RJ003354,Udaipur,Rural,6,17,Male,Low,No formal,6381,75.4,61.6,5.87,1,3.59,0,0.47835237,Moderate risk..
RJ003355,Jodhpur,Rural,9,10,Female,Low,Primary,4902,74.3,62.5,5.77,1,4.33,0,0.01116781,Low risk...
RJ003356,Jaipur,Urban,12,14,Female,Upper-Middle,No formal,46326,84.7,77.6,1.05,0,5.28,0,0.026847644,Low risk...
RJ003357,Alwar,Rural,9,16,Male,Low,Graduate+,6032,71.6,74.8,1.3,1,5.11,0,0.018984972,Low risk...
RJ003358,Bikaner,Rural,2,14,Female,Low,Primary,5029,69.2,52.9,12.05,1,7.38,0,0.03695434,Low risk...
RJ003359,Sikar,Rural,2,7,Female,Low,Secondary,7699,78.4,54.9,3.12,1,3.26,0,0.04198683,Low risk...
RJ003360,Ajmer,Urban,9,14,Male,Lower-Middle,Secondary,12021,80.1,72.8,1.38,0,7.43,0,0.05629856,Low risk...
RJ003361,Sikar,Urban,1,8,Female,Middle,Higher Secondary,22856,91.5,70.1,0.83,0,7.46,0,0.0027634534,Low risk...
RJ003362,Kota,Rural,5,9,Male,Upper-Middle,Secondary,35607,94.5,72.0,2.4,0,8.87,0,0.002959927,Low risk...
RJ003363,Alwar,Rural,1,6,Female,Low,Secondary,4577,72.3,52.9,2.72,1,4.55,0,0.0045227027,Low risk...
RJ003364,Jodhpur,Urban,7,6,Female,Middle,Secondary,34304,87.7,76.1,1.76,0,6.17,0,0.0041770935,Low risk...
RJ003365,Bhilwara,Rural,9,6,Male,Lower-Middle,Secondary,16759,82.4,62.3,1.78,0,5.25,1,0.84543854,High risk...
RJ003366,Ajmer,Rural,6,14,Female,High,No formal,106284,88.0,66.0,5.24,0,3.23,0,0.0018684133,Low risk...
RJ003367,Kota,Rural,2,16,Female,Low,No formal,6126,75.0,58.3,6.69,1,7.13,1,0.7966422,High risk...
RJ003368,Jodhpur,Rural,6,13,Female,Low,No formal,7593,72.4,58.4,3.36,1,3.52,1,0.5138588,Moderate risk..
RJ003369,Jodhpur,Urban,9,10,Male,Lower-Middle,Primary,15408,80.6,69.3,0.42,1,6.64,0,0.03232868,Low risk...
RJ003370,Alwar,Rural,3,10,Male,Low,Primary,5459,67.8,54.3,6.87,0,6.54,0,0.8485852,High risk...
RJ003371,Jodhpur,Rural,9,14,Female,Low,Secondary,6661,77.4,58.5,3.59,1,5.38,0,0.052258823,Low risk...
RJ003372,Ajmer,Rural,8,8,Male,Middle,Graduate+,34244,84.2,58.1,0.1,0,5.6,0,0.013856701,Low risk...
RJ003373,Jodhpur,Rural,12,8,Male,Middle,Primary,22401,85.2,67.5,8.51,0,4.74,0,0.0470647,Low risk...
RJ003374,Alwar,Rural,7,12,Female,Lower-Middle,Secondary,13968,78.8,64.0,1.07,1,4.08,0,0.014472738,Low risk...
RJ003375,Sikar,Urban,8,14,Male,Middle,Primary,29094,86.0,61.5,1.33,0,8.31,0,0.0044330433,Low risk...
RJ003376,Sikar,Rural,10,11,Female,Lower-Middle,No formal,12202,70.5,56.3,0.1,1,6.66,0,0.017503226,Low risk...
RJ003377,Sikar,Urban,6,7,Female,Lower-Middle,Secondary,12519,78.3,71.8,1.19,1,5.53,0,0.07721235,Low risk...
RJ003378,Jodhpur,Rural,3,6,Female,Lower-Middle,Graduate+,12234,83.5,81.5,2.69,1,4.56,1,0.96071965,High risk...
RJ003379,Jaipur,Urban,7,7,Male,Middle,No formal,26619,85.9,52.8,1.04,0,4.57,0,0.009641089,Low risk...
RJ003380,Alwar,Urban,4,6,Male,Low,Primary,4825,69.6,54.5,1.68,1,8.71,1,0.9484794,High risk...
RJ003381,Kota,Rural,11,15,Male,Low,No formal,7538,71.2,63.9,9.95,1,6.4,0,0.09315433,Low risk...
RJ003382,Bikaner,Rural,10,15,Female,Lower-Middle,Primary,13953,75.0,73.4,4.07,0,7.36,0,0.07783738,Low risk...
RJ003383,Jaipur,Rural,5,14,Male,Lower-Middle,Secondary,16580,77.3,57.8,6.64,1,3.8,0,0.03797249,Low risk...
RJ003384,Jodhpur,Urban,8,15,Female,Middle,Higher Secondary,21799,79.9,79.4,0.96,1,5.54,0,0.04285017,Low risk...
RJ003385,Jaipur,Rural,7,17,Female,Lower-Middle,Secondary,9626,80.9,55.7,6.99,1,5.76,0,0.010109709,Low risk...
RJ003386,Barmer,Rural,7,18,Female,Low,Primary,5639,76.3,70.6,0.1,1,6.39,0,0.07437901,Low risk...
RJ003387,Jodhpur,Urban,8,13,Male,Low,Higher Secondary,6341,78.9,65.5,1.09,0,3.96,0,0.02593835,Low risk...
RJ003388,Udaipur,Rural,10,12,Male,Low,Primary,5061,67.1,68.4,2.43,1,4.46,0,0.09091297,Low risk...
RJ003389,Jaipur,Rural,3,8,Female,Middle,Secondary,25561,89.3,67.9,2.41,0,3.6,0,0.035775885,Low risk...
RJ003390,Alwar,Urban,3,13,Male,Lower-Middle,Primary,13798,83.5,63.2,2.22,1,7.69,0,0.022822194,Low risk...
RJ003391,Kota,Rural,2,7,Male,Middle,Higher Secondary,18483,85.8,70.8,5.76,0,7.58,0,0.001794002,Low risk...
RJ003392,Barmer,Rural,1,7,Male,Lower-Middle,Secondary,14767,79.2,53.2,3.78,1,3.88,1,0.8655375,High risk...
RJ003393,Barmer,Rural,10,16,Female,Upper-Middle,Higher Secondary,61101,84.2,56.8,3.85,0,3.66,0,0.024191909,Low risk...
RJ003394,Kota,Urban,6,15,Female,High,No formal,71022,90.9,72.1,1.02,0,8.47,0,0.00227401,Low risk...
RJ003395,Barmer,Rural,6,8,Female,Middle,Secondary,31084,86.1,77.6,4.97,1,4.57,0,0.04643082,Low risk...
RJ003396,Bhilwara,Urban,10,12,Female,Upper-Middle,Secondary,44665,91.6,77.8,1.18,1,8.85,0,0.005370375,Low risk...
RJ003397,Sikar,Rural,12,6,Male,Lower-Middle,Secondary,13981,79.8,55.8,6.31,1,4.84,0,0.08641194,Low risk...
RJ003398,Barmer,Urban,8,13,Female,Upper-Middle,Primary,54905,83.7,69.7,1.78,0,7.9,0,0.0828908,Low risk...
RJ003399,Jodhpur,Rural,6,17,Male,Middle,No formal,22662,83.1,55.4,7.48,1,4.63,0,0.015758758,Low risk...
RJ003400,Ajmer,Rural,6,12,Female,High,Primary,100094,96.4,76.7,5.8,0,5.87,1,0.87498236,High risk...
RJ003401,Jaipur,Urban,1,9,Male,Lower-Middle,Primary,9283,79.8,72.5,1.37,1,4.97,0,0.08987104,Low risk...
RJ003402,Jaipur,Rural,12,10,Male,Middle,Higher Secondary,34768,82.3,72.7,6.67,1,2.57,0,0.013151512,Low risk...
RJ003403,Bhilwara,Rural,7,15,Female,Lower-Middle,Higher Secondary,11231,73.9,76.5,4.3,0,8.04,0,0.18229483,Low risk...
RJ003404,Kota,Urban,7,18,Male,Low,No formal,5140,76.5,58.2,1.63,1,7.88,0,0.06489084,Low risk...
RJ003405,Alwar,Rural,10,6,Female,Lower-Middle,Graduate+,9565,71.8,63.8,8.64,0,3.34,1,0.899241,High risk...
RJ003406,Sikar,Rural,9,9,Male,Upper-Middle,No formal,57084,83.1,63.9,3.63,0,5.98,0,0.09518369,Low risk...
RJ003407,Barmer,Urban,12,6,Male,Low,Primary,6661,73.7,49.1,0.21,1,5.44,0,0.11108333,Low risk...
RJ003408,Bhilwara,Rural,7,6,Male,Lower-Middle,No formal,16394,84.8,61.2,7.1,1,6.82,0,0.06694479,Low risk...
RJ003409,Jodhpur,Rural,8,15,Female,Lower-Middle,Higher Secondary,13840,77.6,64.4,4.48,1,4.79,0,0.01905577,Low risk...
RJ003410,Jaipur,Urban,4,6,Male,Lower-Middle,Secondary,11261,80.4,64.0,1.51,0,4.18,0,0.07466625,Low risk...
RJ003411,Bikaner,Rural,9,12,Female,Upper-Middle,Primary,57847,90.7,72.2,7.14,1,5.66,0,0.053323813,Low risk...
RJ003412,Jaipur,Urban,1,12,Male,Upper-Middle,Secondary,40359,92.9,61.9,1.84,0,6.33,0,0.038419835,Low risk...
RJ003413,Jaipur,Rural,8,9,Male,Lower-Middle,No formal,10843,77.4,50.8,4.78,1,3.55,0,0.054671023,Low risk...
RJ003414,Kota,Rural,3,18,Male,Low,Primary,4319,73.5,68.8,6.58,1,8.63,0,0.02868827,Low risk...
RJ003415,Sikar,Rural,1,17,Female,Lower-Middle,Primary,10517,77.3,45.9,9.76,1,6.04,0,0.3158,Low risk...
RJ003416,Udaipur,Rural,2,7,Female,Lower-Middle,No formal,10596,82.2,67.8,5.86,1,4.63,0,0.7689513,High risk...
RJ003417,Kota,Rural,6,17,Male,Lower-Middle,Higher Secondary,10899,79.2,64.9,4.87,1,7.54,1,0.88011974,High risk...
RJ003418,Ajmer,Rural,5,8,Female,Low,Secondary,5748,72.7,62.9,7.79,1,5.16,0,0.04400953,Low risk...
RJ003419,Jodhpur,Rural,3,13,Female,Lower-Middle,Primary,13244,78.0,74.9,3.34,1,5.23,1,0.77778673,High risk...
RJ003420,Jaipur,Rural,9,18,Male,Low,No formal,5109,69.3,54.0,1.03,1,4.43,1,0.8633642,High risk...
RJ003421,Sikar,Rural,8,13,Female,Middle,No formal,28643,86.4,70.3,6.11,0,4.82,0,0.025402635,Low risk...
RJ003422,Ajmer,Rural,3,16,Male,Low,Primary,4760,77.6,62.6,2.87,1,5.49,0,0.060463764,Low risk...
RJ003423,Sikar,Urban,2,16,Female,Lower-Middle,Primary,16220,80.5,63.0,0.47,1,6.29,0,0.03002181,Low risk...
RJ003424,Jaipur,Urban,8,11,Female,Low,Primary,4310,71.2,56.5,1.16,1,4.8,1,0.9703599,High risk...
RJ003425,Sikar,Rural,5,15,Male,High,Secondary,106859,90.4,77.8,6.13,0,5.98,0,0.0123415105,Low risk...
RJ003426,Ajmer,Rural,9,14,Male,Lower-Middle,Primary,12996,80.8,58.2,2.12,1,4.37,0,0.04301804,Low risk...
RJ003427,Udaipur,Rural,1,16,Female,Low,Primary,7182,76.1,52.2,7.79,1,4.12,0,0.06452709,Low risk...
RJ003428,Ajmer,Urban,10,17,Female,Lower-Middle,Graduate+,10906,78.6,70.3,0.52,1,6.88,0,0.027060626,Low risk...
RJ003429,Barmer,Rural,3,14,Female,Upper-Middle,Primary,36975,92.1,72.4,3.63,0,4.36,0,0.014298981,Low risk...
RJ003430,Ajmer,Rural,5,9,Male,Middle,Primary,34078,85.1,52.1,3.7,1,5.72,0,0.006498344,Low risk...
RJ003431,Ajmer,Urban,2,17,Male,Middle,Primary,25218,84.0,65.9,1.22,1,6.06,1,0.81853104,High risk...
RJ003432,Bhilwara,Urban,3,6,Male,Low,No formal,6218,72.0,46.9,1.65,1,9.59,1,0.8616754,High risk...
RJ003433,Alwar,Rural,4,6,Male,Middle,No formal,34749,89.9,72.5,5.64,0,5.49,0,0.0016830948,Low risk...
RJ003434,Bikaner,Rural,4,17,Female,Middle,Primary,23381,84.3,51.8,0.1,0,7.44,0,0.13871828,Low risk...
RJ003435,Alwar,Urban,11,15,Female,Lower-Middle,Higher Secondary,9242,75.8,81.3,1.3,0,5.96,1,0.9455784,High risk...
RJ003436,Bikaner,Rural,9,10,Female,Upper-Middle,Secondary,49988,84.6,66.1,3.19,0,7.03,0,0.03718318,Low risk...
RJ003437,Jodhpur,Rural,1,18,Male,Low,Secondary,6530,72.4,54.5,4.73,1,4.29,0,0.049103975,Low risk...
RJ003438,Ajmer,Rural,12,7,Female,Low,Primary,7447,68.2,54.3,0.1,1,6.02,1,0.87716895,High risk...
RJ003439,Bhilwara,Rural,9,11,Female,Upper-Middle,Primary,61585,93.1,75.9,4.67,0,6.83,1,0.9650971,High risk...
RJ003440,Bhilwara,Rural,9,12,Female,Lower-Middle,Primary,10984,80.0,70.7,0.87,1,8.17,1,0.92711943,High risk...
RJ003441,Kota,Rural,11,6,Female,Low,No formal,7232,69.4,52.9,2.95,1,6.62,0,0.12092994,Low risk...
RJ003442,Udaipur,Urban,6,11,Female,Lower-Middle,Primary,12050,82.7,53.7,0.5,1,5.81,0,0.044754844,Low risk...
RJ003443,Jodhpur,Urban,11,13,Female,Upper-Middle,Primary,56189,86.5,57.8,2.27,0,5.09,0,0.0224422,Low risk...
RJ003444,Bhilwara,Urban,1,17,Male,Low,No formal,4890,80.1,63.9,1.0,1,10.0,1,0.8639455,High risk...
RJ003445,Bhilwara,Urban,11,10,Male,Low,No formal,6304,77.6,68.0,0.92,1,10.0,0,0.061483376,Low risk...
RJ003446,Ajmer,Urban,12,17,Female,Low,Primary,4524,73.6,68.7,1.47,1,6.79,0,0.079602875,Low risk...
RJ003447,Sikar,Rural,6,12,Male,Upper-Middle,Primary,49177,89.8,70.8,0.1,0,4.88,1,0.8823723,High risk...
RJ003448,Alwar,Urban,8,15,Male,Upper-Middle,Primary,36823,90.6,77.7,2.28,0,5.34,0,0.00683848,Low risk...
RJ003449,Ajmer,Urban,5,11,Male,Lower-Middle,No formal,16464,80.0,76.8,2.72,1,6.88,1,0.8533619,High risk...
RJ003450,Jaipur,Rural,5,9,Female,Lower-Middle,No formal,13056,74.5,67.7,2.63,1,3.82,0,0.16624717,Low risk...
RJ003451,Bikaner,Urban,1,12,Other,Low,Primary,6423,74.0,67.4,1.53,1,9.62,1,0.9697416,High risk...
RJ003452,Alwar,Rural,1,15,Male,Low,No formal,8284,73.1,50.9,7.31,1,3.89,1,0.87390256,High risk...
RJ003453,Alwar,Urban,8,14,Female,Middle,Primary,26222,82.5,72.8,0.34,1,7.0,0,0.16619863,Low risk...
RJ003454,Kota,Rural,5,15,Female,Low,No formal,7042,79.4,64.8,0.1,1,7.8,0,0.07690709,Low risk...
RJ003455,Bhilwara,Rural,8,15,Male,Lower-Middle,Secondary,8792,81.9,72.3,1.23,1,6.25,1,0.8314461,High risk...
RJ003456,Jodhpur,Rural,10,18,Male,Lower-Middle,Primary,14350,78.8,73.0,0.99,1,4.21,0,0.017631285,Low risk...
RJ003457,Udaipur,Rural,2,12,Female,Low,Primary,4638,77.9,65.2,3.16,1,3.25,0,0.027426375,Low risk...
RJ003458,Alwar,Rural,4,17,Male,Lower-Middle,No formal,14954,74.8,57.6,7.77,0,4.54,0,0.03449534,Low risk...
RJ003459,Alwar,Urban,11,10,Male,Lower-Middle,No formal,15766,79.2,52.5,0.78,1,6.33,0,0.1156265,Low risk...
RJ003460,Ajmer,Rural,10,12,Female,Middle,No formal,23021,86.3,62.9,3.54,1,4.73,0,0.018168904,Low risk...
RJ003461,Kota,Rural,9,8,Male,Low,Graduate+,7888,65.3,63.4,4.05,1,8.61,0,0.07842997,Low risk...
RJ003462,Jodhpur,Rural,3,7,Female,Low,Higher Secondary,6227,77.3,69.0,3.04,1,3.77,0,0.07466605,Low risk...
RJ003463,Ajmer,Rural,6,16,Male,Lower-Middle,No formal,13201,75.2,60.6,6.22,0,4.15,0,0.086604,Low risk...
RJ003464,Ajmer,Rural,11,10,Male,High,Secondary,79015,84.1,76.1,6.58,0,5.81,0,0.006103868,Low risk...
RJ003465,Jodhpur,Rural,7,9,Male,Low,Primary,6201,77.0,68.7,5.77,1,5.12,1,0.8762413,High risk...
RJ003466,Alwar,Rural,3,10,Male,High,No formal,106863,91.0,67.6,0.1,0,6.18,0,0.0032004807,Low risk...
RJ003467,Bikaner,Rural,1,13,Female,Middle,Secondary,34078,85.9,62.8,4.04,1,8.63,0,0.006791562,Low risk...
RJ003468,Alwar,Urban,2,17,Female,Middle,No formal,25303,90.5,70.9,1.78,0,7.05,0,0.038827818,Low risk...
RJ003469,Sikar,Rural,11,9,Female,Low,Primary,6360,70.1,75.6,6.97,1,5.57,1,0.9400284,High risk...
RJ003470,Jodhpur,Rural,10,14,Male,Low,Secondary,4688,71.0,63.2,4.72,1,3.39,0,0.038452987,Low risk...
RJ003471,Jaipur,Urban,7,12,Female,Low,Secondary,5568,72.4,59.1,0.4,0,6.51,0,0.07023131,Low risk...
RJ003472,Sikar,Urban,7,15,Male,Lower-Middle,Graduate+,12711,80.0,74.8,0.84,1,6.82,0,0.07538374,Low risk...
RJ003473,Ajmer,Urban,12,18,Female,High,Secondary,67345,88.8,76.0,1.34,0,6.2,0,0.008699086,Low risk...
RJ003474,Alwar,Rural,1,17,Female,Low,Secondary,6621,76.3,68.5,7.7,1,4.97,1,0.81741846,High risk...
RJ003475,Sikar,Rural,10,12,Male,Lower-Middle,Primary,14156,76.0,72.2,0.1,1,6.05,1,0.91038543,High risk...
RJ003476,Sikar,Urban,7,18,Male,Low,No formal,6930,74.1,61.0,1.82,1,7.0,1,0.71137583,High risk...
RJ003477,Bhilwara,Rural,10,18,Male,Middle,Secondary,25244,84.4,79.2,6.29,0,7.34,0,0.098344795,Low risk...
RJ003478,Udaipur,Rural,11,13,Female,Low,Graduate+,7431,76.7,70.4,3.48,1,3.65,1,0.91863406,High risk...
RJ003479,Udaipur,Rural,6,17,Female,Low,Primary,5542,72.4,71.1,7.09,1,3.78,1,0.10446256,Low risk...
RJ003480,Bikaner,Urban,11,11,Male,Low,Graduate+,6171,70.4,74.4,1.18,1,8.62,0,0.0035857433,Low risk...
RJ003481,Jodhpur,Rural,6,13,Male,Middle,No formal,22228,86.2,72.6,6.08,0,5.52,0,0.028572045,Low risk...
RJ003482,Ajmer,Rural,7,8,Male,Low,Primary,6735,75.9,67.5,1.76,1,3.2,0,0.050333895,Low risk...
RJ003483,Kota,Rural,7,15,Female,Low,No formal,6051,69.7,73.7,5.02,1,7.82,1,0.8494416,High risk...
RJ003484,Bhilwara,Rural,1,15,Male,Low,Primary,5112,76.3,70.0,5.03,1,8.24,1,0.9206828,High risk...
RJ003485,Ajmer,Rural,10,6,Male,High,Secondary,73258,83.0,61.0,1.93,0,3.16,0,0.0032699553,Low risk...
RJ003486,Ajmer,Rural,5,11,Male,Lower-Middle,Primary,10748,79.2,65.1,7.01,1,4.93,0,0.090247944,Low risk...
RJ003487,Kota,Urban,8,6,Female,Middle,Higher Secondary,33441,87.7,70.9,0.93,1,9.85,0,0.0036818953,Low risk...
RJ003488,Jaipur,Urban,8,14,Female,Middle,Primary,26634,82.3,81.5,2.25,0,4.36,0,0.046878673,Low risk...
RJ003489,Jaipur,Rural,3,7,Female,Low,Primary,6941,75.5,70.9,0.12,1,3.88,0,0.07541859,Low risk...
RJ003490,Bikaner,Urban,3,16,Male,Lower-Middle,Secondary,16252,79.4,81.9,0.43,1,7.83,0,0.055728517,Low risk...
RJ003491,Jaipur,Urban,7,7,Male,Low,No formal,4965,70.4,49.7,0.81,1,5.15,0,0.023343131,Low risk...
RJ003492,Ajmer,Rural,4,12,Male,Lower-Middle,Secondary,16270,83.4,76.9,0.7,1,6.28,0,0.003563931,Low risk...
RJ003493,Barmer,Urban,6,7,Male,Lower-Middle,No formal,12933,76.4,48.4,2.12,0,7.89,1,0.84766287,High risk...
RJ003494,Barmer,Rural,9,15,Male,Lower-Middle,Primary,15592,78.9,50.2,5.74,1,4.95,0,0.025986798,Low risk...
RJ003495,Ajmer,Rural,10,13,Male,Low,Secondary,4906,72.4,58.3,0.67,1,3.72,1,0.9152458,High risk...
RJ003496,Jodhpur,Urban,2,11,Female,Low,Higher Secondary,5346,72.9,76.2,1.45,1,5.28,0,0.057119504,Low risk...
RJ003497,Barmer,Urban,2,12,Male,Middle,Secondary,20898,88.0,62.9,0.95,0,4.38,0,0.015435181,Low risk...
RJ003498,Barmer,Urban,6,12,Male,Middle,Secondary,28935,82.7,67.5,0.51,0,5.9,0,0.028802516,Low risk...
RJ003499,Jodhpur,Urban,3,11,Female,Low,Secondary,4791,76.6,73.5,1.24,1,6.56,1,0.14959684,Low risk...
RJ003500,Alwar,Urban,1,15,Female,Low,Primary,7529,72.1,65.6,0.99,1,5.5,1,0.91462505,High risk...
RJ003501,Kota,Urban,2,16,Female,Upper-Middle,Higher Secondary,39389,90.5,92.4,1.48,0,8.66,0,0.0010548759,Low risk...
RJ003502,Sikar,Rural,7,14,Female,Middle,Primary,21971,84.2,66.1,0.26,0,4.6,0,0.0195821,Low risk...
RJ003503,Bhilwara,Urban,4,18,Male,High,No formal,71743,96.8,68.0,1.35,0,10.0,0,0.012430369,Low risk...
RJ003504,Jaipur,Rural,12,14,Female,Low,Primary,7335,70.9,49.4,2.62,1,4.01,0,0.032388635,Low risk...
RJ003505,Barmer,Rural,2,12,Female,Lower-Middle,No formal,16163,84.4,61.2,7.84,0,5.55,0,0.026248103,Low risk...
RJ003506,Ajmer,Rural,11,14,Male,Low,No formal,8012,72.7,48.3,2.5,1,5.29,1,0.8527598,High risk...
RJ003507,Bhilwara,Rural,12,18,Male,Lower-Middle,Primary,9251,78.1,48.1,3.76,1,7.91,0,0.13580148,Low risk...
RJ003508,Bikaner,Urban,12,15,Male,Low,No formal,5302,69.5,70.9,2.16,0,9.85,1,0.981232,High risk...
RJ003509,Barmer,Rural,8,8,Male,Low,Secondary,7023,75.6,63.8,1.05,1,4.73,0,0.067664154,Low risk...
RJ003510,Jaipur,Rural,4,8,Male,Low,Secondary,6798,73.4,82.8,0.91,1,3.08,0,0.036202226,Low risk...
RJ003511,Kota,Urban,4,6,Male,Middle,Secondary,23626,81.3,60.1,2.19,0,7.94,0,0.062497795,Low risk...
RJ003512,Jaipur,Rural,2,10,Male,Lower-Middle,Primary,15648,80.9,60.7,3.92,1,5.37,0,0.083419435,Low risk...
RJ003513,Bhilwara,Urban,1,9,Male,Lower-Middle,Secondary,9496,83.4,61.8,0.5,1,9.47,0,0.00063716056,Low risk...
RJ003514,Sikar,Urban,1,7,Male,Upper-Middle,No formal,51630,87.2,60.7,0.1,0,4.69,0,0.17708685,Low risk...
RJ003515,Barmer,Rural,3,14,Male,Middle,Secondary,22279,84.3,75.6,3.37,0,4.45,0,0.024011243,Low risk...
RJ003516,Bhilwara,Rural,6,8,Male,Lower-Middle,Primary,12828,75.8,65.6,6.3,0,7.57,0,0.060109247,Low risk...
RJ003517,Jaipur,Urban,7,13,Female,High,Primary,77699,94.4,79.2,0.88,0,6.78,1,0.8883784,High risk...
RJ003518,Bikaner,Rural,9,11,Male,Lower-Middle,Primary,16630,83.0,76.1,0.1,0,6.16,0,0.14317007,Low risk...
RJ003519,Jaipur,Rural,5,18,Female,Low,Secondary,6244,73.4,70.9,6.54,1,4.04,0,0.012918631,Low risk...
RJ003520,Jodhpur,Rural,9,10,Female,High,Higher Secondary,110661,92.6,67.9,1.97,0,3.69,0,0.015725333,Low risk...
RJ003521,Jodhpur,Urban,8,6,Female,Low,Secondary,5271,74.0,58.2,1.22,1,4.4,0,0.091279,Low risk...
RJ003522,Bikaner,Rural,1,9,Female,Lower-Middle,No formal,14851,86.7,66.5,2.12,1,8.61,0,0.006897864,Low risk...
RJ003523,Jodhpur,Rural,11,8,Male,Low,Primary,7212,69.0,86.8,1.08,1,3.13,0,0.008209006,Low risk...
RJ003524,Jaipur,Urban,12,6,Male,Lower-Middle,Higher Secondary,15520,75.8,72.1,0.72,0,6.08,0,0.060259663,Low risk...
RJ003525,Jodhpur,Rural,3,17,Female,Lower-Middle,Primary,14226,80.0,64.5,5.02,1,2.5,0,0.4158482,Moderate risk..
RJ003526,Jaipur,Rural,8,10,Male,Low,Graduate+,7066,72.7,71.5,0.1,1,3.12,0,0.021108929,Low risk...
RJ003527,Bhilwara,Urban,9,11,Female,Lower-Middle,Primary,13950,85.5,62.1,0.92,1,9.22,0,0.021404441,Low risk...
RJ003528,Alwar,Rural,4,7,Female,Middle,Graduate+,34738,86.6,76.6,7.1,0,6.08,0,0.019207088,Low risk...
RJ003529,Bhilwara,Urban,12,8,Male,Low,Graduate+,5158,67.9,70.9,0.58,1,9.09,1,0.8866141,High risk...
RJ003530,Bikaner,Rural,6,16,Male,Lower-Middle,Secondary,8653,76.0,63.4,8.76,1,8.25,1,0.1690571,Low risk...
RJ003531,Kota,Rural,4,11,Male,Low,No formal,7047,78.3,54.4,10.18,1,7.08,1,0.8777203,High risk...
RJ003532,Sikar,Urban,9,9,Male,Middle,Primary,20516,81.4,63.8,0.58,1,8.3,0,0.016790189,Low risk...
RJ003533,Kota,Rural,2,14,Male,Middle,Higher Secondary,29389,89.5,71.5,5.23,1,7.73,0,0.12716313,Low risk...
RJ003534,Kota,Rural,6,10,Female,Upper-Middle,Higher Secondary,41570,87.5,62.0,4.41,0,8.11,0,0.05313593,Low risk...
RJ003535,Jodhpur,Rural,11,9,Female,Low,No formal,4382,67.2,49.2,8.54,1,4.46,1,0.96012694,High risk...
RJ003536,Jaipur,Urban,3,7,Male,Low,Primary,7433,76.8,50.5,1.11,1,5.6,0,0.032661974,Low risk...
RJ003537,Jodhpur,Urban,10,11,Male,Low,Higher Secondary,4417,69.6,52.3,0.1,0,4.59,0,0.017181756,Low risk...
RJ003538,Kota,Rural,4,15,Female,Low,Secondary,5141,75.8,54.4,6.76,0,6.43,1,0.9259554,High risk...
RJ003539,Alwar,Rural,2,7,Female,Lower-Middle,Higher Secondary,11226,83.0,77.8,6.44,1,4.82,1,0.95161,High risk...
RJ003540,Jaipur,Rural,11,17,Female,High,Higher Secondary,63434,91.6,87.3,3.87,0,4.13,0,0.032844733,Low risk...
RJ003541,Jodhpur,Rural,8,18,Female,Lower-Middle,Higher Secondary,16074,77.7,54.7,8.18,1,3.51,1,0.8794199,High risk...
RJ003542,Sikar,Rural,10,12,Male,High,No formal,90823,92.6,81.7,4.7,0,5.12,0,0.01414795,Low risk...
RJ003543,Jaipur,Urban,8,8,Male,Low,No formal,7877,69.7,46.3,0.96,1,5.04,1,0.8574706,High risk...
RJ003544,Kota,Urban,1,14,Female,Upper-Middle,No formal,52985,84.6,70.2,0.1,0,10.0,0,0.09654665,Low risk...
RJ003545,Barmer,Rural,10,16,Female,Low,Graduate+,8366,73.6,68.7,3.82,1,5.3,0,0.14300446,Low risk...
RJ003546,Jodhpur,Rural,6,10,Male,Upper-Middle,Primary,48042,90.0,74.7,4.15,0,2.63,0,0.035369016,Low risk...
RJ003547,Jaipur,Rural,1,13,Male,Low,No formal,4426,74.2,48.7,1.64,1,3.77,1,0.8981936,High risk...
RJ003548,Udaipur,Rural,6,16,Female,Upper-Middle,Primary,36567,85.1,52.2,12.8,0,3.67,0,0.0068918304,Low risk...
RJ003549,Kota,Rural,7,11,Male,Low,Primary,6671,66.9,49.3,2.58,1,7.14,1,0.9146252,High risk...
RJ003550,Udaipur,Rural,2,17,Female,Low,Higher Secondary,5660,75.7,69.2,6.19,1,3.98,1,0.93957686,High risk...
RJ003551,Sikar,Urban,9,15,Male,Lower-Middle,Secondary,9348,82.9,83.4,0.19,1,8.04,0,0.015732981,Low risk...
RJ003552,Jaipur,Rural,8,13,Male,Lower-Middle,Secondary,10400,78.1,56.6,0.1,1,2.8,0,0.051407486,Low risk...
RJ003553,Ajmer,Rural,9,18,Male,Middle,No formal,25805,82.9,62.4,5.83,0,5.2,0,0.011038311,Low risk...
RJ003554,Udaipur,Rural,10,18,Female,High,Higher Secondary,85018,90.4,68.6,4.07,0,4.27,0,0.021340618,Low risk...
RJ003555,Jaipur,Rural,4,16,Female,Lower-Middle,No formal,16250,87.0,65.6,9.38,1,3.39,0,0.06052279,Low risk...
RJ003556,Ajmer,Rural,4,17,Female,Middle,Secondary,19087,88.8,55.8,1.27,1,4.36,0,0.020706866,Low risk...
RJ003557,Kota,Rural,12,8,Female,Low,No formal,5703,67.7,66.1,1.74,1,6.62,0,0.018931542,Low risk...
RJ003558,Udaipur,Urban,8,8,Male,Lower-Middle,No formal,12651,78.6,60.9,0.1,1,5.06,0,0.02704798,Low risk...
RJ003559,Jaipur,Rural,1,10,Male,Lower-Middle,No formal,9351,83.0,70.6,2.52,1,4.35,0,0.043001413,Low risk...
RJ003560,Bikaner,Rural,8,16,Female,Upper-Middle,Secondary,53166,85.3,67.3,2.62,0,6.91,1,0.77351224,High risk...
RJ003561,Kota,Urban,7,15,Female,Lower-Middle,Secondary,12726,81.3,68.3,1.05,0,8.77,0,0.04713374,Low risk...
RJ003562,Sikar,Urban,12,8,Female,Middle,No formal,25541,80.0,70.5,0.55,0,5.76,0,0.045705047,Low risk...
RJ003563,Jaipur,Rural,7,13,Female,Low,Primary,6956,68.5,57.8,1.65,1,3.14,0,0.02739936,Low risk...
RJ003564,Bikaner,Urban,9,15,Male,Low,Higher Secondary,5409,72.2,65.1,0.1,1,8.99,1,0.893394,High risk...
RJ003565,Bikaner,Rural,10,18,Male,Lower-Middle,No formal,11250,77.3,53.5,5.21,1,5.6,0,0.0998073,Low risk...
RJ003566,Alwar,Rural,7,17,Female,Low,No formal,4883,73.0,53.0,5.01,1,6.41,0,0.05877087,Low risk...
RJ003567,Ajmer,Urban,2,13,Male,Low,Primary,6400,73.2,51.4,0.66,0,5.91,0,0.08425145,Low risk...
RJ003568,Alwar,Rural,1,7,Male,Low,Higher Secondary,5764,74.1,59.0,0.1,1,7.12,0,0.04410975,Low risk...
RJ003569,Sikar,Rural,1,17,Female,Middle,Primary,22056,91.4,80.4,3.85,0,5.83,0,0.0025995132,Low risk...
RJ003570,Barmer,Rural,7,9,Male,Low,Graduate+,4724,74.3,81.5,3.77,1,2.86,0,0.046383783,Low risk...
RJ003571,Kota,Rural,5,15,Female,Upper-Middle,Primary,32232,87.1,57.9,2.06,0,7.65,0,0.050298974,Low risk...
RJ003572,Udaipur,Rural,4,18,Male,Low,Primary,5012,68.6,59.9,7.84,1,3.66,0,0.06168841,Low risk...
RJ003573,Barmer,Urban,5,6,Female,Low,No formal,5239,71.3,53.7,0.73,0,6.49,0,0.14120096,Low risk...
RJ003574,Bhilwara,Urban,10,9,Female,Lower-Middle,Secondary,12478,78.0,76.0,2.29,1,10.0,0,0.013303192,Low risk...
RJ003575,Barmer,Urban,10,17,Female,Lower-Middle,No formal,10424,75.6,59.9,2.12,0,6.9,0,0.06258899,Low risk...
RJ003576,Kota,Rural,6,18,Male,Lower-Middle,Secondary,15268,77.4,64.4,9.2,1,7.15,0,0.01699118,Low risk...
RJ003577,Jodhpur,Rural,12,18,Male,Lower-Middle,No formal,12383,74.7,52.4,0.54,1,2.7,0,0.61538196,Moderate risk..
RJ003578,Udaipur,Rural,10,16,Male,Low,Primary,6820,71.3,46.1,2.51,1,4.85,0,0.07306866,Low risk...
RJ003579,Alwar,Rural,6,18,Male,Middle,Higher Secondary,21139,87.9,79.2,2.64,1,5.87,0,0.29355675,Low risk...
RJ003580,Udaipur,Urban,1,9,Female,Lower-Middle,Secondary,11895,82.0,70.0,2.26,1,6.64,0,0.042212278,Low risk...
RJ003581,Udaipur,Urban,2,15,Male,Low,No formal,6732,75.7,61.9,1.48,1,5.33,0,0.31220743,Low risk...
RJ003582,Sikar,Rural,3,14,Male,Middle,Secondary,22943,86.3,65.0,0.1,0,5.71,0,0.0072066216,Low risk...
RJ003583,Kota,Rural,4,8,Male,Middle,Secondary,23383,85.0,67.8,1.95,0,7.13,1,0.099702045,Low risk...
RJ003584,Barmer,Rural,6,7,Female,Lower-Middle,No formal,15182,82.2,69.1,5.34,1,4.78,0,0.27653372,Low risk...
RJ003585,Bikaner,Urban,12,14,Male,Middle,Primary,32151,84.7,74.3,0.1,1,7.25,0,0.005504435,Low risk...
RJ003586,Kota,Rural,12,14,Female,Upper-Middle,Primary,48288,92.6,61.7,2.79,1,7.69,0,0.010107691,Low risk...
RJ003587,Bikaner,Rural,11,6,Female,Lower-Middle,Primary,15930,78.8,57.8,4.52,1,7.65,0,0.04361786,Low risk...
RJ003588,Sikar,Rural,9,11,Female,Low,Secondary,7294,70.5,49.2,1.06,1,4.91,0,0.05574844,Low risk...
RJ003589,Jaipur,Urban,12,15,Female,Upper-Middle,No formal,33242,83.8,65.4,1.23,0,5.72,1,0.9663086,High risk...
RJ003590,Jodhpur,Rural,2,13,Male,Low,No formal,6550,78.4,67.6,5.84,1,4.97,1,0.9284051,High risk...
RJ003591,Bhilwara,Rural,8,8,Female,Low,Primary,7131,70.1,55.4,4.12,1,8.55,1,0.89864343,High risk...
RJ003592,Jodhpur,Rural,9,16,Male,Low,Graduate+,6472,74.4,61.8,8.28,1,3.07,1,0.8774629,High risk...
RJ003593,Udaipur,Urban,2,14,Female,Middle,Secondary,32060,85.2,66.4,0.1,0,6.15,0,0.0330452,Low risk...
RJ003594,Ajmer,Urban,9,7,Female,Upper-Middle,No formal,40976,89.0,85.4,0.1,0,7.84,0,0.0024381238,Low risk...
RJ003595,Udaipur,Rural,7,11,Male,Lower-Middle,Primary,8950,75.8,70.6,3.04,1,3.63,1,0.8729263,High risk...
RJ003596,Ajmer,Urban,9,6,Male,High,Primary,91483,93.3,77.4,0.7,0,7.89,0,0.0039787516,Low risk...
RJ003597,Jodhpur,Rural,6,18,Female,Low,Secondary,7269,69.8,62.4,2.02,0,3.37,0,0.02479807,Low risk...
RJ003598,Udaipur,Urban,2,12,Female,Low,Primary,7414,76.3,61.3,0.34,1,5.55,0,0.46548617,Moderate risk..
RJ003599,Kota,Urban,8,8,Male,Lower-Middle,Graduate+,8493,77.9,62.0,1.47,0,7.14,0,0.20857921,Low risk...
RJ003600,Alwar,Rural,10,12,Male,High,No formal,93709,90.8,59.5,5.19,0,3.49,0,0.0014934978,Low risk...
RJ003601,Jaipur,Rural,9,9,Male,Lower-Middle,Secondary,8574,76.8,59.5,10.77,1,2.06,0,0.24323139,Low risk...
RJ003602,Ajmer,Rural,12,14,Male,Low,Secondary,7454,69.2,51.9,4.74,1,6.42,0,0.08683645,Low risk...
RJ003603,Jodhpur,Rural,8,10,Female,Low,Higher Secondary,7153,73.0,59.3,3.03,1,3.32,0,0.010801724,Low risk...
RJ003604,Kota,Urban,2,8,Female,Low,Primary,6583,72.5,58.3,1.07,1,8.1,0,0.008711302,Low risk...
RJ003605,Jodhpur,Rural,8,13,Male,Low,Secondary,6327,69.5,59.5,0.1,1,4.5,0,0.03899499,Low risk...
RJ003606,Jodhpur,Urban,3,11,Male,Low,Primary,7203,73.9,55.0,2.45,1,4.85,0,0.06196972,Low risk...
RJ003607,Sikar,Rural,3,7,Male,Upper-Middle,Primary,33302,89.8,73.4,9.11,0,6.62,0,0.024855081,Low risk...
RJ003608,Kota,Urban,9,8,Male,Lower-Middle,Higher Secondary,15390,75.0,63.9,1.6,1,10.0,1,0.85510427,High risk...
RJ003609,Bhilwara,Urban,9,13,Female,Middle,Graduate+,21021,86.8,76.3,1.99,0,6.43,0,0.13419785,Low risk...
RJ003610,Bhilwara,Urban,9,15,Male,Low,Secondary,6207,71.0,54.6,0.25,1,9.17,0,0.014241324,Low risk...
RJ003611,Ajmer,Urban,4,12,Female,Low,Primary,6245,73.8,65.4,0.63,1,4.44,1,0.8769806,High risk...
RJ003612,Jaipur,Rural,12,15,Female,Lower-Middle,Higher Secondary,14928,72.5,59.6,9.74,1,2.25,1,0.95929104,High risk...
RJ003613,Kota,Rural,7,11,Female,Upper-Middle,No formal,37579,95.2,83.5,0.1,0,7.85,0,0.029268792,Low risk...
RJ003614,Sikar,Rural,8,6,Male,Lower-Middle,No formal,10918,85.8,63.2,5.0,1,4.47,0,0.107548416,Low risk...
RJ003615,Kota,Rural,5,14,Male,Upper-Middle,Secondary,52388,87.7,69.9,0.1,0,7.63,0,0.016145017,Low risk...
RJ003616,Jaipur,Urban,1,8,Male,Middle,Primary,24724,91.7,75.4,1.86,0,5.14,0,0.002683829,Low risk...
RJ003617,Udaipur,Urban,9,10,Female,Low,Graduate+,5455,71.7,72.0,0.33,1,3.83,0,0.036682244,Low risk...
RJ003618,Barmer,Urban,6,12,Female,Low,Primary,6810,78.3,69.9,1.21,1,6.85,0,0.07598825,Low risk...
RJ003619,Sikar,Urban,3,12,Male,Middle,Primary,19015,88.0,82.6,0.46,1,7.21,0,0.0041403607,Low risk...
RJ003620,Jodhpur,Rural,3,8,Male,Lower-Middle,Secondary,15034,81.3,72.1,0.1,1,4.13,0,0.043471795,Low risk...
RJ003621,Alwar,Rural,10,9,Female,Low,Secondary,6404,64.0,55.9,3.73,1,4.71,0,0.033866517,Low risk...
RJ003622,Jodhpur,Rural,1,15,Female,Lower-Middle,Primary,10131,79.4,59.0,0.35,1,4.48,0,0.029154986,Low risk...
RJ003623,Jodhpur,Urban,8,12,Other,Lower-Middle,No formal,11832,78.6,59.6,0.1,1,4.3,0,0.0045768027,Low risk...
RJ003624,Barmer,Urban,2,13,Male,Upper-Middle,Secondary,35629,92.1,85.1,1.52,0,5.19,0,0.0017184394,Low risk...
RJ003625,Jodhpur,Urban,12,7,Male,Low,Primary,6790,66.9,44.6,2.29,1,5.92,0,0.019057196,Low risk...
RJ003626,Jodhpur,Urban,1,14,Male,Low,No formal,7011,73.8,51.2,1.62,1,6.62,0,0.1941035,Low risk...
RJ003627,Jaipur,Rural,7,12,Male,Lower-Middle,Secondary,11804,80.7,64.7,0.1,0,3.13,0,0.031130696,Low risk...
RJ003628,Barmer,Urban,11,18,Female,Middle,No formal,23445,78.9,54.2,2.43,0,6.65,0,0.013775994,Low risk...
RJ003629,Sikar,Rural,9,13,Male,Lower-Middle,Graduate+,15538,78.4,66.3,4.48,1,5.62,0,0.038298786,Low risk...
RJ003630,Ajmer,Rural,6,11,Male,Upper-Middle,Secondary,49646,93.2,88.4,1.58,0,5.41,0,0.01909798,Low risk...
RJ003631,Alwar,Urban,8,11,Female,Middle,Graduate+,29173,85.7,71.5,1.3,1,6.17,0,0.13316908,Low risk...
RJ003632,Jodhpur,Rural,8,14,Male,Lower-Middle,Primary,9471,79.5,66.6,9.03,1,3.94,0,0.032368556,Low risk...
RJ003633,Bikaner,Rural,9,9,Female,Low,Graduate+,7196,65.9,48.8,1.05,1,7.23,0,0.026281476,Low risk...
RJ003634,Kota,Urban,7,16,Male,Lower-Middle,No formal,12135,76.5,50.6,0.1,1,10.0,0,0.6725607,Moderate risk..
RJ003635,Jaipur,Rural,9,16,Female,Middle,No formal,23917,90.2,75.1,0.46,0,2.51,0,0.009561345,Low risk...
RJ003636,Udaipur,Urban,9,10,Male,Middle,No formal,33765,82.2,76.2,1.02,0,4.07,0,0.0018929978,Low risk...
RJ003637,Bhilwara,Urban,12,14,Female,High,Primary,59020,93.3,73.4,0.77,0,10.0,0,0.02527911,Low risk...
RJ003638,Jaipur,Rural,11,6,Male,Lower-Middle,No formal,10043,75.2,56.2,4.06,1,3.92,1,0.9646713,High risk...
RJ003639,Kota,Rural,1,9,Male,Lower-Middle,Primary,11550,81.2,68.3,6.69,1,7.92,0,0.111431524,Low risk...
RJ003640,Jodhpur,Urban,6,12,Female,Low,Primary,5561,75.0,39.8,0.1,1,6.24,0,0.03568427,Low risk...
RJ003641,Jodhpur,Urban,12,16,Male,Low,Primary,6345,70.8,59.9,2.49,1,6.37,1,0.8918046,High risk...
RJ003642,Barmer,Rural,8,14,Male,Low,Secondary,5884,73.6,53.8,4.12,1,5.59,1,0.84567595,High risk...
RJ003643,Bikaner,Urban,10,18,Female,Low,No formal,7511,69.0,61.3,0.1,1,9.54,0,0.04399199,Low risk...
RJ003644,Bikaner,Urban,9,16,Female,Lower-Middle,Secondary,14851,74.6,45.2,2.15,1,9.89,0,0.09962441,Low risk...
RJ003645,Sikar,Rural,4,17,Male,Low,Secondary,7444,71.8,56.1,1.97,1,5.58,0,0.14606498,Low risk...
RJ003646,Jodhpur,Rural,2,18,Male,Lower-Middle,Higher Secondary,11503,79.9,68.0,0.39,0,5.17,0,0.09952811,Low risk...
RJ003647,Udaipur,Urban,11,15,Male,Lower-Middle,Primary,11822,76.3,55.3,0.86,1,7.37,0,0.11925985,Low risk...
RJ003648,Bikaner,Rural,9,11,Male,Lower-Middle,Graduate+,14452,81.1,68.2,2.5,0,7.46,0,0.040237457,Low risk...
RJ003649,Ajmer,Rural,9,17,Female,Lower-Middle,Secondary,9443,78.3,72.2,5.58,0,5.48,0,0.047882408,Low risk...
RJ003650,Bhilwara,Rural,12,13,Female,Low,Graduate+,7778,72.0,65.5,4.22,1,6.57,0,0.23285854,Low risk...
RJ003651,Sikar,Rural,8,18,Male,High,No formal,86310,91.9,61.2,4.04,0,5.25,1,0.8007775,High risk...
RJ003652,Bikaner,Rural,3,14,Female,Low,Secondary,7764,71.7,68.5,6.95,1,7.62,0,0.05232056,Low risk...
RJ003653,Sikar,Urban,5,15,Female,Upper-Middle,Higher Secondary,56498,90.1,76.5,1.76,0,6.52,0,0.016758,Low risk...
RJ003654,Jodhpur,Urban,2,9,Female,Low,No formal,5772,75.9,61.4,2.17,1,5.69,0,0.0703437,Low risk...
RJ003655,Jaipur,Rural,3,6,Male,Lower-Middle,Secondary,9253,83.3,60.8,0.1,1,3.95,1,0.09184273,Low risk...
RJ003656,Jodhpur,Rural,1,13,Male,Low,Higher Secondary,8067,72.8,43.7,8.35,1,5.61,1,0.9794373,High risk...
RJ003657,Kota,Rural,4,7,Female,Low,Secondary,5647,68.4,51.8,4.6,1,6.51,1,0.3415077,Low risk...
RJ003658,Udaipur,Rural,5,16,Male,Lower-Middle,No formal,11539,80.5,53.7,2.43,1,4.4,0,0.049165417,Low risk...
RJ003659,Ajmer,Rural,12,6,Male,Middle,Secondary,33408,83.6,63.3,0.1,1,4.4,0,0.0052378923,Low risk...
RJ003660,Barmer,Rural,2,18,Male,Low,No formal,8053,75.0,51.8,2.2,1,5.46,0,0.21194889,Low risk...
RJ003661,Udaipur,Rural,3,12,Male,Lower-Middle,Higher Secondary,10608,81.1,70.0,3.51,1,4.82,0,0.62167776,Moderate risk..
RJ003662,Udaipur,Rural,12,17,Female,Low,No formal,4574,73.1,64.4,4.58,1,5.65,1,0.7886628,High risk...
RJ003663,Jaipur,Urban,6,15,Female,Lower-Middle,No formal,8409,78.1,69.0,1.43,1,4.69,0,0.074399814,Low risk...
RJ003664,Jaipur,Rural,6,14,Male,Upper-Middle,Primary,45306,88.7,75.5,4.22,1,3.76,0,0.020276688,Low risk...
RJ003665,Udaipur,Rural,7,16,Male,Upper-Middle,Secondary,49410,89.2,64.3,4.96,0,4.78,0,0.025741354,Low risk...
RJ003666,Bikaner,Rural,12,17,Female,Lower-Middle,Graduate+,10671,72.8,66.7,5.05,1,7.92,1,0.88438815,High risk...
RJ003667,Sikar,Rural,9,17,Male,Low,No formal,5291,71.5,68.9,3.02,1,2.92,0,0.025374329,Low risk...
RJ003668,Jodhpur,Urban,4,14,Female,Low,No formal,5698,74.3,45.4,1.44,1,4.91,0,0.05169908,Low risk...
RJ003669,Jaipur,Rural,5,8,Female,High,Primary,70733,97.9,85.1,3.68,0,4.18,1,0.78882676,High risk...
RJ003670,Bikaner,Rural,11,11,Male,Low,Higher Secondary,7805,70.1,54.5,5.88,1,7.06,1,0.9203517,High risk...
RJ003671,Jodhpur,Rural,2,12,Female,Middle,Primary,28750,88.1,70.8,1.26,0,4.91,0,0.038905565,Low risk...
RJ003672,Jaipur,Rural,6,15,Female,Lower-Middle,Primary,15363,82.3,68.3,2.48,1,4.65,0,0.06438024,Low risk...
RJ003673,Alwar,Urban,4,14,Male,High,Secondary,104187,91.0,74.1,1.05,0,6.65,0,0.001133339,Low risk...
RJ003674,Jaipur,Rural,5,7,Male,Lower-Middle,Primary,12054,84.1,83.9,0.77,1,4.21,0,0.15059933,Low risk...
RJ003675,Ajmer,Rural,7,13,Female,Lower-Middle,Primary,12412,84.3,63.8,4.34,1,6.46,0,0.04511244,Low risk...
RJ003676,Kota,Rural,6,12,Male,Lower-Middle,Primary,16614,79.4,50.1,2.36,0,8.39,1,0.8645935,High risk...
RJ003677,Jodhpur,Rural,8,9,Female,High,Higher Secondary,101743,89.9,77.2,5.52,0,3.32,0,0.012416785,Low risk...
RJ003678,Kota,Rural,6,7,Female,High,Graduate+,100682,97.4,79.6,8.12,1,7.19,0,0.101514556,Low risk...
RJ003679,Sikar,Urban,10,13,Male,Middle,Secondary,27715,85.9,74.0,0.32,0,6.94,0,0.003399359,Low risk...
RJ003680,Bikaner,Rural,8,16,Male,Middle,Primary,25570,84.7,73.5,6.27,0,6.33,0,0.06889059,Low risk...
RJ003681,Alwar,Urban,4,10,Male,Lower-Middle,Primary,15915,84.8,66.2,2.02,0,7.93,0,0.030655427,Low risk...
RJ003682,Jaipur,Rural,12,11,Male,Middle,No formal,31580,86.5,68.9,2.85,0,2.97,0,0.012126915,Low risk...
RJ003683,Sikar,Urban,7,16,Female,Upper-Middle,Secondary,47779,88.0,72.0,1.47,1,6.81,0,0.017042074,Low risk...
RJ003684,Jodhpur,Urban,3,12,Female,Lower-Middle,Secondary,10672,81.7,81.4,2.32,1,6.67,0,0.074960135,Low risk...
RJ003685,Alwar,Rural,1,15,Female,Lower-Middle,Higher Secondary,9637,83.7,67.7,3.48,1,4.91,0,0.4040114,Moderate risk..
RJ003686,Udaipur,Rural,9,6,Male,Lower-Middle,No formal,13043,78.1,54.9,7.93,1,3.64,1,0.9227657,High risk...
RJ003687,Bhilwara,Rural,9,13,Female,Lower-Middle,Secondary,10887,73.8,69.3,3.64,1,7.49,1,0.3703088,Low risk...
RJ003688,Bikaner,Rural,6,9,Female,Upper-Middle,Secondary,39823,86.7,62.6,0.1,0,6.86,0,0.025489932,Low risk...
RJ003689,Jaipur,Rural,2,18,Female,Lower-Middle,Primary,9289,77.4,65.2,3.56,0,5.14,1,0.6976481,Moderate risk..
RJ003690,Jaipur,Rural,8,14,Male,Low,Secondary,4345,74.0,61.0,0.1,0,2.7,1,0.9104525,High risk...
RJ003691,Sikar,Rural,10,6,Female,Lower-Middle,Graduate+,14980,73.9,66.0,3.05,1,3.12,1,0.87446356,High risk...
RJ003692,Udaipur,Rural,6,16,Female,Low,Higher Secondary,4654,74.1,84.4,2.93,1,4.82,0,0.03764575,Low risk...
RJ003693,Sikar,Rural,7,7,Male,Lower-Middle,Secondary,15864,84.5,78.6,9.45,1,5.05,0,0.03137043,Low risk...
RJ003694,Jodhpur,Rural,1,11,Other,Upper-Middle,No formal,38234,96.3,79.5,8.83,1,3.29,0,0.0025962982,Low risk...
RJ003695,Kota,Rural,3,16,Male,Lower-Middle,Higher Secondary,14781,75.5,69.9,4.26,1,7.76,1,0.5947522,Moderate risk..
RJ003696,Jaipur,Urban,1,15,Male,Upper-Middle,Secondary,57424,88.2,65.4,1.47,0,5.53,0,0.0075706746,Low risk...
RJ003697,Bhilwara,Rural,10,16,Female,Low,Primary,7529,69.2,59.2,2.81,1,6.39,0,0.020615997,Low risk...
RJ003698,Alwar,Urban,1,6,Male,Upper-Middle,No formal,58995,88.5,71.3,0.96,0,8.05,0,0.025471019,Low risk...
RJ003699,Bhilwara,Urban,12,9,Female,Lower-Middle,No formal,11254,71.5,58.0,1.07,1,9.51,0,0.0073983027,Low risk...
RJ003700,Jodhpur,Urban,12,13,Female,Low,No formal,8341,70.5,56.6,1.59,1,7.57,1,0.8651788,High risk...
RJ003701,Ajmer,Rural,11,15,Male,Lower-Middle,Secondary,10749,79.1,62.3,1.19,1,4.54,0,0.102532454,Low risk...
RJ003702,Alwar,Urban,1,10,Male,High,No formal,108321,97.9,74.4,1.83,0,7.02,0,0.0047923396,Low risk...
RJ003703,Kota,Rural,4,18,Female,Low,No formal,6037,73.1,53.2,6.82,1,7.61,1,0.8843293,High risk...
RJ003704,Barmer,Rural,7,14,Female,Lower-Middle,Primary,8878,78.2,68.1,0.1,1,4.37,0,0.021470586,Low risk...
RJ003705,Bhilwara,Rural,7,16,Female,Upper-Middle,Primary,56225,90.1,53.5,5.67,1,7.56,1,0.0038062134,Low risk...
RJ003706,Barmer,Rural,12,16,Female,Low,No formal,7507,70.2,66.5,3.06,1,5.17,1,0.8562191,High risk...
RJ003707,Alwar,Rural,5,11,Male,Lower-Middle,No formal,10057,82.4,52.4,5.68,1,5.84,1,0.8275776,High risk...
RJ003708,Kota,Rural,12,6,Male,Lower-Middle,No formal,15318,77.8,51.6,6.96,1,7.05,1,0.9310272,High risk...
RJ003709,Kota,Rural,6,11,Female,Low,Secondary,4862,72.4,64.7,1.38,1,7.16,0,0.03946141,Low risk...
RJ003710,Bhilwara,Rural,2,11,Female,Lower-Middle,No formal,9672,75.9,63.4,0.58,1,6.58,0,0.050787255,Low risk...
RJ003711,Jaipur,Rural,5,18,Male,Low,Secondary,7597,78.5,81.7,8.4,0,2.86,1,0.8872455,High risk...
RJ003712,Alwar,Rural,7,11,Female,Middle,No formal,22579,82.9,65.6,3.83,1,5.3,0,0.039806813,Low risk...
RJ003713,Alwar,Urban,9,13,Female,Low,No formal,4523,73.1,57.0,2.15,1,8.38,1,0.90968424,High risk...
RJ003714,Ajmer,Rural,6,11,Female,Low,Primary,8217,67.8,57.8,6.73,1,7.04,1,0.80014056,High risk...
RJ003715,Bhilwara,Urban,12,10,Male,Lower-Middle,No formal,13079,76.5,72.1,3.39,1,9.97,1,0.94465977,High risk...
RJ003716,Kota,Rural,10,16,Female,Lower-Middle,No formal,12164,77.8,79.6,6.71,0,6.91,0,0.096045546,Low risk...
RJ003717,Kota,Rural,4,7,Female,Low,Primary,6317,74.9,59.1,5.92,1,7.78,0,0.031121006,Low risk...
RJ003718,Jaipur,Rural,3,9,Female,Middle,Primary,29233,96.0,77.5,8.41,0,1.57,0,0.014901219,Low risk...
RJ003719,Bikaner,Rural,9,15,Female,Upper-Middle,Secondary,58642,86.1,69.1,8.36,0,7.11,1,0.92919666,High risk...
RJ003720,Jodhpur,Rural,7,10,Female,Upper-Middle,No formal,52686,91.5,67.6,4.19,1,3.71,0,0.030678213,Low risk...
RJ003721,Kota,Rural,11,15,Female,Lower-Middle,Higher Secondary,14612,78.6,82.6,6.26,1,9.25,0,0.081092454,Low risk...
RJ003722,Sikar,Urban,6,9,Female,Upper-Middle,Higher Secondary,37175,87.5,65.5,1.8,1,7.17,0,0.012719049,Low risk...
RJ003723,Bhilwara,Rural,7,7,Male,Upper-Middle,Secondary,43599,91.4,54.2,4.44,0,7.2,0,0.037602,Low risk...
RJ003724,Jodhpur,Urban,8,12,Male,Lower-Middle,Primary,13312,78.0,64.9,0.19,1,5.53,0,0.033719756,Low risk...
RJ003725,Kota,Urban,5,15,Female,Low,Higher Secondary,6802,76.6,76.0,1.58,0,8.58,0,0.3456893,Low risk...
RJ003726,Bhilwara,Rural,3,15,Male,Low,No formal,5337,80.9,63.8,0.1,1,7.68,0,0.0038650744,Low risk...
RJ003727,Jaipur,Urban,3,7,Male,Lower-Middle,No formal,16590,81.5,66.4,1.16,1,4.45,1,0.04193357,Low risk...
RJ003728,Jaipur,Urban,2,6,Male,Upper-Middle,No formal,35223,90.7,73.9,2.07,0,5.66,0,0.0020578818,Low risk...
RJ003729,Jodhpur,Rural,8,10,Male,Lower-Middle,Graduate+,9343,81.7,72.4,6.33,0,5.53,0,0.21138306,Low risk...
RJ003730,Ajmer,Urban,1,17,Male,Middle,Primary,21510,92.2,75.4,1.37,1,6.61,0,0.0035411792,Low risk...
RJ003731,Jodhpur,Urban,12,18,Male,Low,Higher Secondary,7366,67.9,65.5,0.98,1,5.28,1,0.9886053,High risk...
RJ003732,Bhilwara,Urban,8,6,Female,Low,Primary,4354,71.1,42.6,2.15,1,8.58,1,0.91036355,High risk...
RJ003733,Bikaner,Urban,3,6,Female,Lower-Middle,Higher Secondary,16698,83.0,71.1,0.77,0,9.97,0,0.02395734,Low risk...
RJ003734,Udaipur,Urban,9,6,Female,High,Higher Secondary,111313,90.6,62.2,2.54,1,5.62,1,0.016401386,Low risk...
RJ003735,Jodhpur,Rural,12,11,Male,Lower-Middle,Graduate+,9741,73.6,66.4,0.1,1,3.48,0,0.028100114,Low risk...
RJ003736,Udaipur,Urban,12,14,Female,Upper-Middle,Primary,44138,88.1,64.5,0.34,0,6.29,0,0.026987642,Low risk...
RJ003737,Alwar,Rural,11,15,Female,Low,Higher Secondary,5056,73.0,72.5,6.71,1,4.65,0,0.021246266,Low risk...
RJ003738,Alwar,Urban,2,18,Female,Lower-Middle,Graduate+,11827,80.5,72.8,0.7,0,6.63,0,0.053230748,Low risk...
RJ003739,Alwar,Rural,10,16,Male,Lower-Middle,Primary,12876,77.7,66.0,4.13,0,5.59,0,0.4372447,Moderate risk..
RJ003740,Ajmer,Rural,9,17,Male,Upper-Middle,Primary,57416,86.3,65.8,4.62,0,4.19,0,0.018820185,Low risk...
RJ003741,Barmer,Rural,6,6,Female,Low,Secondary,4350,70.2,68.5,10.03,1,2.91,0,0.007485989,Low risk...
RJ003742,Sikar,Rural,1,10,Female,Low,Primary,8345,74.5,47.5,4.17,1,5.86,1,0.18150152,Low risk...
RJ003743,Alwar,Rural,5,14,Female,Low,Secondary,8150,74.2,55.4,4.88,1,3.17,0,0.033248816,Low risk...
RJ003744,Jaipur,Urban,10,14,Female,Upper-Middle,No formal,49468,83.1,73.7,0.86,0,4.19,1,0.8849497,High risk...
RJ003745,Jaipur,Rural,9,6,Male,Low,Primary,6220,70.7,54.5,3.81,1,4.39,0,0.20269588,Low risk...
RJ003746,Jodhpur,Rural,6,13,Female,Low,No formal,6513,73.8,40.6,9.18,1,4.51,0,0.018505827,Low risk...
RJ003747,Alwar,Urban,7,6,Male,Lower-Middle,Primary,8555,82.6,76.8,1.39,1,6.7,0,0.022464355,Low risk...
RJ003748,Bikaner,Urban,4,13,Female,Lower-Middle,Primary,14597,79.6,72.0,1.04,0,7.87,0,0.078948624,Low risk...
RJ003749,Bikaner,Urban,1,6,Other,Middle,Higher Secondary,26188,84.3,76.7,0.96,0,8.33,0,0.004071286,Low risk...
RJ003750,Barmer,Rural,5,17,Female,Upper-Middle,No formal,40510,89.4,67.9,5.75,0,5.27,0,0.015303761,Low risk...
RJ003751,Barmer,Urban,2,10,Male,Lower-Middle,Higher Secondary,12277,79.8,81.6,1.19,1,6.06,1,0.934354,High risk...
RJ003752,Barmer,Urban,8,13,Male,Upper-Middle,Secondary,40716,90.2,82.2,2.64,1,4.96,0,0.0027021167,Low risk...
RJ003753,Kota,Rural,4,11,Female,Middle,Primary,29749,85.5,79.3,6.93,0,6.49,0,0.06917954,Low risk...
RJ003754,Alwar,Rural,1,14,Female,Low,No formal,6781,67.9,59.8,10.71,1,4.93,1,0.895515,High risk...
RJ003755,Kota,Urban,10,6,Female,Upper-Middle,No formal,43725,98.6,73.6,2.75,0,9.24,0,0.008362233,Low risk...
RJ003756,Jodhpur,Urban,7,14,Female,Middle,Primary,22999,85.4,63.6,1.42,0,5.7,0,0.006095129,Low risk...
RJ003757,Jodhpur,Rural,12,6,Male,Lower-Middle,No formal,15776,76.8,49.4,6.61,0,2.85,0,0.4200756,Moderate risk..
RJ003758,Kota,Rural,11,15,Female,Middle,Primary,29439,78.4,66.7,5.02,1,8.72,0,0.050092515,Low risk...
RJ003759,Bikaner,Rural,2,15,Female,Lower-Middle,Graduate+,14413,77.1,73.4,2.02,0,6.52,1,0.7912562,High risk...
RJ003760,Sikar,Rural,3,8,Female,Low,No formal,6798,74.7,55.5,5.28,1,5.85,0,0.039026354,Low risk...
RJ003761,Jaipur,Rural,9,6,Male,Middle,Secondary,18817,85.0,73.9,2.58,0,2.66,0,0.002507211,Low risk...
RJ003762,Alwar,Urban,9,8,Female,Middle,Graduate+,18537,86.1,71.5,2.22,0,9.34,1,0.8376524,High risk...
RJ003763,Udaipur,Rural,2,17,Male,Middle,Higher Secondary,25011,88.2,80.3,0.1,0,5.3,0,0.0043700044,Low risk...
RJ003764,Kota,Rural,3,16,Female,Low,Higher Secondary,8108,71.4,56.2,0.1,1,6.6,0,0.0235551,Low risk...
RJ003765,Udaipur,Rural,11,18,Female,High,Higher Secondary,85384,82.5,61.5,3.14,0,4.07,0,0.30590734,Low risk...
RJ003766,Kota,Rural,12,7,Male,Low,Primary,7879,70.2,55.8,4.95,1,6.34,0,0.052165583,Low risk...
RJ003767,Ajmer,Rural,9,7,Male,Low,Higher Secondary,4606,70.4,69.3,0.62,1,4.64,0,0.0018619356,Low risk...
RJ003768,Bikaner,Urban,1,14,Female,Low,Graduate+,7242,72.2,56.5,1.61,1,9.19,1,0.8538145,High risk...
RJ003769,Jodhpur,Urban,2,13,Female,Low,Primary,5230,78.0,70.8,1.62,1,6.44,0,0.09248371,Low risk...
RJ003770,Jaipur,Urban,11,6,Male,Lower-Middle,Primary,12806,72.3,45.8,1.74,1,3.87,0,0.04232396,Low risk...
RJ003771,Udaipur,Rural,2,17,Male,Lower-Middle,Primary,10861,83.4,63.7,6.84,1,3.23,0,0.09334805,Low risk...
RJ003772,Barmer,Urban,10,9,Female,Upper-Middle,Primary,53939,83.3,54.3,1.9,0,7.14,0,0.06582508,Low risk...
RJ003773,Kota,Rural,3,18,Female,High,No formal,78450,94.4,49.3,5.81,0,8.7,0,0.008434673,Low risk...
RJ003774,Alwar,Urban,10,6,Male,Middle,Secondary,25588,86.3,72.7,1.41,1,6.09,0,0.009710654,Low risk...
RJ003775,Ajmer,Urban,3,6,Female,Lower-Middle,Secondary,10461,80.0,64.6,1.76,1,7.46,0,0.020030554,Low risk...
RJ003776,Bhilwara,Urban,10,17,Male,Middle,Primary,22426,88.6,57.6,2.28,0,7.42,1,0.01127289,Low risk...
RJ003777,Sikar,Rural,2,17,Male,Middle,No formal,20641,93.3,65.3,6.96,0,5.11,0,0.009819701,Low risk...
RJ003778,Udaipur,Rural,8,9,Male,Lower-Middle,Secondary,13052,79.2,69.1,4.21,1,2.83,0,0.023577763,Low risk...
RJ003779,Ajmer,Rural,8,7,Female,Middle,No formal,20037,86.1,62.2,3.55,1,4.59,0,0.027917514,Low risk...
RJ003780,Barmer,Rural,8,8,Male,Lower-Middle,No formal,10653,81.7,60.9,2.21,1,6.6,1,0.9217946,High risk...
RJ003781,Bikaner,Rural,2,16,Female,Lower-Middle,Secondary,12856,83.1,64.7,0.44,1,7.21,0,0.010466285,Low risk...
RJ003782,Kota,Urban,9,14,Male,Lower-Middle,Primary,10709,79.3,58.5,0.1,1,8.59,0,0.031308446,Low risk...
RJ003783,Jaipur,Urban,11,7,Other,Middle,No formal,27799,81.4,57.6,1.51,0,4.55,0,0.025620816,Low risk...
RJ003784,Sikar,Urban,7,9,Female,Middle,Primary,17748,79.9,58.5,1.27,0,6.61,0,0.051532056,Low risk...
RJ003785,Sikar,Rural,12,6,Female,Lower-Middle,Secondary,16575,72.3,55.4,3.62,1,4.6,1,0.92002183,High risk...
RJ003786,Jaipur,Urban,5,7,Female,Lower-Middle,Secondary,14532,87.1,62.1,0.1,1,5.25,0,0.028204761,Low risk...
RJ003787,Ajmer,Urban,7,10,Female,Upper-Middle,Primary,47370,90.0,66.6,0.52,0,6.47,0,0.024295101,Low risk...
RJ003788,Bikaner,Rural,8,15,Female,High,No formal,107567,90.8,62.9,1.56,0,6.81,0,0.0036315187,Low risk...
RJ003789,Jaipur,Rural,9,6,Male,Low,Secondary,7853,75.8,54.9,5.07,1,3.07,1,0.81926656,High risk...
RJ003790,Bhilwara,Rural,2,16,Male,Low,Higher Secondary,5740,73.3,70.5,5.97,1,7.33,1,0.86733836,High risk...
RJ003791,Jodhpur,Rural,6,12,Female,Middle,Secondary,19532,87.2,80.2,2.66,0,3.36,1,0.91563135,High risk...
RJ003792,Jaipur,Rural,9,9,Male,Lower-Middle,Higher Secondary,10519,78.2,67.3,2.2,1,3.37,0,0.011835423,Low risk...
RJ003793,Ajmer,Rural,6,11,Male,Low,Primary,5076,74.9,61.1,5.38,1,4.55,0,0.02621468,Low risk...
RJ003794,Alwar,Urban,2,13,Female,Low,Secondary,7350,74.5,57.2,1.19,1,4.65,0,0.03260484,Low risk...
RJ003795,Jaipur,Rural,1,18,Male,Middle,Higher Secondary,27092,85.1,80.0,2.39,0,4.47,0,0.0072612613,Low risk...
RJ003796,Ajmer,Rural,12,11,Female,Middle,Secondary,32377,80.0,79.9,3.64,0,3.17,1,0.88487697,High risk...
RJ003797,Udaipur,Urban,3,7,Male,Lower-Middle,Higher Secondary,12513,78.6,66.2,0.65,1,3.71,0,0.17316684,Low risk...
RJ003798,Jaipur,Rural,11,6,Female,Lower-Middle,Primary,14866,77.0,57.6,2.72,0,4.51,0,0.05790893,Low risk...
RJ003799,Jodhpur,Rural,5,13,Female,Lower-Middle,Higher Secondary,11117,75.3,68.3,5.69,1,2.99,0,0.026543183,Low risk...
RJ003800,Udaipur,Urban,7,13,Female,Low,Secondary,6729,69.3,60.6,1.37,0,3.4,0,0.27308735,Low risk...
RJ003801,Kota,Rural,10,14,Male,Lower-Middle,Higher Secondary,13771,77.9,63.1,2.48,1,8.71,0,0.062167604,Low risk...
RJ003802,Bhilwara,Urban,10,11,Female,Low,No formal,7389,71.1,59.9,1.34,1,8.01,0,0.050242763,Low risk...
RJ003803,Sikar,Rural,3,17,Female,Lower-Middle,Secondary,15116,81.6,74.5,8.26,1,6.63,0,0.021509957,Low risk...
RJ003804,Bhilwara,Rural,9,6,Female,Low,Higher Secondary,5361,71.9,57.3,4.82,1,6.24,1,0.35119227,Low risk...
RJ003805,Jodhpur,Rural,10,14,Female,Middle,No formal,24239,91.1,88.5,3.45,0,2.45,0,0.006596199,Low risk...
RJ003806,Bhilwara,Urban,12,17,Male,Lower-Middle,Secondary,10140,76.9,51.9,2.75,0,8.33,1,0.88080525,High risk...
RJ003807,Bikaner,Urban,4,18,Female,Lower-Middle,Higher Secondary,14682,79.4,61.2,0.65,0,7.56,0,0.11203003,Low risk...
RJ003808,Kota,Urban,10,8,Female,Low,Primary,5337,71.8,60.6,1.61,1,9.28,1,0.84636515,High risk...
RJ003809,Jaipur,Urban,2,16,Male,Low,Primary,5842,78.6,80.7,0.57,0,5.79,1,0.83817285,High risk...
RJ003810,Jaipur,Urban,3,11,Female,Lower-Middle,Secondary,15145,80.9,62.0,0.57,0,6.04,0,0.06687671,Low risk...
RJ003811,Alwar,Rural,5,15,Female,Low,Primary,5627,76.1,52.7,4.34,1,5.05,0,0.06643849,Low risk...
RJ003812,Bikaner,Rural,3,18,Female,Low,No formal,5424,76.2,63.6,4.4,1,8.65,1,0.80763364,High risk...
RJ003813,Jodhpur,Rural,5,15,Male,Lower-Middle,No formal,13870,79.1,59.0,1.25,1,3.17,0,0.049446065,Low risk...
RJ003814,Ajmer,Rural,4,16,Female,Middle,No formal,34569,86.8,70.9,0.1,0,5.13,0,0.0026735018,Low risk...
RJ003815,Jodhpur,Rural,11,17,Female,Low,Primary,4463,75.8,60.5,0.1,1,3.96,1,0.871282,High risk...
RJ003816,Ajmer,Rural,10,14,Female,Lower-Middle,No formal,15412,78.2,53.6,1.72,1,6.97,0,0.024259912,Low risk...
RJ003817,Kota,Urban,3,16,Female,Upper-Middle,Secondary,35331,88.0,89.6,0.1,0,10.0,0,0.001484873,Low risk...
RJ003818,Sikar,Rural,12,18,Female,Upper-Middle,Secondary,42364,85.5,45.7,6.08,0,5.44,1,0.91455036,High risk...
RJ003819,Sikar,Rural,6,8,Female,Low,Secondary,5950,67.2,72.9,3.61,0,5.61,1,0.94687563,High risk...
RJ003820,Udaipur,Rural,8,10,Female,Middle,No formal,30078,84.9,71.9,7.19,0,5.51,0,0.08860931,Low risk...
RJ003821,Kota,Rural,12,18,Male,Lower-Middle,Primary,16183,80.4,57.9,5.82,0,6.62,0,0.03477781,Low risk...
RJ003822,Kota,Rural,4,10,Male,High,Primary,61713,89.5,84.3,5.54,0,5.34,0,0.003908089,Low risk...
RJ003823,Sikar,Urban,9,15,Male,Lower-Middle,Higher Secondary,14656,78.4,56.5,0.1,0,5.94,1,0.89701176,High risk...
RJ003824,Kota,Urban,6,12,Male,Middle,Secondary,23140,88.5,79.2,2.24,1,8.46,0,0.07051986,Low risk...
RJ003825,Jodhpur,Rural,5,9,Male,Middle,Higher Secondary,33283,89.3,57.3,2.39,0,5.45,0,0.06943425,Low risk...
RJ003826,Jaipur,Rural,3,16,Male,Lower-Middle,No formal,10737,84.8,55.2,11.2,0,4.65,0,0.054790605,Low risk...
RJ003827,Bikaner,Rural,5,9,Female,Middle,Secondary,29643,80.4,57.1,0.1,0,7.22,1,0.765177,High risk...
RJ003828,Udaipur,Urban,5,12,Male,Low,Primary,4892,75.5,54.9,0.62,1,5.94,0,0.19205059,Low risk...
RJ003829,Barmer,Rural,12,14,Male,Low,Higher Secondary,8223,66.0,60.1,5.43,0,3.99,1,0.93880355,High risk...
RJ003830,Jodhpur,Rural,12,16,Male,Lower-Middle,Primary,8436,73.5,53.1,0.1,1,6.18,0,0.029642284,Low risk...
RJ003831,Bikaner,Urban,4,9,Female,Upper-Middle,Primary,38835,93.0,55.1,0.13,0,9.98,0,0.014795858,Low risk...
RJ003832,Sikar,Urban,12,9,Male,Lower-Middle,No formal,14078,77.0,63.4,1.98,0,6.97,0,0.02448819,Low risk...
RJ003833,Sikar,Urban,6,11,Male,Lower-Middle,Secondary,15570,81.7,67.4,0.84,0,6.84,0,0.041157067,Low risk...
RJ003834,Bikaner,Rural,3,11,Male,Lower-Middle,Primary,16746,78.2,65.8,2.28,0,7.97,0,0.35554373,Low risk...
RJ003835,Bikaner,Rural,10,12,Female,Low,No formal,4928,75.9,60.4,4.63,1,7.21,0,0.15813851,Low risk...
RJ003836,Kota,Urban,1,6,Female,Lower-Middle,No formal,10980,84.1,71.6,2.82,0,7.05,1,0.7226516,High risk...
RJ003837,Bhilwara,Urban,7,18,Female,Middle,Graduate+,33107,87.7,74.5,0.17,1,10.0,0,0.01905045,Low risk...
RJ003838,Jaipur,Rural,7,16,Male,High,Primary,57820,88.8,77.0,1.03,0,4.78,0,0.026989253,Low risk...
RJ003839,Bhilwara,Rural,12,8,Female,Low,Higher Secondary,7280,74.0,58.6,2.43,1,7.52,1,0.8150826,High risk...
RJ003840,Alwar,Rural,4,14,Female,Lower-Middle,Graduate+,11954,79.6,64.5,0.1,1,4.94,0,0.023983998,Low risk...
RJ003841,Udaipur,Rural,9,11,Male,Low,Graduate+,7093,70.2,75.6,3.11,1,3.99,0,0.05757804,Low risk...
RJ003842,Jaipur,Urban,12,11,Male,Low,Higher Secondary,6405,72.4,74.7,1.81,0,2.47,1,0.9422961,High risk...
RJ003843,Udaipur,Rural,2,10,Male,Lower-Middle,Higher Secondary,13668,83.2,74.9,7.59,1,2.87,0,0.073881455,Low risk...
RJ003844,Bikaner,Urban,1,16,Female,Lower-Middle,Primary,14000,79.5,56.2,0.56,1,10.0,0,0.43789822,Moderate risk..
RJ003845,Jodhpur,Rural,3,8,Male,Low,No formal,6851,81.2,54.5,5.45,1,4.61,0,0.07984372,Low risk...
RJ003846,Ajmer,Rural,7,16,Male,Low,Secondary,6991,78.4,75.7,4.26,1,3.05,0,0.0082863225,Low risk...
RJ003847,Bhilwara,Rural,9,10,Male,Middle,Primary,27446,85.8,77.3,0.1,0,6.32,0,0.00073303474,Low risk...
RJ003848,Udaipur,Rural,2,6,Female,High,No formal,95978,95.8,70.5,1.82,0,2.05,0,0.006585359,Low risk...
RJ003849,Alwar,Rural,6,8,Female,Low,Secondary,7459,74.5,81.4,1.7,1,4.58,1,0.8719008,High risk...
RJ003850,Jaipur,Urban,3,9,Female,Middle,Secondary,31289,82.4,71.1,1.2,0,4.95,0,0.054508522,Low risk...
RJ003851,Bikaner,Rural,5,10,Female,Low,Higher Secondary,7785,74.3,56.1,5.64,1,8.87,0,0.05698118,Low risk...
RJ003852,Jaipur,Rural,12,15,Female,Upper-Middle,Secondary,41467,86.8,67.9,4.43,0,4.4,0,0.040281616,Low risk...
RJ003853,Ajmer,Urban,9,14,Male,Middle,Secondary,30551,82.3,67.4,0.57,1,6.2,0,0.058498923,Low risk...
RJ003854,Bhilwara,Rural,3,9,Male,Middle,Primary,34067,86.1,68.0,0.1,0,6.9,0,0.0024679652,Low risk...
RJ003855,Alwar,Rural,1,8,Female,Low,Primary,5743,68.9,66.9,6.18,1,4.56,0,0.051118147,Low risk...
RJ003856,Jaipur,Rural,5,15,Other,Lower-Middle,Graduate+,14932,76.7,60.9,6.35,0,4.7,0,0.049620103,Low risk...
RJ003857,Kota,Rural,1,6,Female,Lower-Middle,No formal,10848,84.8,53.7,1.77,1,8.58,0,0.060485605,Low risk...
RJ003858,Udaipur,Rural,8,18,Male,Low,Primary,4937,77.7,67.0,4.08,1,2.64,1,0.9152174,High risk...
RJ003859,Bikaner,Rural,7,15,Male,Low,Secondary,6075,70.2,56.1,3.87,1,5.54,0,0.72034824,High risk...
RJ003860,Sikar,Rural,11,11,Male,Lower-Middle,Primary,15175,77.5,81.5,4.51,1,5.09,0,0.026913915,Low risk...
RJ003861,Sikar,Urban,2,12,Female,Middle,Primary,22875,90.8,77.6,1.09,0,6.72,0,0.0008686329,Low risk...
RJ003862,Ajmer,Urban,11,15,Female,Low,Primary,5439,69.4,53.0,1.9,1,6.76,1,0.91085416,High risk...
RJ003863,Kota,Rural,9,13,Female,Lower-Middle,No formal,10732,80.0,71.2,7.32,1,5.7,1,0.8811915,High risk...
RJ003864,Jodhpur,Rural,5,17,Female,Low,Primary,5116,73.9,65.8,1.12,1,3.38,0,0.07484994,Low risk...
RJ003865,Jaipur,Rural,7,6,Male,Low,Higher Secondary,6767,76.6,71.4,0.42,0,3.53,0,0.018659655,Low risk...
RJ003866,Kota,Urban,4,17,Male,Lower-Middle,Primary,10444,76.7,60.6,0.88,1,8.09,0,0.3044069,Low risk...
RJ003867,Bikaner,Rural,12,9,Male,Low,No formal,8127,67.2,57.2,4.15,1,8.12,0,0.060598616,Low risk...
RJ003868,Alwar,Rural,1,16,Female,Lower-Middle,Primary,11306,82.8,48.5,5.07,0,7.23,1,0.9410783,High risk...
RJ003869,Ajmer,Rural,8,10,Male,Lower-Middle,No formal,12956,78.8,71.3,6.37,1,4.46,0,0.060717292,Low risk...
RJ003870,Jaipur,Rural,1,7,Female,Lower-Middle,Higher Secondary,11837,81.8,42.0,6.91,1,4.5,0,0.07840441,Low risk...
RJ003871,Bikaner,Rural,3,6,Female,Lower-Middle,Primary,16487,82.7,61.7,5.09,1,6.91,0,0.042963043,Low risk...
RJ003872,Jodhpur,Urban,6,13,Male,High,Graduate+,79745,89.7,63.6,1.07,0,4.66,0,0.0011116337,Low risk...
RJ003873,Jodhpur,Urban,8,11,Male,Lower-Middle,Primary,13135,74.4,56.2,1.31,1,4.88,0,0.12409114,Low risk...
RJ003874,Sikar,Urban,8,10,Male,Middle,Higher Secondary,30860,83.0,69.6,1.88,0,7.68,0,0.049503546,Low risk...
RJ003875,Jaipur,Rural,2,18,Female,Low,Primary,4919,74.3,50.6,5.77,1,2.97,0,0.038422775,Low risk...
RJ003876,Bikaner,Urban,9,14,Male,Lower-Middle,No formal,8674,77.1,37.6,1.92,1,8.32,0,0.045978777,Low risk...
RJ003877,Jodhpur,Urban,4,18,Male,Lower-Middle,No formal,12221,84.3,65.7,1.53,1,4.45,0,0.056329858,Low risk...
RJ003878,Barmer,Rural,4,16,Female,Low,Secondary,6513,76.8,80.8,3.5,1,5.33,0,0.0616757,Low risk...
RJ003879,Udaipur,Rural,2,18,Female,Lower-Middle,Primary,10811,83.1,62.6,7.97,1,4.44,1,0.8545283,High risk...
RJ003880,Jodhpur,Urban,1,16,Female,Low,Primary,6143,76.7,69.3,0.52,1,7.05,1,0.79584956,High risk...
RJ003881,Udaipur,Urban,10,7,Female,Low,Higher Secondary,6784,70.2,74.6,1.38,1,6.07,0,0.031125585,Low risk...
RJ003882,Alwar,Rural,7,15,Female,Low,No formal,8288,70.4,40.5,1.79,0,5.77,0,0.05430086,Low risk...
RJ003883,Bhilwara,Rural,11,17,Female,Middle,Primary,28031,79.4,59.6,5.27,0,7.74,0,0.018426979,Low risk...
RJ003884,Jodhpur,Urban,10,13,Male,Middle,Higher Secondary,25355,81.4,59.0,0.43,0,5.34,0,0.035206366,Low risk...
RJ003885,Barmer,Rural,3,16,Male,Low,Primary,4295,74.9,54.1,5.0,1,4.81,1,0.8095182,High risk...
RJ003886,Bhilwara,Rural,4,15,Female,Lower-Middle,Higher Secondary,11009,77.0,80.2,4.53,1,8.08,1,0.9151281,High risk...
RJ003887,Barmer,Rural,11,18,Female,Low,Primary,5706,71.5,60.3,2.72,1,3.88,0,0.063980594,Low risk...
RJ003888,Ajmer,Rural,9,14,Female,Low,Primary,6203,71.4,64.8,0.1,1,6.7,0,0.048504617,Low risk...
RJ003889,Ajmer,Rural,6,6,Female,Middle,No formal,31188,84.3,63.7,0.91,1,5.64,0,0.044742715,Low risk...
RJ003890,Bikaner,Rural,1,12,Female,Lower-Middle,Higher Secondary,14917,85.5,62.0,1.38,0,9.29,0,0.0073892353,Low risk...
RJ003891,Alwar,Urban,9,13,Male,Low,Higher Secondary,7750,64.6,64.6,2.6,1,5.69,1,0.9388249,High risk...
RJ003892,Udaipur,Urban,9,8,Male,Low,Graduate+,5418,70.8,75.0,1.17,1,4.3,0,0.011203928,Low risk...
RJ003893,Alwar,Rural,5,9,Male,Middle,Primary,23563,78.9,65.5,10.39,0,5.73,0,0.03952749,Low risk...
RJ003894,Bikaner,Rural,8,18,Female,Low,Higher Secondary,4831,73.2,68.2,2.47,1,7.39,1,0.86168015,High risk...
RJ003895,Alwar,Rural,7,8,Male,Low,Primary,7801,75.3,50.9,2.85,1,4.9,1,0.7600239,High risk...
RJ003896,Sikar,Urban,11,12,Male,Middle,Primary,28914,78.9,68.6,2.3,1,5.64,0,0.0715058,Low risk...
RJ003897,Jaipur,Rural,8,14,Male,Lower-Middle,Higher Secondary,9051,74.8,76.0,6.57,1,3.34,1,0.107806906,Low risk...
RJ003898,Sikar,Urban,9,8,Male,Lower-Middle,No formal,10951,72.9,60.5,1.62,1,7.13,1,0.8954566,High risk...
RJ003899,Udaipur,Rural,2,18,Male,Upper-Middle,No formal,36311,91.7,54.1,3.95,0,2.67,0,0.06946988,Low risk...
RJ003900,Barmer,Urban,10,11,Male,Low,Primary,8271,70.5,71.0,0.16,1,5.78,0,0.07009047,Low risk...
RJ003901,Bikaner,Rural,5,13,Female,Middle,Secondary,23181,85.2,61.6,1.1,1,7.65,0,0.007676859,Low risk...
RJ003902,Kota,Rural,8,11,Male,Low,Primary,6285,71.4,61.5,4.53,1,8.16,0,0.110309385,Low risk...
RJ003903,Barmer,Rural,3,7,Male,Lower-Middle,Primary,11070,78.1,70.1,4.67,1,4.41,0,0.03839128,Low risk...
RJ003904,Jodhpur,Urban,11,18,Female,Upper-Middle,Graduate+,46440,90.4,85.4,2.35,0,4.79,0,0.0011548256,Low risk...
RJ003905,Barmer,Rural,11,12,Female,Lower-Middle,Primary,16788,77.8,47.9,5.99,1,4.81,0,0.06233856,Low risk...
RJ003906,Udaipur,Rural,6,7,Male,Middle,No formal,22529,81.9,63.6,0.33,1,3.77,1,0.87090445,High risk...
RJ003907,Udaipur,Urban,6,7,Male,Middle,Secondary,22446,83.4,68.4,1.17,0,4.01,1,0.7936919,High risk...
RJ003908,Kota,Urban,7,7,Female,Low,Higher Secondary,5760,70.4,74.2,1.01,1,8.42,0,0.020658193,Low risk...
RJ003909,Ajmer,Urban,11,16,Male,Middle,No formal,20463,87.2,69.5,2.22,0,5.91,0,0.06246931,Low risk...
RJ003910,Kota,Rural,3,6,Male,Upper-Middle,Secondary,54778,93.1,85.4,2.19,0,7.39,0,0.03258134,Low risk...
RJ003911,Jaipur,Rural,8,16,Male,Lower-Middle,No formal,11586,78.1,64.7,6.08,1,2.88,0,0.04591696,Low risk...
RJ003912,Kota,Urban,8,6,Male,Low,Primary,6640,77.6,61.6,0.25,1,8.32,0,0.028628467,Low risk...
RJ003913,Jaipur,Rural,9,12,Female,Low,Primary,6977,76.4,63.0,11.39,1,3.43,0,0.08002139,Low risk...
RJ003914,Bhilwara,Rural,8,18,Female,Low,Primary,4349,71.8,70.9,5.67,1,7.79,0,0.011825294,Low risk...
RJ003915,Bhilwara,Urban,3,17,Female,Low,Primary,6905,73.8,49.5,0.59,0,8.74,1,0.9628461,High risk...
RJ003916,Bikaner,Rural,6,10,Female,Lower-Middle,Graduate+,12875,78.4,76.8,3.24,1,9.93,0,0.013495248,Low risk...
RJ003917,Alwar,Rural,9,16,Male,Low,Secondary,4548,69.1,54.4,6.36,1,4.1,0,0.40936086,Moderate risk..
RJ003918,Kota,Rural,1,8,Female,Low,Graduate+,4723,81.2,64.5,2.77,1,8.28,0,0.010006904,Low risk...
RJ003919,Alwar,Rural,3,6,Male,Lower-Middle,Secondary,12103,78.0,73.0,2.89,1,5.28,0,0.08201624,Low risk...
RJ003920,Sikar,Rural,2,16,Male,Lower-Middle,No formal,11309,84.1,56.9,8.36,0,4.02,0,0.06593823,Low risk...
RJ003921,Bhilwara,Urban,12,15,Female,Lower-Middle,Primary,12075,78.6,65.8,0.1,1,8.27,1,0.90937996,High risk...
RJ003922,Bikaner,Urban,8,11,Female,Middle,Higher Secondary,28622,83.6,66.6,1.31,1,7.25,1,0.7705919,High risk...
RJ003923,Sikar,Urban,6,16,Male,Low,Secondary,4849,78.9,46.5,2.23,1,6.99,1,0.09450096,Low risk...
RJ003924,Jodhpur,Rural,10,6,Female,Low,Graduate+,6982,66.8,66.4,4.78,1,3.79,0,0.060569994,Low risk...
RJ003925,Bhilwara,Rural,11,14,Male,Low,No formal,7636,70.8,57.0,5.74,1,6.47,0,0.02806928,Low risk...
RJ003926,Jaipur,Rural,11,7,Male,Lower-Middle,Primary,8425,75.5,45.6,9.05,1,2.55,0,0.018581102,Low risk...
RJ003927,Ajmer,Urban,8,6,Male,Low,Primary,5748,75.4,55.3,0.32,1,7.52,0,0.020859294,Low risk...
RJ003928,Ajmer,Rural,2,17,Female,Middle,Primary,22315,88.6,54.3,0.1,1,4.84,0,0.009769787,Low risk...
RJ003929,Alwar,Rural,11,12,Female,Low,Primary,6014,65.8,60.9,3.2,1,5.57,0,0.06885068,Low risk...
RJ003930,Jaipur,Rural,6,11,Female,Upper-Middle,Primary,50881,93.2,82.6,2.15,0,3.79,0,0.036745533,Low risk...
RJ003931,Bhilwara,Rural,7,11,Male,Lower-Middle,Secondary,9976,80.5,73.1,3.95,1,7.26,0,0.09417021,Low risk...
RJ003932,Jodhpur,Urban,8,10,Male,Lower-Middle,Primary,9526,75.4,68.8,0.92,1,5.27,1,0.8559067,High risk...
RJ003933,Ajmer,Rural,9,16,Female,Middle,No formal,30255,83.0,59.2,10.8,1,6.52,0,0.013683357,Low risk...
RJ003934,Jodhpur,Urban,5,9,Male,Middle,Secondary,29501,82.1,71.6,1.45,1,7.83,0,0.014739842,Low risk...
RJ003935,Kota,Rural,11,16,Male,Lower-Middle,Primary,12271,76.5,61.4,0.1,0,8.82,1,0.8832365,High risk...
RJ003936,Udaipur,Rural,3,9,Female,Upper-Middle,Secondary,47292,91.5,74.4,3.29,0,4.0,0,0.0016000712,Low risk...
RJ003937,Bikaner,Rural,2,8,Female,Lower-Middle,Primary,10667,80.5,71.6,5.05,1,7.22,1,0.8733186,High risk...
RJ003938,Jodhpur,Urban,8,15,Male,Middle,Higher Secondary,23261,83.1,79.7,1.58,0,6.69,0,0.052413244,Low risk...
RJ003939,Jodhpur,Rural,1,13,Male,Lower-Middle,Secondary,11089,77.2,61.2,4.7,1,3.34,0,0.02270665,Low risk...
RJ003940,Bikaner,Urban,10,12,Male,Middle,Graduate+,30211,84.5,61.9,2.22,0,10.0,0,0.054335896,Low risk...
RJ003941,Alwar,Rural,6,14,Female,Low,Primary,6534,67.7,54.7,4.78,1,6.15,0,0.07535695,Low risk...
RJ003942,Barmer,Rural,2,6,Female,Low,Primary,7264,75.6,59.2,6.37,1,4.42,0,0.107326806,Low risk...
RJ003943,Jaipur,Rural,3,12,Female,Middle,Primary,27838,81.6,66.8,3.75,1,3.89,1,0.8949881,High risk...
RJ003944,Bikaner,Urban,8,15,Male,Low,Primary,6492,72.7,65.9,0.71,0,9.39,0,0.38578516,Low risk...
RJ003945,Jaipur,Rural,1,9,Male,Low,Primary,5546,76.0,45.9,0.1,1,3.18,0,0.8486694,High risk...
RJ003946,Jaipur,Rural,6,12,Female,Low,Secondary,5861,74.7,57.5,1.11,1,4.65,0,0.0055353404,Low risk...
RJ003947,Alwar,Urban,3,18,Female,Middle,No formal,33029,89.6,59.5,1.59,1,8.13,0,0.18017532,Low risk...
RJ003948,Ajmer,Rural,6,17,Female,Upper-Middle,Secondary,49642,92.6,83.6,0.98,0,4.74,0,0.0059634536,Low risk...
RJ003949,Jodhpur,Urban,3,6,Male,Middle,Secondary,26678,82.2,65.7,1.64,0,5.12,0,0.028949503,Low risk...
RJ003950,Jodhpur,Rural,11,10,Female,Middle,Secondary,18430,82.8,63.6,2.97,1,3.99,1,0.7659165,High risk...
RJ003951,Jaipur,Rural,11,8,Female,Lower-Middle,Primary,14035,83.0,69.7,2.63,1,2.46,1,0.9109798,High risk...
RJ003952,Sikar,Rural,8,10,Female,Low,Graduate+,7081,72.9,61.5,6.65,1,3.74,0,0.075768,Low risk...
RJ003953,Bhilwara,Rural,5,9,Female,Low,Primary,7101,71.5,58.4,4.25,1,6.72,0,0.0180213,Low risk...
RJ003954,Jaipur,Rural,4,7,Male,Lower-Middle,No formal,9166,80.3,76.2,0.75,1,2.65,0,0.016364895,Low risk...
RJ003955,Jodhpur,Rural,9,16,Male,Low,Higher Secondary,5462,70.8,77.2,2.19,1,5.86,1,0.770112,High risk...
RJ003956,Barmer,Urban,5,9,Male,Low,No formal,5759,70.5,52.5,1.97,1,5.74,0,0.015711945,Low risk...
RJ003957,Bhilwara,Rural,12,8,Female,Lower-Middle,Secondary,15343,79.1,64.0,4.6,1,7.61,0,0.020723823,Low risk...
RJ003958,Bikaner,Urban,4,18,Female,Middle,No formal,34662,88.3,61.5,1.28,0,8.14,0,0.030585181,Low risk...
RJ003959,Jaipur,Urban,8,6,Female,Lower-Middle,No formal,11884,74.5,42.8,0.77,1,6.89,1,0.93035775,High risk...
RJ003960,Jaipur,Rural,8,17,Male,Middle,No formal,27200,84.2,72.3,2.83,0,3.42,0,0.010375934,Low risk...
RJ003961,Ajmer,Urban,8,15,Female,Middle,Primary,17628,82.8,84.7,0.1,1,5.26,0,0.0167681,Low risk...
RJ003962,Bikaner,Rural,4,13,Female,Middle,No formal,17654,81.7,59.0,8.55,1,7.94,0,0.01640111,Low risk...
RJ003963,Jaipur,Rural,1,10,Male,High,No formal,60172,90.8,61.4,0.1,0,3.87,0,0.004201891,Low risk...
RJ003964,Ajmer,Rural,2,9,Female,Low,Secondary,7222,71.7,58.8,4.1,1,6.2,0,0.01980201,Low risk...
RJ003965,Jaipur,Urban,4,15,Male,Lower-Middle,Secondary,9896,80.3,66.9,1.51,1,4.96,0,0.026809704,Low risk...
RJ003966,Sikar,Rural,10,17,Male,Upper-Middle,Higher Secondary,55372,86.1,63.0,3.22,0,5.52,0,0.02138388,Low risk...
RJ003967,Kota,Urban,2,10,Male,Lower-Middle,Higher Secondary,12028,78.6,63.9,1.52,1,7.36,0,0.07120451,Low risk...
RJ003968,Jaipur,Rural,11,9,Female,Middle,Primary,32374,81.8,72.8,1.18,0,4.45,0,0.016381983,Low risk...
RJ003969,Ajmer,Rural,10,8,Female,Lower-Middle,Higher Secondary,15711,79.7,69.2,6.7,1,5.06,0,0.07635667,Low risk...
RJ003970,Bikaner,Rural,3,10,Male,Lower-Middle,Primary,15791,82.1,75.0,0.5,0,7.14,0,0.015749382,Low risk...
RJ003971,Bhilwara,Rural,9,9,Female,Low,Primary,6483,75.0,63.5,4.28,1,6.92,0,0.0725787,Low risk...
RJ003972,Udaipur,Rural,9,6,Female,High,Secondary,100156,90.3,63.5,0.1,0,3.69,0,0.0030224796,Low risk...
RJ003973,Kota,Rural,11,17,Female,Middle,No formal,29083,87.8,61.6,7.81,0,8.22,0,0.01645908,Low risk...
RJ003974,Alwar,Rural,9,8,Male,Upper-Middle,Secondary,37381,89.0,73.4,4.09,0,4.43,0,0.0060159606,Low risk...
RJ003975,Kota,Urban,7,15,Female,Middle,Primary,24177,83.5,56.7,3.05,0,9.62,0,0.16003717,Low risk...
RJ003976,Barmer,Rural,4,15,Female,Low,No formal,8242,74.8,48.4,4.59,1,3.09,0,0.06996594,Low risk...
RJ003977,Kota,Rural,1,13,Male,Low,No formal,7445,72.3,47.3,3.24,1,5.46,0,0.10001066,Low risk...
RJ003978,Udaipur,Urban,3,12,Male,Upper-Middle,No formal,39784,90.1,71.7,1.08,0,6.89,0,0.011773149,Low risk...
RJ003979,Jaipur,Urban,8,7,Female,Lower-Middle,Higher Secondary,10760,79.8,65.4,2.4,0,4.09,1,0.34503603,Low risk...
RJ003980,Bikaner,Rural,4,6,Male,Low,Graduate+,5268,76.3,77.7,1.31,1,7.37,0,0.00433308,Low risk...
RJ003981,Sikar,Rural,10,8,Female,Lower-Middle,Primary,11162,76.3,54.2,0.1,0,5.14,0,0.07268458,Low risk...
RJ003982,Sikar,Urban,10,10,Male,Lower-Middle,Primary,16198,85.7,47.4,1.25,1,7.26,0,0.020123709,Low risk...
RJ003983,Jodhpur,Rural,2,15,Female,Middle,No formal,25087,87.0,64.7,0.37,1,4.15,0,0.07221953,Low risk...
RJ003984,Jodhpur,Rural,8,16,Male,Lower-Middle,Higher Secondary,11460,73.5,77.7,6.9,1,5.14,0,0.07166124,Low risk...
RJ003985,Sikar,Rural,7,17,Male,Middle,No formal,21686,88.6,66.9,3.47,0,3.98,0,0.025279345,Low risk...
RJ003986,Bhilwara,Urban,11,6,Male,Upper-Middle,Graduate+,59611,88.8,64.8,0.31,0,9.32,0,0.0010101657,Low risk...
RJ003987,Jaipur,Urban,10,8,Female,Low,Secondary,8221,72.2,48.3,1.58,1,5.06,1,0.099625774,Low risk...
RJ003988,Bikaner,Urban,9,8,Female,Low,Higher Secondary,5559,70.6,72.3,1.23,1,7.23,1,0.91668475,High risk...
RJ003989,Kota,Urban,2,10,Male,Lower-Middle,Secondary,13580,82.7,61.2,1.38,1,8.34,0,0.006298963,Low risk...
RJ003990,Barmer,Rural,5,8,Male,High,Secondary,109672,97.9,89.1,8.44,0,3.09,0,0.0029300414,Low risk...
RJ003991,Jaipur,Urban,6,18,Female,Lower-Middle,Secondary,12596,80.1,71.3,1.88,1,3.44,0,0.0793481,Low risk...
RJ003992,Jodhpur,Rural,2,14,Male,Lower-Middle,Higher Secondary,12337,77.1,60.5,7.33,1,3.66,1,0.9505966,High risk...
RJ003993,Alwar,Urban,2,6,Female,Middle,Higher Secondary,26735,77.1,76.0,1.0,0,8.05,0,0.036276996,Low risk...
RJ003994,Jaipur,Rural,10,9,Male,Lower-Middle,Secondary,8679,78.7,57.8,3.51,1,3.92,0,0.07652716,Low risk...
RJ003995,Udaipur,Rural,4,18,Female,High,Secondary,72807,90.5,60.7,3.78,0,5.28,0,0.0116002755,Low risk...
RJ003996,Bikaner,Rural,8,18,Female,Upper-Middle,Graduate+,53518,88.2,68.5,2.87,0,7.34,0,0.023492195,Low risk...
RJ003997,Kota,Rural,11,15,Other,Lower-Middle,Graduate+,16521,74.6,73.4,7.85,1,8.92,0,0.009726583,Low risk...
RJ003998,Bikaner,Urban,5,15,Female,Lower-Middle,Secondary,13177,77.4,73.5,1.65,0,10.0,0,0.031741675,Low risk...
RJ003999,Udaipur,Rural,9,9,Male,Low,No formal,5000,69.7,52.2,1.83,1,3.03,0,0.009177042,Low risk...
RJ004000,Jodhpur,Rural,4,6,Male,Middle,No formal,24969,84.5,49.3,3.17,0,4.17,0,0.40254053,Moderate risk..
RJ004001,Ajmer,Rural,3,7,Female,Middle,Higher Secondary,26075,89.3,61.5,0.56,1,4.28,0,0.0028610183,Low risk...
RJ004002,Sikar,Rural,10,16,Female,Lower-Middle,No formal,9679,79.2,52.5,2.23,0,5.27,0,0.13079712,Low risk...
RJ004003,Sikar,Rural,8,6,Female,Low,No formal,5583,68.9,44.5,7.41,1,7.07,0,0.113186166,Low risk...
RJ004004,Jodhpur,Rural,1,11,Female,Upper-Middle,No formal,45520,88.8,68.9,5.95,0,3.45,0,0.0051603722,Low risk...
RJ004005,Jaipur,Rural,9,8,Male,Lower-Middle,Secondary,10600,79.1,81.0,2.74,0,2.43,0,0.032760967,Low risk...
RJ004006,Jodhpur,Rural,4,12,Male,Middle,Secondary,23693,89.7,78.2,6.41,0,2.97,0,0.016507449,Low risk...
RJ004007,Kota,Urban,11,10,Male,Low,Primary,5360,74.1,51.0,0.88,0,8.48,0,0.019746961,Low risk...
RJ004008,Bikaner,Rural,9,14,Male,Lower-Middle,No formal,13548,75.0,52.9,4.94,1,10.0,1,0.79318094,High risk...
RJ004009,Alwar,Rural,8,12,Male,Middle,Secondary,27626,87.5,66.5,8.26,1,6.83,0,0.09424813,Low risk...
RJ004010,Jaipur,Rural,3,9,Female,Lower-Middle,Graduate+,13034,75.7,71.0,6.55,1,0.74,0,0.15877084,Low risk...
RJ004011,Jaipur,Rural,3,10,Male,Lower-Middle,No formal,9213,80.4,74.3,3.12,1,3.58,0,0.41041642,Moderate risk..
RJ004012,Bikaner,Urban,9,10,Male,Low,No formal,4971,73.5,53.9,0.92,1,8.14,0,0.052767515,Low risk...
RJ004013,Alwar,Rural,3,16,Male,Lower-Middle,Secondary,9331,74.8,75.2,5.58,0,6.35,0,0.12436716,Low risk...
RJ004014,Jodhpur,Rural,4,10,Male,Upper-Middle,Higher Secondary,33493,96.8,95.3,1.77,0,2.92,1,0.8726201,High risk...
RJ004015,Ajmer,Rural,9,15,Male,Lower-Middle,Secondary,10473,82.0,64.4,0.1,1,3.96,0,0.017638208,Low risk...
RJ004016,Jodhpur,Urban,12,14,Female,Upper-Middle,Secondary,37627,88.4,68.0,0.71,0,5.02,0,0.009191544,Low risk...
RJ004017,Barmer,Rural,4,15,Male,Upper-Middle,Higher Secondary,54337,87.6,70.1,0.1,0,4.0,0,0.028137702,Low risk...
RJ004018,Barmer,Rural,11,8,Female,Upper-Middle,No formal,53420,86.8,66.1,1.75,0,5.35,0,0.0044206106,Low risk...
RJ004019,Kota,Rural,3,11,Female,Upper-Middle,No formal,37842,93.4,66.7,0.1,0,7.04,1,0.772064,High risk...
RJ004020,Jodhpur,Rural,7,13,Female,Low,Secondary,4895,69.6,66.8,6.64,1,5.1,0,0.92779803,High risk...
RJ004021,Bikaner,Rural,6,16,Male,Upper-Middle,Higher Secondary,36064,89.0,61.4,0.45,0,6.45,0,0.14991428,Low risk...
RJ004022,Jodhpur,Rural,1,14,Male,Low,Secondary,5544,78.7,60.9,5.63,1,4.96,0,0.27866313,Low risk...
RJ004023,Alwar,Rural,10,18,Male,Low,Graduate+,5436,67.0,65.3,6.3,1,4.2,1,0.8845154,High risk...
RJ004024,Sikar,Urban,8,12,Male,Low,Secondary,4320,73.5,69.1,1.11,1,7.53,0,0.0065783192,Low risk...
RJ004025,Alwar,Urban,1,17,Female,Low,Secondary,6585,70.7,78.0,0.72,1,6.36,0,0.009158573,Low risk...
RJ004026,Sikar,Urban,4,8,Female,Lower-Middle,No formal,15943,77.7,49.8,0.6,1,7.8,0,0.043661155,Low risk...
RJ004027,Bikaner,Rural,6,6,Female,Lower-Middle,No formal,12926,78.0,55.1,5.26,0,4.82,0,0.06988296,Low risk...
RJ004028,Jodhpur,Rural,6,9,Male,Low,Secondary,4468,75.0,44.9,6.41,1,3.31,0,0.022730004,Low risk...
RJ004029,Alwar,Rural,7,18,Female,Lower-Middle,No formal,13436,76.9,50.8,9.49,1,6.53,0,0.007191061,Low risk...
RJ004030,Kota,Rural,11,11,Male,Lower-Middle,No formal,12474,77.4,45.8,6.38,1,7.17,0,0.115718216,Low risk...
RJ004031,Alwar,Rural,12,8,Female,Middle,Higher Secondary,33371,80.4,64.5,0.45,0,3.66,1,0.9338658,High risk...
RJ004032,Kota,Rural,5,6,Female,Low,Higher Secondary,5726,72.4,62.0,5.96,1,6.66,1,0.89255303,High risk...
RJ004033,Jaipur,Urban,5,11,Male,Low,No formal,7358,77.8,63.9,2.88,1,5.5,1,0.6891542,Moderate risk..
RJ004034,Bhilwara,Rural,4,6,Male,Low,Secondary,4361,71.0,58.2,3.81,1,6.34,0,0.008543289,Low risk...
RJ004035,Jodhpur,Urban,6,14,Female,Low,No formal,7230,75.8,62.7,2.17,1,6.76,0,0.1459682,Low risk...
RJ004036,Bhilwara,Urban,7,16,Male,Lower-Middle,Primary,8749,79.0,63.9,0.1,0,9.74,0,0.024208872,Low risk...
RJ004037,Bhilwara,Urban,10,17,Male,Lower-Middle,Secondary,11296,75.8,55.2,0.53,0,9.32,0,0.12626591,Low risk...
RJ004038,Sikar,Urban,10,6,Male,Low,Secondary,8182,67.8,45.2,0.39,1,7.94,0,0.10027136,Low risk...
RJ004039,Ajmer,Urban,1,18,Male,Lower-Middle,No formal,14307,78.6,65.3,1.53,1,5.98,0,0.05422106,Low risk...
RJ004040,Ajmer,Rural,9,11,Female,Lower-Middle,Primary,16170,75.8,74.3,3.33,1,6.49,0,0.027753584,Low risk...
RJ004041,Barmer,Urban,8,6,Female,High,No formal,83768,91.0,88.4,1.39,0,7.27,0,0.010372903,Low risk...
RJ004042,Kota,Rural,7,17,Female,Low,Graduate+,6746,74.8,74.9,8.35,1,7.24,0,0.054703668,Low risk...
RJ004043,Bikaner,Urban,9,12,Male,Middle,Secondary,26561,83.1,79.5,0.68,1,7.14,0,0.023033755,Low risk...
RJ004044,Ajmer,Urban,3,8,Female,Middle,Primary,25880,86.3,71.1,1.28,1,4.13,0,0.042271435,Low risk...
RJ004045,Bikaner,Rural,10,11,Female,Low,No formal,6629,71.2,58.6,2.85,1,8.25,1,0.18215922,Low risk...
RJ004046,Bikaner,Rural,4,12,Male,High,Secondary,58178,94.9,75.8,0.1,0,5.65,0,0.0004260886,Low risk...
RJ004047,Kota,Rural,7,6,Male,Middle,Secondary,20749,86.9,69.3,3.99,1,6.45,0,0.02143456,Low risk...
RJ004048,Udaipur,Rural,6,6,Female,Middle,Higher Secondary,21256,81.3,74.0,9.42,1,4.45,0,0.0073366915,Low risk...
RJ004049,Barmer,Rural,2,18,Male,Lower-Middle,Primary,11616,80.7,59.9,4.67,1,3.4,0,0.029688034,Low risk...
RJ004050,Jodhpur,Rural,2,10,Male,Lower-Middle,Graduate+,12050,85.2,72.4,7.34,1,6.53,1,0.9364448,High risk...
RJ004051,Bhilwara,Rural,10,11,Male,Low,Primary,7307,67.6,46.7,7.72,1,7.39,1,0.2385614,Low risk...
RJ004052,Alwar,Rural,7,14,Male,Low,Primary,4895,73.2,63.3,5.68,1,6.84,0,0.014578406,Low risk...
RJ004053,Sikar,Urban,9,6,Male,Middle,Primary,27473,83.5,58.0,1.8,0,7.95,0,0.053177968,Low risk...
RJ004054,Udaipur,Rural,11,18,Male,Upper-Middle,Primary,40077,85.3,67.0,1.04,0,1.44,0,0.008149655,Low risk...
RJ004055,Sikar,Rural,12,9,Female,Low,Graduate+,6366,75.3,71.7,3.37,0,6.16,0,0.05150809,Low risk...
RJ004056,Jaipur,Rural,9,15,Male,Middle,Secondary,28466,84.1,73.1,2.92,1,3.6,0,0.14908744,Low risk...
RJ004057,Sikar,Rural,7,13,Female,Middle,Secondary,27693,89.5,77.9,4.99,0,5.35,0,0.058227446,Low risk...
RJ004058,Jaipur,Urban,11,15,Male,Low,No formal,5105,71.0,54.4,2.12,1,5.09,0,0.13367902,Low risk...
RJ004059,Barmer,Rural,8,14,Female,Lower-Middle,No formal,14359,79.9,65.3,2.39,1,5.75,0,0.12602292,Low risk...
RJ004060,Bhilwara,Urban,10,18,Female,Lower-Middle,Primary,13892,75.8,57.2,0.98,1,10.0,0,0.10777914,Low risk...
RJ004061,Kota,Rural,3,8,Female,Middle,Secondary,33810,85.3,53.4,1.89,0,6.18,0,0.032467153,Low risk...
RJ004062,Jodhpur,Urban,1,16,Female,Middle,Secondary,28598,89.2,75.8,0.48,0,5.67,0,0.0042289505,Low risk...
RJ004063,Sikar,Urban,7,7,Female,Low,No formal,7225,74.3,60.5,2.38,0,8.31,0,0.103026256,Low risk...
RJ004064,Jodhpur,Rural,8,9,Female,Lower-Middle,No formal,15213,80.3,69.8,3.18,1,3.89,0,0.71409947,High risk...
RJ004065,Barmer,Rural,2,7,Male,Middle,Primary,19355,88.6,68.6,0.1,0,4.9,0,0.008754707,Low risk...
RJ004066,Jaipur,Urban,9,6,Male,Middle,Higher Secondary,29686,80.0,55.6,1.4,1,5.33,0,0.07081708,Low risk...
RJ004067,Jaipur,Rural,4,17,Female,Low,Primary,5538,72.1,58.1,6.86,1,5.73,1,0.8355979,High risk...
RJ004068,Bhilwara,Urban,10,8,Male,Lower-Middle,Primary,15314,80.0,70.7,1.02,1,9.4,0,0.06378509,Low risk...
RJ004069,Alwar,Urban,11,12,Female,Upper-Middle,Primary,46626,81.1,68.1,0.59,0,8.93,0,0.03649033,Low risk...
RJ004070,Barmer,Urban,9,18,Female,Low,No formal,6639,72.9,56.1,2.45,1,7.94,0,0.054631896,Low risk...
RJ004071,Kota,Rural,3,18,Male,Lower-Middle,Primary,10587,80.7,50.7,2.76,0,7.14,0,0.924506,High risk...
RJ004072,Alwar,Rural,8,6,Female,Middle,Secondary,28885,87.0,62.0,3.65,1,5.66,0,0.058257744,Low risk...
RJ004073,Ajmer,Rural,11,7,Male,Low,Graduate+,4350,72.2,69.6,5.39,1,7.05,1,0.07283929,Low risk...
RJ004074,Ajmer,Rural,2,6,Male,Upper-Middle,Primary,55080,89.5,56.0,7.33,0,3.86,0,0.012951171,Low risk...
RJ004075,Alwar,Urban,3,13,Female,Low,No formal,4886,72.9,54.7,0.54,1,7.62,0,0.06901533,Low risk...
RJ004076,Ajmer,Urban,1,10,Male,Low,Secondary,5156,74.4,62.9,1.77,0,7.27,0,0.020441338,Low risk...
RJ004077,Bikaner,Rural,5,13,Female,Low,Secondary,4204,75.7,72.6,2.31,1,6.99,0,0.023916893,Low risk...
RJ004078,Kota,Urban,4,8,Female,Low,No formal,5515,67.6,59.0,1.4,0,8.49,1,0.9577631,High risk...
RJ004079,Sikar,Rural,1,18,Male,Low,Higher Secondary,5831,76.5,74.0,2.92,1,5.17,0,0.017922185,Low risk...
RJ004080,Jodhpur,Rural,10,17,Female,Middle,Higher Secondary,21595,80.9,71.4,0.75,0,4.8,0,0.01488554,Low risk...
RJ004081,Alwar,Rural,9,12,Female,Low,Primary,5167,72.6,52.4,3.38,1,6.83,0,0.21058644,Low risk...
RJ004082,Jodhpur,Urban,6,13,Male,Upper-Middle,Secondary,59629,90.5,67.4,1.93,0,6.33,0,0.00940958,Low risk...
RJ004083,Ajmer,Urban,6,11,Male,Lower-Middle,Secondary,11142,74.5,55.2,1.28,0,5.24,0,0.26302347,Low risk...
RJ004084,Alwar,Rural,11,18,Female,Lower-Middle,Secondary,14467,76.3,68.5,2.71,0,6.87,0,0.0436565,Low risk...
RJ004085,Jodhpur,Rural,2,18,Female,Lower-Middle,No formal,10394,82.0,57.1,1.41,1,5.29,0,0.032687906,Low risk...
RJ004086,Jaipur,Urban,7,12,Male,Middle,No formal,31658,85.3,61.5,0.49,0,4.87,0,0.058349915,Low risk...
RJ004087,Jaipur,Rural,12,17,Male,Lower-Middle,No formal,14093,76.1,59.3,4.86,1,2.96,0,0.19604245,Low risk...
RJ004088,Ajmer,Urban,12,7,Female,Low,Secondary,7376,66.8,71.2,1.86,1,5.59,1,0.9391959,High risk...
RJ004089,Barmer,Urban,9,13,Female,Upper-Middle,Primary,45345,84.8,71.7,1.39,0,7.27,0,0.025992464,Low risk...
RJ004090,Jaipur,Rural,6,10,Male,Lower-Middle,Primary,15788,75.4,54.7,0.1,1,1.73,1,0.96474355,High risk...
RJ004091,Alwar,Rural,11,12,Female,Low,Secondary,5771,72.7,62.8,1.72,1,6.46,1,0.05081199,Low risk...
RJ004092,Kota,Rural,8,6,Male,Lower-Middle,Primary,13448,78.2,75.7,2.7,0,6.92,0,0.06824052,Low risk...
RJ004093,Udaipur,Rural,12,10,Female,Lower-Middle,Secondary,13777,76.3,68.7,4.21,1,4.26,1,0.8797904,High risk...
RJ004094,Bhilwara,Urban,5,6,Male,Low,Primary,8199,68.9,44.2,2.6,1,5.23,1,0.9182838,High risk...
RJ004095,Kota,Rural,2,17,Male,Middle,Primary,19854,87.4,60.7,2.53,1,5.6,0,0.049531445,Low risk...
RJ004096,Bikaner,Urban,4,18,Male,Middle,Primary,19873,88.4,60.7,1.02,0,8.09,1,0.86697954,High risk...
RJ004097,Jaipur,Rural,12,13,Female,Middle,Graduate+,25586,77.0,80.2,6.87,1,2.7,0,0.026602779,Low risk...
RJ004098,Jaipur,Rural,1,9,Female,Lower-Middle,Secondary,16110,80.4,76.3,5.64,0,4.37,0,0.05232738,Low risk...
RJ004099,Jodhpur,Urban,1,9,Female,High,No formal,57214,90.3,62.7,2.32,0,5.9,0,0.0013003821,Low risk...
RJ004100,Jaipur,Rural,6,7,Female,Low,Graduate+,5360,72.2,60.6,0.1,1,5.55,0,0.02425126,Low risk...
RJ004101,Ajmer,Rural,2,10,Male,Lower-Middle,Secondary,10782,78.8,65.6,7.62,0,5.51,0,0.14799422,Low risk...
RJ004102,Bikaner,Rural,6,6,Female,Low,No formal,5481,74.6,58.9,4.55,1,6.62,0,0.09239422,Low risk...
RJ004103,Udaipur,Rural,1,14,Male,Middle,No formal,17932,88.5,58.9,3.51,1,5.2,1,0.80235755,High risk...
RJ004104,Jodhpur,Urban,11,10,Female,Low,Primary,7668,74.9,58.5,0.71,1,5.13,0,0.07677489,Low risk...
RJ004105,Kota,Urban,10,11,Male,Low,Secondary,4237,71.3,49.2,2.72,0,8.35,0,0.02697125,Low risk...
RJ004106,Alwar,Urban,3,7,Male,Middle,Secondary,25860,88.0,81.0,1.02,0,6.86,0,0.025504915,Low risk...
RJ004107,Bhilwara,Urban,9,15,Female,Lower-Middle,Primary,8873,76.3,47.3,0.31,0,10.0,1,0.95166695,High risk...
RJ004108,Jaipur,Rural,2,15,Female,Low,Primary,7554,72.2,44.7,1.55,1,4.66,1,0.86124116,High risk...
RJ004109,Barmer,Rural,8,6,Female,Lower-Middle,No formal,14671,81.0,65.6,0.1,1,5.72,0,0.31034628,Low risk...
RJ004110,Ajmer,Rural,6,9,Female,Middle,No formal,30127,89.2,57.1,3.82,0,6.96,0,0.05878223,Low risk...
RJ004111,Udaipur,Rural,12,12,Male,Low,Primary,7292,72.6,55.2,0.55,1,4.97,1,0.94998074,High risk...
RJ004112,Udaipur,Rural,6,11,Female,Low,Primary,8149,73.9,60.4,6.19,1,2.75,0,0.07478649,Low risk...
RJ004113,Jaipur,Urban,7,15,Male,High,Primary,79341,89.1,74.5,2.21,0,5.65,0,0.008231924,Low risk...
RJ004114,Jaipur,Rural,5,6,Female,Lower-Middle,Graduate+,15637,83.4,70.8,7.58,1,5.24,0,0.09890415,Low risk...
RJ004115,Ajmer,Rural,12,6,Female,Lower-Middle,No formal,9948,78.2,74.7,6.51,1,3.48,1,0.4343401,Moderate risk..
RJ004116,Kota,Rural,11,13,Male,Middle,No formal,25397,89.1,67.0,0.8,0,7.36,0,0.008851554,Low risk...
RJ004117,Barmer,Urban,4,9,Male,Lower-Middle,No formal,8475,77.0,69.2,0.78,1,5.13,0,0.12802765,Low risk...
RJ004118,Bikaner,Rural,6,10,Male,Low,Primary,5393,76.1,63.5,1.44,1,7.39,1,0.7113575,High risk...
RJ004119,Jaipur,Urban,8,18,Male,Low,Secondary,6124,74.1,79.5,2.67,0,6.25,0,0.25675827,Low risk...
RJ004120,Alwar,Rural,4,12,Male,Lower-Middle,Secondary,16038,79.5,74.2,9.4,0,6.7,0,0.05967586,Low risk...
RJ004121,Kota,Rural,5,13,Male,Upper-Middle,Primary,41484,94.1,72.4,7.54,0,7.19,0,0.009396815,Low risk...
RJ004122,Udaipur,Urban,7,15,Male,Low,Primary,7024,74.2,65.2,0.1,1,6.14,1,0.89214545,High risk...
RJ004123,Alwar,Rural,6,12,Female,Low,Primary,7703,70.7,55.9,4.34,1,3.86,0,0.08953227,Low risk...
RJ004124,Barmer,Rural,4,7,Female,Upper-Middle,Primary,41786,90.1,67.5,8.57,0,2.95,0,0.0017502592,Low risk...
RJ004125,Sikar,Rural,4,9,Male,Low,Secondary,4911,71.7,50.6,5.57,1,6.53,1,0.92462635,High risk...
RJ004126,Alwar,Rural,10,15,Male,Lower-Middle,No formal,13366,76.1,52.7,7.03,0,2.33,0,0.0856471,Low risk...
RJ004127,Alwar,Urban,4,17,Male,Low,Secondary,5394,76.6,80.4,0.17,1,6.17,0,0.039030466,Low risk...
RJ004128,Bhilwara,Rural,1,6,Female,Lower-Middle,Secondary,13881,85.0,59.4,4.23,0,7.83,0,0.052099794,Low risk...
RJ004129,Kota,Rural,5,15,Female,Lower-Middle,Primary,9531,80.7,58.8,3.79,1,7.59,0,0.44910267,Moderate risk..
RJ004130,Jaipur,Urban,8,14,Female,Low,Primary,4837,70.2,57.0,0.94,1,2.28,0,0.059290905,Low risk...
RJ004131,Kota,Rural,7,8,Female,Lower-Middle,Graduate+,14078,80.1,70.1,1.7,1,7.9,0,0.04133645,Low risk...
RJ004132,Jodhpur,Rural,5,17,Female,Middle,No formal,34537,88.2,69.5,1.29,0,3.23,1,0.9218685,High risk...
RJ004133,Alwar,Urban,3,8,Female,Middle,No formal,21821,81.1,58.4,1.92,0,6.98,0,0.016987452,Low risk...
RJ004134,Ajmer,Urban,11,15,Male,Lower-Middle,Primary,14397,77.3,65.5,0.59,0,5.88,0,0.19323935,Low risk...
RJ004135,Ajmer,Urban,1,14,Female,Lower-Middle,Secondary,12869,81.4,76.0,0.13,1,5.81,0,0.0064416295,Low risk...
RJ004136,Jaipur,Rural,7,15,Female,Lower-Middle,No formal,15488,81.9,72.8,4.65,0,1.81,1,0.7527753,High risk...
RJ004137,Alwar,Rural,11,8,Female,Lower-Middle,Graduate+,11667,78.2,67.3,5.99,1,5.0,0,0.11758724,Low risk...
RJ004138,Kota,Urban,3,13,Female,Middle,Secondary,34505,88.5,76.0,0.64,0,10.0,0,0.0016941951,Low risk...
RJ004139,Alwar,Rural,4,7,Male,Middle,Higher Secondary,18942,85.1,62.3,6.21,0,4.94,1,0.87332255,High risk...
RJ004140,Udaipur,Urban,5,18,Female,Lower-Middle,Primary,16671,80.0,57.8,1.11,1,5.1,0,0.0054625794,Low risk...
RJ004141,Kota,Rural,12,8,Male,Low,Higher Secondary,7754,73.3,55.0,5.25,0,6.67,1,0.5222911,Moderate risk..
RJ004142,Jaipur,Rural,8,7,Male,Low,Primary,7839,72.3,58.6,2.37,1,2.33,0,0.063274965,Low risk...
RJ004143,Jaipur,Rural,7,6,Male,Low,Primary,7738,73.5,52.8,6.84,1,2.61,0,0.06919591,Low risk...
RJ004144,Sikar,Urban,9,7,Female,Upper-Middle,Higher Secondary,58649,83.4,58.3,0.45,0,7.13,0,0.037101336,Low risk...
RJ004145,Barmer,Rural,11,13,Female,Middle,No formal,31765,82.8,60.1,5.86,0,7.15,0,0.019987842,Low risk...
RJ004146,Ajmer,Rural,3,14,Female,Lower-Middle,Graduate+,15956,75.0,53.7,8.61,1,5.97,0,0.03299804,Low risk...
RJ004147,Jaipur,Rural,11,18,Female,Low,Primary,6135,69.5,67.9,6.13,1,4.23,1,0.8655416,High risk...
RJ004148,Bikaner,Rural,10,7,Male,Low,Graduate+,8145,71.7,61.1,8.72,1,9.26,0,0.040825967,Low risk...
RJ004149,Alwar,Urban,1,12,Female,Upper-Middle,Primary,43626,94.3,80.1,1.35,0,7.33,0,0.012591078,Low risk...
RJ004150,Sikar,Rural,1,10,Female,Upper-Middle,Secondary,54448,89.0,67.5,2.71,0,6.49,0,0.009506735,Low risk...
RJ004151,Jaipur,Rural,12,8,Male,Low,No formal,7183,71.6,46.9,7.45,1,3.83,1,0.9277659,High risk...
RJ004152,Jaipur,Rural,10,14,Male,Middle,Primary,31866,87.9,77.7,1.04,0,4.06,0,0.004661792,Low risk...
RJ004153,Alwar,Rural,1,11,Female,Lower-Middle,Secondary,14602,80.1,66.8,9.67,0,3.95,0,0.30632415,Low risk...
RJ004154,Kota,Rural,2,16,Female,Low,Secondary,4349,70.9,75.6,7.91,1,7.06,0,0.06584099,Low risk...
RJ004155,Jodhpur,Urban,2,6,Female,Middle,No formal,30435,88.4,62.8,2.18,0,5.03,1,0.023926606,Low risk...
RJ004156,Jaipur,Urban,7,10,Female,Lower-Middle,Primary,8596,75.4,57.3,1.16,1,4.5,1,0.6963922,Moderate risk..
RJ004157,Udaipur,Urban,9,12,Female,Middle,Primary,26832,81.5,72.5,2.31,0,4.8,0,0.039097562,Low risk...
RJ004158,Barmer,Urban,8,9,Female,Low,No formal,7724,75.3,66.8,0.44,1,7.63,0,0.021265378,Low risk...
RJ004159,Bhilwara,Rural,4,13,Female,Low,Primary,7684,80.1,64.9,1.55,1,6.78,1,0.7891184,High risk...
RJ004160,Udaipur,Rural,2,15,Female,Low,Higher Secondary,7734,72.5,90.6,4.86,1,3.83,0,0.31245756,Low risk...
RJ004161,Udaipur,Rural,3,10,Male,Low,Primary,6730,72.8,57.0,4.48,1,6.24,0,0.05221161,Low risk...
RJ004162,Jaipur,Rural,10,14,Female,Lower-Middle,Primary,9944,76.2,51.2,7.92,1,4.39,0,0.048303265,Low risk...
RJ004163,Udaipur,Rural,5,14,Female,Low,Graduate+,6334,72.4,57.9,4.91,1,3.99,1,0.81164944,High risk...
RJ004164,Kota,Urban,9,14,Female,Lower-Middle,No formal,12736,83.8,61.6,1.14,1,9.93,0,0.014650695,Low risk...
RJ004165,Ajmer,Rural,8,6,Male,Lower-Middle,Secondary,11128,76.9,76.3,2.36,1,4.33,0,0.06341478,Low risk...
RJ004166,Bikaner,Urban,12,7,Male,Middle,Secondary,24922,81.3,65.3,0.1,0,8.34,0,0.0061728638,Low risk...
RJ004167,Jodhpur,Rural,3,8,Male,Lower-Middle,Secondary,15726,85.8,82.0,0.1,0,3.73,0,0.015574193,Low risk...
RJ004168,Jaipur,Urban,9,9,Female,Middle,Secondary,26564,85.7,72.9,2.06,1,5.36,0,0.011116519,Low risk...
RJ004169,Kota,Urban,10,15,Female,Low,Secondary,7160,74.5,71.4,0.5,1,9.34,0,0.113168076,Low risk...
RJ004170,Jaipur,Rural,3,14,Male,Low,No formal,6282,72.3,60.0,6.78,1,2.66,0,0.24261232,Low risk...
RJ004171,Jodhpur,Rural,10,15,Male,Low,Primary,6793,69.9,60.6,3.35,1,4.5,1,0.8860027,High risk...
RJ004172,Bhilwara,Rural,12,18,Male,Low,Secondary,4589,67.4,64.5,5.38,1,7.76,0,0.0543419,Low risk...
RJ004173,Bikaner,Rural,8,11,Male,Low,No formal,8112,74.9,53.9,4.01,1,6.8,0,0.036454584,Low risk...
RJ004174,Udaipur,Rural,1,6,Male,Low,No formal,6031,79.7,56.9,3.58,1,3.81,0,0.085135676,Low risk...
RJ004175,Barmer,Rural,4,17,Male,Lower-Middle,Higher Secondary,14686,78.7,70.4,2.04,1,3.56,1,0.8787435,High risk...
RJ004176,Bhilwara,Rural,4,14,Male,High,Secondary,93358,92.4,89.0,6.52,0,5.64,0,0.0021045844,Low risk...
RJ004177,Ajmer,Rural,6,11,Male,Low,Primary,7557,72.5,46.8,0.24,1,3.85,1,0.94318986,High risk...
RJ004178,Sikar,Urban,12,9,Male,Middle,Graduate+,18110,77.9,53.0,2.97,1,7.63,1,0.020709274,Low risk...
RJ004179,Kota,Urban,12,9,Female,Low,Secondary,8128,68.5,57.0,0.89,1,9.39,0,0.011922873,Low risk...
RJ004180,Kota,Urban,2,8,Male,Middle,Graduate+,32021,89.8,84.6,0.97,0,10.0,0,0.005200499,Low risk...
RJ004181,Bikaner,Rural,7,12,Male,Lower-Middle,Graduate+,15404,76.4,68.8,0.1,1,7.3,0,0.09708515,Low risk...
RJ004182,Alwar,Rural,5,8,Male,Upper-Middle,Primary,46214,90.3,60.4,0.1,0,5.41,0,0.011341358,Low risk...
RJ004183,Alwar,Urban,10,7,Male,Low,Secondary,7545,67.6,59.2,0.45,1,7.2,1,0.9341223,High risk...
RJ004184,Kota,Rural,6,15,Male,Low,Secondary,6616,73.1,48.0,6.2,1,6.3,1,0.5804121,Moderate risk..
RJ004185,Jaipur,Rural,11,13,Male,Low,Higher Secondary,6315,69.3,67.0,2.97,1,4.52,0,0.06599423,Low risk...
RJ004186,Ajmer,Rural,6,9,Female,Lower-Middle,Secondary,14993,75.8,61.0,0.19,1,5.38,0,0.031048164,Low risk...
RJ004187,Jaipur,Rural,12,13,Female,Upper-Middle,No formal,51276,88.9,66.2,3.56,0,2.66,0,0.009714199,Low risk...
RJ004188,Ajmer,Rural,11,6,Female,Middle,No formal,18850,85.5,68.2,7.53,0,5.37,0,0.04614682,Low risk...
RJ004189,Alwar,Rural,6,10,Female,Middle,Primary,23004,82.6,66.8,0.19,0,6.12,0,0.0047519943,Low risk...
RJ004190,Alwar,Rural,10,18,Male,Lower-Middle,Higher Secondary,13626,76.9,62.2,7.17,1,4.03,1,0.8957399,High risk...
RJ004191,Alwar,Urban,12,14,Female,Upper-Middle,Higher Secondary,59970,86.6,80.6,0.75,0,7.92,0,0.17387132,Low risk...
RJ004192,Barmer,Urban,8,6,Male,Lower-Middle,Primary,16237,73.1,65.8,0.63,1,5.75,0,0.02373352,Low risk...
RJ004193,Udaipur,Rural,10,16,Female,Low,Secondary,7723,67.3,44.2,4.33,1,0.91,0,0.013378969,Low risk...
RJ004194,Alwar,Rural,4,18,Male,Middle,Higher Secondary,21950,90.4,72.8,6.84,1,6.33,0,0.0116782505,Low risk...
RJ004195,Ajmer,Rural,10,9,Female,Low,Primary,6188,68.3,47.9,8.41,1,6.34,1,0.8920708,High risk...
RJ004196,Jodhpur,Rural,8,11,Female,Low,No formal,6020,76.3,49.1,6.98,1,2.97,1,0.8924797,High risk...
RJ004197,Jaipur,Rural,9,15,Male,Low,Primary,6042,68.0,60.7,8.66,1,1.94,0,0.033302337,Low risk...
RJ004198,Kota,Urban,4,13,Female,Lower-Middle,Higher Secondary,8818,82.5,66.5,0.59,1,10.0,0,0.011988771,Low risk...
RJ004199,Bikaner,Rural,1,8,Male,Lower-Middle,Secondary,9859,81.1,65.5,2.14,0,6.65,0,0.08869763,Low risk...
RJ004200,Ajmer,Rural,3,10,Female,Low,Primary,4844,74.5,54.9,7.55,1,6.34,0,0.099484436,Low risk...
RJ004201,Barmer,Rural,1,12,Female,Middle,No formal,28302,93.6,72.6,8.09,0,2.9,0,0.034197345,Low risk...
RJ004202,Jodhpur,Rural,7,6,Male,Middle,Secondary,24706,81.2,72.1,6.79,0,5.5,0,0.005616957,Low risk...
RJ004203,Jaipur,Urban,12,12,Male,Upper-Middle,Higher Secondary,41718,88.3,90.7,1.5,0,6.19,0,0.41841173,Moderate risk..
RJ004204,Bhilwara,Urban,1,18,Male,Lower-Middle,Secondary,12129,83.7,66.8,1.33,0,9.19,0,0.04014259,Low risk...
RJ004205,Jaipur,Rural,11,17,Female,Middle,Primary,23174,93.1,59.9,5.03,0,1.61,0,0.016482733,Low risk...
RJ004206,Udaipur,Rural,4,16,Male,Middle,No formal,30756,83.3,59.4,3.94,0,3.61,0,0.11871103,Low risk...
RJ004207,Ajmer,Rural,1,13,Female,Low,Higher Secondary,4902,74.1,71.6,6.18,1,6.01,0,0.015547705,Low risk...
RJ004208,Udaipur,Rural,2,13,Female,Low,Primary,4436,77.9,56.2,5.43,1,2.29,1,0.95751077,High risk...
RJ004209,Jaipur,Rural,11,14,Male,Lower-Middle,No formal,13866,76.4,47.5,6.66,1,3.09,0,0.047215305,Low risk...
RJ004210,Jaipur,Rural,1,11,Other,Low,Higher Secondary,5168,74.6,59.1,3.6,1,4.01,0,0.04851694,Low risk...
RJ004211,Jaipur,Rural,5,17,Female,Low,Graduate+,6902,76.9,64.4,6.73,1,2.45,0,0.07394081,Low risk...
RJ004212,Ajmer,Urban,7,11,Male,Lower-Middle,Secondary,8892,78.2,56.3,1.81,0,7.8,0,0.07888313,Low risk...
RJ004213,Udaipur,Urban,3,7,Male,Low,Secondary,5238,72.3,63.1,0.9,0,6.58,0,0.04603363,Low risk...
RJ004214,Jodhpur,Rural,8,8,Female,Low,Primary,4846,74.7,59.8,1.75,1,4.34,0,0.028383216,Low risk...
RJ004215,Ajmer,Rural,5,9,Male,Lower-Middle,No formal,10842,81.1,68.5,7.72,1,5.43,1,0.74334127,High risk...
RJ004216,Sikar,Rural,5,9,Male,Middle,No formal,23255,85.1,61.0,0.37,0,4.87,0,0.09370169,Low risk...
RJ004217,Jaipur,Rural,5,13,Male,Middle,Secondary,26166,84.9,73.4,1.13,0,4.2,0,0.007849521,Low risk...
RJ004218,Udaipur,Rural,8,6,Female,Lower-Middle,No formal,12769,75.8,55.0,4.5,1,3.38,0,0.12142339,Low risk...
RJ004219,Alwar,Rural,2,15,Female,Lower-Middle,Higher Secondary,13693,83.7,61.6,0.1,0,5.16,0,0.0682321,Low risk...
RJ004220,Jodhpur,Rural,2,9,Female,Lower-Middle,No formal,11186,80.4,57.4,8.63,0,3.6,0,0.05758607,Low risk...
RJ004221,Kota,Rural,12,16,Male,Low,Primary,6434,68.2,43.6,4.04,1,8.81,1,0.90055764,High risk...
RJ004222,Ajmer,Urban,8,17,Female,Low,Primary,8358,68.6,71.1,1.41,1,7.71,0,0.015471722,Low risk...
RJ004223,Barmer,Rural,9,18,Female,Middle,Secondary,21186,85.2,70.3,9.41,0,3.69,0,0.026603516,Low risk...
RJ004224,Sikar,Rural,11,16,Male,Lower-Middle,Primary,9683,75.5,54.5,3.54,1,6.75,1,0.8173889,High risk...
RJ004225,Ajmer,Rural,12,16,Male,Middle,Higher Secondary,32245,76.5,63.3,8.05,0,4.2,0,0.029586267,Low risk...
RJ004226,Alwar,Rural,10,9,Female,Middle,Primary,24681,79.9,43.9,0.82,0,7.21,0,0.059528854,Low risk...
RJ004227,Kota,Rural,10,6,Female,Low,Secondary,7757,70.8,72.0,5.3,1,8.94,0,0.022331228,Low risk...
RJ004228,Ajmer,Rural,2,8,Female,Lower-Middle,Secondary,11967,80.9,77.2,2.58,1,7.19,0,0.04227245,Low risk...
RJ004229,Bikaner,Rural,4,10,Female,Lower-Middle,No formal,8582,79.8,62.2,6.09,0,7.56,0,0.08593828,Low risk...
RJ004230,Jodhpur,Rural,8,11,Female,Lower-Middle,Secondary,11549,77.4,67.0,6.65,1,3.81,0,0.0061191665,Low risk...
RJ004231,Alwar,Urban,2,14,Male,Lower-Middle,Secondary,13525,77.1,54.1,0.41,1,6.56,0,0.051783256,Low risk...
RJ004232,Udaipur,Rural,4,14,Female,High,Higher Secondary,81063,90.9,65.4,5.63,0,4.35,0,0.00187952,Low risk...
RJ004233,Kota,Rural,10,14,Female,Middle,Higher Secondary,25539,87.1,59.1,6.83,1,6.36,0,0.43115452,Moderate risk..
RJ004234,Barmer,Rural,1,16,Female,Upper-Middle,No formal,62947,95.1,69.3,4.56,0,2.29,0,0.0031783886,Low risk...
RJ004235,Jaipur,Rural,2,6,Male,Low,No formal,6485,77.2,68.3,11.62,1,3.21,0,0.022151422,Low risk...
RJ004236,Kota,Urban,7,17,Female,Low,Primary,7127,74.5,57.2,0.17,1,8.91,1,0.8049005,High risk...
RJ004237,Jaipur,Urban,1,14,Female,Low,Graduate+,7228,78.7,72.5,1.0,0,5.67,0,0.07209169,Low risk...
RJ004238,Sikar,Rural,12,18,Male,Low,No formal,4201,67.1,61.6,7.44,1,5.81,0,0.0019772234,Low risk...
RJ004239,Alwar,Urban,1,13,Male,Lower-Middle,Secondary,13041,82.1,54.3,1.59,1,7.0,0,0.0356484,Low risk...
RJ004240,Kota,Urban,2,7,Female,Lower-Middle,Secondary,16490,78.1,79.6,0.75,1,10.0,1,0.8972936,High risk...
RJ004241,Alwar,Urban,4,18,Male,Lower-Middle,Secondary,14707,77.2,73.6,0.87,0,5.99,0,0.04053066,Low risk...
RJ004242,Bikaner,Rural,7,16,Female,Upper-Middle,No formal,42223,90.1,71.7,4.34,0,6.59,0,0.049476285,Low risk...
RJ004243,Alwar,Urban,4,6,Female,Upper-Middle,No formal,42984,93.3,76.9,1.5,0,8.97,0,0.037956983,Low risk...
RJ004244,Bikaner,Urban,5,6,Male,Low,Primary,5475,73.4,67.4,0.7,1,5.58,0,0.37560564,Low risk...
RJ004245,Bikaner,Urban,4,17,Female,Upper-Middle,No formal,51352,95.4,73.1,1.56,1,9.88,0,0.002122954,Low risk...
RJ004246,Bhilwara,Rural,4,11,Female,Lower-Middle,No formal,9217,81.1,73.6,2.76,1,7.72,0,0.021075591,Low risk...
RJ004247,Jodhpur,Rural,9,14,Male,Lower-Middle,No formal,10836,75.7,55.3,8.76,0,4.09,0,0.059543774,Low risk...
RJ004248,Jaipur,Rural,6,12,Male,Middle,Secondary,26219,82.2,71.0,0.75,0,4.51,0,0.05125201,Low risk...
RJ004249,Ajmer,Rural,12,10,Female,Low,Primary,6448,73.6,70.3,0.1,1,5.72,0,0.52978134,Moderate risk..
RJ004250,Bhilwara,Urban,3,16,Male,Upper-Middle,Primary,50633,91.4,48.9,2.14,0,7.19,0,0.022277625,Low risk...
RJ004251,Kota,Rural,6,7,Male,Middle,Primary,31451,87.5,71.6,7.78,1,6.4,0,0.010588087,Low risk...
RJ004252,Jaipur,Rural,7,6,Male,Upper-Middle,No formal,36642,81.0,67.9,3.46,0,3.13,0,0.046433426,Low risk...
RJ004253,Kota,Urban,7,7,Male,High,Primary,68601,92.7,57.6,2.12,0,6.75,0,0.031165374,Low risk...
RJ004254,Udaipur,Rural,8,6,Male,Lower-Middle,No formal,15727,77.0,62.0,0.1,1,3.97,0,0.13707778,Low risk...
RJ004255,Jodhpur,Urban,4,8,Female,Low,Secondary,7691,70.3,53.8,0.66,1,6.23,0,0.041346665,Low risk...
RJ004256,Ajmer,Urban,1,11,Female,Low,No formal,7651,75.8,62.2,1.3,1,7.67,0,0.0053585237,Low risk...
RJ004257,Bhilwara,Rural,6,18,Male,Low,Graduate+,5076,76.8,67.8,7.85,0,7.23,0,0.36926013,Low risk...
RJ004258,Bikaner,Rural,8,13,Male,Low,No formal,4445,79.3,53.5,4.22,1,6.52,0,0.0902081,Low risk...
RJ004259,Kota,Urban,5,8,Female,Middle,Graduate+,26660,86.7,83.4,1.35,0,9.1,1,0.8781806,High risk...
RJ004260,Bikaner,Urban,3,15,Male,Low,Higher Secondary,7854,72.9,60.8,0.91,1,8.69,0,0.060363706,Low risk...
RJ004261,Jaipur,Rural,4,14,Female,High,Secondary,69301,91.2,74.9,7.05,0,4.4,0,0.02943757,Low risk...
RJ004262,Barmer,Rural,8,15,Female,Middle,Higher Secondary,33324,87.4,83.4,8.05,1,4.65,1,0.8906919,High risk...
RJ004263,Bikaner,Rural,6,10,Female,Low,No formal,4794,70.5,48.5,3.67,1,8.15,0,0.036851555,Low risk...
RJ004264,Bikaner,Rural,5,12,Male,Lower-Middle,No formal,10904,81.9,62.7,4.2,1,7.0,0,0.116674796,Low risk...
RJ004265,Ajmer,Rural,9,13,Male,Lower-Middle,Primary,10906,78.9,59.0,6.34,0,6.29,1,0.76845515,High risk...
RJ004266,Bikaner,Rural,10,8,Male,Lower-Middle,No formal,9669,78.0,58.1,1.75,1,7.44,0,0.042704377,Low risk...
RJ004267,Ajmer,Urban,3,7,Male,Lower-Middle,Primary,15731,76.3,78.6,0.61,1,5.9,0,0.0088263685,Low risk...
RJ004268,Jaipur,Rural,7,7,Male,Low,Secondary,5933,71.9,64.8,3.3,1,3.28,0,0.024639873,Low risk...
RJ004269,Sikar,Rural,9,10,Female,Middle,No formal,20837,79.6,63.8,3.77,0,6.14,0,0.012646574,Low risk...
RJ004270,Bhilwara,Urban,11,6,Female,Lower-Middle,Primary,9637,75.2,64.9,1.9,1,7.38,0,0.13177657,Low risk...
RJ004271,Ajmer,Rural,11,7,Female,Middle,No formal,24866,85.8,68.4,4.39,1,4.87,1,0.74343324,High risk...
RJ004272,Bhilwara,Urban,12,18,Female,Middle,Secondary,17803,86.2,55.1,0.83,0,9.72,0,0.061596546,Low risk...
RJ004273,Jodhpur,Rural,4,14,Male,Low,Graduate+,4708,75.1,85.9,2.59,1,4.61,0,0.036950182,Low risk...
RJ004274,Udaipur,Urban,10,12,Female,Low,Primary,4216,69.8,45.8,0.18,1,4.33,0,0.028613102,Low risk...
RJ004275,Ajmer,Rural,10,11,Male,Middle,Primary,17927,88.3,82.4,8.34,1,5.31,0,0.011026006,Low risk...
RJ004276,Ajmer,Urban,3,14,Male,High,Primary,111853,92.2,75.9,1.35,0,5.16,0,0.0023101247,Low risk...
RJ004277,Bikaner,Urban,1,12,Female,Lower-Middle,Secondary,12171,78.6,66.6,1.06,1,8.95,1,0.76085436,High risk...
RJ004278,Kota,Rural,9,16,Female,Low,No formal,7261,74.1,55.5,0.91,1,8.75,1,0.7341174,High risk...
RJ004279,Jaipur,Rural,1,10,Female,Low,Graduate+,7296,77.4,89.8,4.74,1,3.69,0,0.20711745,Low risk...
RJ004280,Bikaner,Rural,2,14,Male,Low,Primary,7898,73.9,64.8,6.43,1,6.13,1,0.14884573,Low risk...
RJ004281,Jodhpur,Urban,9,11,Male,Low,Primary,4636,72.3,59.1,0.43,1,5.4,0,0.158107,Low risk...
RJ004282,Alwar,Rural,5,11,Male,Lower-Middle,Graduate+,12816,81.3,67.0,5.89,0,5.55,0,0.049861535,Low risk...
RJ004283,Jodhpur,Rural,4,16,Male,Middle,Graduate+,23130,87.1,69.5,3.39,1,5.19,1,0.86050314,High risk...
RJ004284,Jaipur,Urban,9,9,Male,Low,Secondary,6504,73.4,62.4,0.1,1,6.2,0,0.32902074,Low risk...
RJ004285,Udaipur,Rural,9,18,Female,Low,No formal,5595,70.5,48.4,7.04,1,2.89,1,0.9444542,High risk...
RJ004286,Ajmer,Rural,2,17,Female,Lower-Middle,Secondary,9943,83.1,73.3,7.41,0,4.68,0,0.110771745,Low risk...
RJ004287,Barmer,Urban,3,6,Male,Upper-Middle,Primary,52694,91.1,65.1,2.45,0,6.59,0,0.014141919,Low risk...
RJ004288,Ajmer,Rural,12,10,Female,Lower-Middle,Primary,8723,75.1,68.7,5.35,1,4.39,0,0.07713362,Low risk...
RJ004289,Kota,Rural,3,16,Male,High,No formal,106142,93.3,77.3,7.97,0,7.87,0,0.02644232,Low risk...
RJ004290,Sikar,Rural,5,14,Female,Lower-Middle,Primary,9629,79.7,63.0,2.81,1,4.06,0,0.0052722236,Low risk...
RJ004291,Udaipur,Rural,3,18,Male,Low,Secondary,6784,70.7,65.1,5.05,1,4.24,0,0.07295771,Low risk...
RJ004292,Jaipur,Rural,10,13,Female,Low,Primary,7368,69.6,62.4,2.84,1,4.64,1,0.7984967,High risk...
RJ004293,Udaipur,Urban,6,13,Female,Middle,Graduate+,18776,85.7,62.2,1.74,0,5.53,0,0.02225555,Low risk...
RJ004294,Barmer,Rural,2,10,Female,Lower-Middle,No formal,15988,77.4,73.8,2.82,1,4.87,0,0.44213507,Moderate risk..
RJ004295,Bikaner,Rural,6,17,Male,Lower-Middle,No formal,11392,77.6,58.0,0.63,1,8.11,0,0.049309243,Low risk...
RJ004296,Kota,Rural,6,14,Female,Middle,Secondary,34943,92.7,79.2,5.28,0,6.93,1,0.8728769,High risk...
RJ004297,Jaipur,Rural,2,8,Male,Middle,Higher Secondary,18704,84.1,76.6,1.68,1,4.23,0,0.0045355996,Low risk...
RJ004298,Jodhpur,Urban,6,8,Male,Low,Graduate+,7210,72.3,46.0,1.95,1,5.56,0,0.07033395,Low risk...
RJ004299,Bikaner,Rural,6,6,Male,Middle,Secondary,20313,83.0,62.5,6.23,0,6.36,0,0.025241762,Low risk...
RJ004300,Ajmer,Rural,6,14,Female,Lower-Middle,No formal,11783,79.1,67.7,6.03,1,5.9,0,0.049575184,Low risk...
RJ004301,Jaipur,Rural,12,11,Female,Lower-Middle,Graduate+,12123,74.1,67.5,3.01,1,5.01,0,0.0469838,Low risk...
RJ004302,Bhilwara,Rural,5,7,Male,Lower-Middle,Higher Secondary,11812,79.3,73.5,6.11,1,8.31,1,0.9519176,High risk...
RJ004303,Alwar,Rural,7,13,Female,Lower-Middle,No formal,11236,76.8,60.3,1.58,1,6.26,0,0.05547482,Low risk...
RJ004304,Ajmer,Rural,12,17,Female,Low,Secondary,7422,73.7,72.1,2.88,1,5.51,1,0.883555,High risk...
RJ004305,Sikar,Rural,5,14,Male,Lower-Middle,Secondary,15287,80.2,67.0,5.22,1,5.78,0,0.025850303,Low risk...
RJ004306,Jaipur,Rural,11,14,Male,Low,Primary,5610,68.0,67.8,7.1,0,3.52,1,0.90670234,High risk...
RJ004307,Udaipur,Rural,1,7,Male,Lower-Middle,Graduate+,12454,84.5,65.4,2.85,0,3.31,0,0.022468712,Low risk...
RJ004308,Ajmer,Urban,12,7,Female,Low,No formal,5971,67.6,53.0,3.33,1,4.43,1,0.3437149,Low risk...
RJ004309,Sikar,Rural,9,18,Male,Low,Secondary,6693,67.3,53.6,6.95,1,3.84,0,0.021858295,Low risk...
RJ004310,Sikar,Rural,3,12,Female,Low,No formal,4831,75.0,61.6,5.84,1,5.43,0,0.060892634,Low risk...
RJ004311,Kota,Urban,2,16,Male,Lower-Middle,Primary,15168,87.2,65.7,1.55,1,7.6,0,0.09429419,Low risk...
RJ004312,Bhilwara,Rural,10,9,Male,Upper-Middle,Secondary,56606,82.0,65.4,7.54,0,7.57,0,0.020426864,Low risk...
RJ004313,Jaipur,Urban,6,18,Male,Low,No formal,6680,69.5,49.6,2.56,1,6.86,1,0.6712859,Moderate risk..
RJ004314,Barmer,Rural,8,6,Male,Lower-Middle,Primary,14668,80.8,60.4,5.1,1,1.47,1,0.90940005,High risk...
RJ004315,Bhilwara,Rural,2,13,Male,Low,Graduate+,8352,73.6,66.6,2.23,1,6.18,0,0.17084727,Low risk...
RJ004316,Jodhpur,Rural,4,7,Male,Middle,Secondary,33644,88.3,54.8,5.49,1,6.28,0,0.02848083,Low risk...
RJ004317,Alwar,Rural,2,8,Female,Low,Secondary,6768,73.0,43.4,1.54,1,6.19,0,0.03897008,Low risk...
RJ004318,Jaipur,Urban,12,10,Male,Low,No formal,6348,70.9,56.5,1.27,1,5.0,1,0.86432076,High risk...
RJ004319,Bikaner,Rural,12,8,Female,Low,Primary,6445,75.7,38.9,1.9,1,6.73,0,0.01570286,Low risk...
RJ004320,Udaipur,Urban,9,12,Female,High,Secondary,82130,87.4,68.9,1.62,0,6.06,0,0.0014249064,Low risk...
RJ004321,Ajmer,Urban,10,12,Female,Lower-Middle,Higher Secondary,12434,80.6,65.7,0.74,1,7.48,1,0.7317322,High risk...
RJ004322,Bhilwara,Rural,2,7,Female,Low,No formal,7275,77.5,64.3,4.55,1,5.88,0,0.01906535,Low risk...
RJ004323,Alwar,Rural,10,18,Female,Low,Secondary,8367,67.0,52.8,4.65,1,6.85,0,0.015671266,Low risk...
RJ004324,Udaipur,Urban,2,18,Male,Low,No formal,4390,77.2,72.4,1.99,1,5.88,1,0.93937486,High risk...
RJ004325,Sikar,Rural,5,12,Female,Low,No formal,5167,74.2,64.8,4.36,1,6.35,0,0.0889512,Low risk...
RJ004326,Bhilwara,Rural,12,16,Female,Middle,Primary,21179,82.8,53.2,4.14,1,8.18,0,0.11260784,Low risk...
RJ004327,Jaipur,Rural,5,11,Female,Lower-Middle,No formal,15396,81.0,59.8,2.28,1,3.92,1,0.7896972,High risk...
RJ004328,Bhilwara,Rural,12,15,Female,Lower-Middle,No formal,11926,75.4,71.0,3.14,1,7.6,0,0.1603271,Low risk...
RJ004329,Jaipur,Rural,7,14,Female,Low,Secondary,6406,73.2,56.3,0.1,1,4.13,0,0.09692052,Low risk...
RJ004330,Sikar,Rural,1,18,Male,Lower-Middle,Primary,12341,82.7,64.8,8.18,1,5.06,0,0.07048711,Low risk...
RJ004331,Kota,Urban,12,14,Female,Low,Secondary,7785,72.7,72.9,1.75,1,9.52,0,0.030249787,Low risk...
RJ004332,Jaipur,Rural,2,7,Male,Low,Secondary,6299,70.9,56.2,8.92,0,3.35,0,0.013999597,Low risk...
RJ004333,Bikaner,Rural,11,12,Male,Middle,Secondary,29187,86.9,79.1,3.64,1,7.27,0,0.0639618,Low risk...
RJ004334,Ajmer,Urban,11,10,Female,Low,Primary,4282,67.5,48.8,1.32,1,8.06,1,0.8707113,High risk...
RJ004335,Bikaner,Urban,6,18,Male,Lower-Middle,Primary,13881,81.8,41.6,1.34,1,8.73,0,0.045796543,Low risk...
RJ004336,Jaipur,Urban,2,11,Male,Upper-Middle,Secondary,39090,91.7,82.8,1.79,0,5.53,0,0.0031974367,Low risk...
RJ004337,Ajmer,Rural,4,6,Female,Low,No formal,7841,70.7,59.4,4.2,1,4.82,0,0.02868534,Low risk...
RJ004338,Barmer,Rural,10,12,Female,Upper-Middle,Higher Secondary,55174,89.1,77.9,6.03,1,4.33,1,0.8638917,High risk...
RJ004339,Bikaner,Rural,6,11,Female,Low,Primary,4659,70.7,49.3,4.52,1,9.19,0,0.046267442,Low risk...
RJ004340,Jodhpur,Rural,12,9,Female,Low,No formal,4635,73.7,49.6,2.99,1,2.63,0,0.043075368,Low risk...
RJ004341,Bikaner,Rural,7,6,Female,Lower-Middle,Secondary,10861,76.9,73.3,1.26,1,7.32,0,0.028149223,Low risk...
RJ004342,Jaipur,Rural,10,14,Male,Lower-Middle,Graduate+,9456,73.0,68.2,2.78,1,2.41,0,0.040452007,Low risk...
RJ004343,Sikar,Urban,5,9,Female,Low,No formal,7309,78.6,59.7,0.76,1,8.17,0,0.018089602,Low risk...
RJ004344,Sikar,Urban,8,7,Male,Middle,No formal,34769,85.0,66.3,0.79,0,6.85,0,0.017233754,Low risk...
RJ004345,Ajmer,Rural,6,13,Male,High,Higher Secondary,92694,95.1,89.5,1.98,0,4.53,0,0.008967435,Low risk...
RJ004346,Kota,Rural,5,7,Female,Low,No formal,5246,71.4,62.1,7.02,1,5.54,1,0.95759296,High risk...
RJ004347,Sikar,Rural,4,10,Female,Upper-Middle,No formal,49275,84.8,60.6,5.71,1,6.99,0,0.019295882,Low risk...
RJ004348,Udaipur,Rural,6,16,Male,Lower-Middle,Primary,15167,84.5,55.1,1.34,1,2.65,1,0.95556545,High risk...
RJ004349,Sikar,Urban,6,11,Male,Upper-Middle,Primary,61810,89.5,74.0,1.05,0,7.4,0,0.012874609,Low risk...
RJ004350,Ajmer,Rural,6,16,Female,Low,Secondary,4221,75.0,55.6,5.11,1,5.93,0,0.09859673,Low risk...
RJ004351,Sikar,Rural,1,18,Female,Middle,Primary,26665,90.0,60.1,0.81,0,7.59,0,0.013615628,Low risk...
RJ004352,Ajmer,Urban,6,13,Female,Low,Higher Secondary,6103,72.5,74.4,1.3,0,5.95,0,0.028107297,Low risk...
RJ004353,Bikaner,Rural,1,16,Male,Upper-Middle,Secondary,44557,92.7,80.6,5.42,0,6.41,1,0.82962584,High risk...
RJ004354,Bhilwara,Rural,5,6,Female,Middle,Graduate+,26317,90.8,80.1,2.64,0,6.72,0,0.043853275,Low risk...
RJ004355,Udaipur,Rural,7,6,Male,Lower-Middle,Primary,11789,78.9,53.0,8.54,1,3.39,0,0.17619328,Low risk...
RJ004356,Ajmer,Rural,1,17,Male,Low,No formal,5645,78.8,75.1,9.16,1,3.12,0,0.034513853,Low risk...
RJ004357,Jodhpur,Rural,1,9,Female,Middle,Graduate+,19509,82.0,79.9,5.42,1,5.73,0,0.028607132,Low risk...
RJ004358,Ajmer,Urban,6,10,Female,Lower-Middle,No formal,12599,82.9,60.8,1.85,0,6.08,0,0.07814548,Low risk...
RJ004359,Ajmer,Rural,7,18,Male,Lower-Middle,Secondary,15297,74.4,58.5,0.93,1,4.84,0,0.004432496,Low risk...
RJ004360,Jodhpur,Rural,6,18,Male,Lower-Middle,No formal,9280,82.5,63.6,0.1,1,4.72,0,0.0023042557,Low risk...
RJ004361,Jaipur,Rural,5,14,Female,Middle,Secondary,30424,87.2,66.5,3.58,0,5.0,0,0.04903829,Low risk...
RJ004362,Ajmer,Urban,6,16,Male,Low,Graduate+,5325,73.2,84.1,0.39,1,5.34,0,0.016505443,Low risk...
RJ004363,Sikar,Rural,3,12,Male,Low,Primary,5801,74.7,57.3,4.92,1,5.77,1,0.04788085,Low risk...
RJ004364,Udaipur,Rural,9,12,Male,Upper-Middle,No formal,62625,87.2,57.3,1.65,0,2.76,0,0.012152384,Low risk...
RJ004365,Jodhpur,Rural,5,13,Male,Lower-Middle,No formal,14072,77.5,72.7,4.57,1,4.43,0,0.08023501,Low risk...
RJ004366,Alwar,Urban,2,10,Male,Low,Primary,7220,74.9,56.0,1.7,1,7.15,1,0.7945255,High risk...
RJ004367,Jaipur,Urban,12,10,Female,Low,No formal,6730,77.1,66.1,1.42,1,4.64,0,0.044783026,Low risk...
RJ004368,Bikaner,Urban,10,6,Female,Upper-Middle,Secondary,41654,91.4,78.2,0.65,0,9.0,0,0.004090528,Low risk...
RJ004369,Jodhpur,Rural,10,14,Female,Low,Primary,7035,68.9,56.5,2.79,0,4.35,0,0.027176933,Low risk...
RJ004370,Jodhpur,Urban,7,11,Female,Lower-Middle,Primary,12241,79.8,55.7,1.89,1,5.51,0,0.023230577,Low risk...
RJ004371,Jodhpur,Rural,3,14,Female,Upper-Middle,Primary,57711,91.3,70.0,4.49,0,3.89,1,0.8106121,High risk...
RJ004372,Bikaner,Rural,1,8,Female,Low,Primary,6598,75.6,51.6,0.1,1,5.9,0,0.04310677,Low risk...
RJ004373,Jaipur,Rural,3,10,Female,Middle,No formal,30997,84.0,63.7,7.74,1,2.52,1,0.83216476,High risk...
RJ004374,Bikaner,Rural,9,7,Male,Lower-Middle,Secondary,15527,79.3,71.8,5.59,1,6.65,0,0.044464536,Low risk...
RJ004375,Udaipur,Rural,5,15,Female,Middle,Higher Secondary,31870,88.5,87.2,6.53,0,2.97,0,0.07122682,Low risk...
RJ004376,Udaipur,Rural,7,10,Male,Lower-Middle,Primary,11778,76.5,52.8,1.09,1,3.4,0,0.025762485,Low risk...
RJ004377,Bikaner,Rural,3,18,Female,Middle,No formal,23953,92.9,67.2,5.07,1,7.19,0,0.08170664,Low risk...
RJ004378,Sikar,Urban,4,18,Female,Low,Secondary,7850,79.1,61.3,0.46,1,7.0,0,0.024525888,Low risk...
RJ004379,Jaipur,Urban,1,18,Female,Low,No formal,4801,77.6,62.2,0.1,1,5.67,0,0.02197165,Low risk...
RJ004380,Udaipur,Rural,3,13,Female,Upper-Middle,No formal,40301,87.3,53.7,1.0,0,4.13,0,0.073357806,Low risk...
RJ004381,Jaipur,Rural,7,16,Male,Low,Secondary,4708,74.2,55.1,3.75,1,3.73,0,0.09822133,Low risk...
RJ004382,Jaipur,Urban,4,7,Male,Middle,No formal,18237,87.3,52.3,0.5,1,5.65,0,0.06364611,Low risk...
RJ004383,Ajmer,Rural,2,13,Male,Low,No formal,6787,77.0,48.2,3.52,1,4.08,0,0.074052565,Low risk...
RJ004384,Udaipur,Rural,5,9,Male,Lower-Middle,Graduate+,15967,84.8,68.1,0.1,1,3.14,0,0.018782493,Low risk...
RJ004385,Barmer,Urban,5,15,Male,Middle,Primary,19765,85.5,80.3,2.92,0,5.82,0,0.00038502147,Low risk...
RJ004386,Udaipur,Rural,2,15,Male,Low,Higher Secondary,7542,81.6,72.1,4.48,1,3.28,0,0.040469967,Low risk...
RJ004387,Bhilwara,Urban,11,6,Male,Upper-Middle,No formal,43449,88.2,66.9,2.99,0,6.9,0,0.01143494,Low risk...
RJ004388,Jaipur,Rural,6,18,Female,Lower-Middle,Higher Secondary,13592,78.6,78.3,6.03,0,4.19,0,0.10243348,Low risk...
RJ004389,Jaipur,Rural,10,10,Male,Lower-Middle,Primary,14815,84.7,69.5,0.1,0,2.61,0,0.026068486,Low risk...
RJ004390,Jaipur,Urban,4,18,Male,Middle,No formal,29926,89.0,70.7,2.35,0,6.92,0,0.072071776,Low risk...
RJ004391,Jodhpur,Rural,1,6,Male,Low,Secondary,4774,74.6,59.0,5.59,1,4.26,0,0.018601822,Low risk...
RJ004392,Udaipur,Rural,3,12,Female,Low,Higher Secondary,4685,75.3,60.5,4.48,1,2.48,0,0.057227097,Low risk...
RJ004393,Ajmer,Rural,9,13,Male,Middle,No formal,33673,85.9,54.6,1.84,1,5.67,0,0.0039848527,Low risk...
RJ004394,Jaipur,Rural,10,8,Female,Low,Secondary,4534,71.0,55.8,5.94,1,3.65,1,0.91841424,High risk...
RJ004395,Bhilwara,Rural,7,8,Male,Low,Primary,5117,73.4,57.4,4.91,1,7.44,0,0.078840375,Low risk...
RJ004396,Barmer,Rural,6,12,Female,Middle,Secondary,25171,83.0,70.6,5.52,1,4.2,1,0.7189331,High risk...
RJ004397,Kota,Rural,1,9,Female,Middle,Secondary,31868,82.9,67.4,5.17,1,6.44,0,0.028825266,Low risk...
RJ004398,Jaipur,Rural,9,8,Male,Lower-Middle,No formal,13462,78.3,57.6,1.96,1,2.15,0,0.07803471,Low risk...
RJ004399,Jodhpur,Urban,9,13,Male,Lower-Middle,No formal,13198,78.4,53.2,1.03,1,4.31,0,0.04769854,Low risk...
RJ004400,Jaipur,Urban,1,8,Male,Middle,Primary,29609,89.6,72.6,1.53,1,3.74,0,0.0018389628,Low risk...
RJ004401,Jaipur,Rural,6,18,Female,Lower-Middle,Graduate+,15138,77.8,65.2,2.47,1,3.25,0,0.06085523,Low risk...
RJ004402,Udaipur,Urban,7,12,Male,Lower-Middle,Primary,10353,75.0,63.4,1.3,1,5.43,0,0.068319626,Low risk...
RJ004403,Jodhpur,Rural,2,7,Female,High,Secondary,57058,91.6,57.7,5.88,0,2.55,0,0.089582585,Low risk...
RJ004404,Kota,Rural,10,16,Female,Low,No formal,4734,74.7,61.0,5.54,1,8.27,0,0.07497454,Low risk...
RJ004405,Bhilwara,Rural,8,16,Female,Lower-Middle,Secondary,9787,76.5,69.9,1.74,1,7.29,0,0.13830958,Low risk...
RJ004406,Alwar,Rural,8,6,Male,Upper-Middle,Secondary,32761,87.2,75.3,1.68,0,7.79,0,0.0016538311,Low risk...
RJ004407,Bhilwara,Rural,6,17,Male,Middle,Secondary,30582,84.6,67.2,7.92,0,6.75,1,0.8149364,High risk...
RJ004408,Jaipur,Rural,9,11,Female,Upper-Middle,Higher Secondary,59375,86.1,79.4,3.12,1,5.84,1,0.85726815,High risk...
RJ004409,Bikaner,Urban,3,13,Female,Low,No formal,7185,72.9,47.1,3.07,1,9.51,0,0.0495065,Low risk...
RJ004410,Udaipur,Rural,2,6,Female,Low,Primary,4992,72.9,58.6,6.36,1,2.02,0,0.035659403,Low risk...
RJ004411,Jaipur,Urban,2,18,Female,Upper-Middle,Graduate+,50603,95.7,78.4,1.26,1,3.92,0,0.008235564,Low risk...
RJ004412,Jaipur,Rural,6,15,Female,Lower-Middle,No formal,12773,81.5,70.7,3.55,1,3.93,0,0.5231958,Moderate risk..
RJ004413,Alwar,Rural,7,17,Female,Middle,Secondary,31849,88.7,55.1,3.05,0,3.61,1,0.86804354,High risk...
RJ004414,Ajmer,Urban,6,14,Female,Low,Secondary,8158,77.8,56.2,1.04,1,5.6,1,0.8172158,High risk...
RJ004415,Bikaner,Rural,11,8,Male,Middle,Secondary,30501,76.0,77.6,4.43,0,5.67,0,0.057763293,Low risk...
RJ004416,Udaipur,Urban,3,8,Female,Lower-Middle,No formal,12705,82.0,43.3,1.87,0,7.62,0,0.021273682,Low risk...
RJ004417,Bikaner,Rural,5,9,Male,Low,No formal,6346,72.2,63.3,2.92,1,8.36,1,0.76064074,High risk...
RJ004418,Jaipur,Urban,8,16,Male,Lower-Middle,Secondary,15185,81.9,61.5,2.19,1,4.77,0,0.023136437,Low risk...
RJ004419,Kota,Rural,6,6,Female,Middle,No formal,19644,83.3,65.5,5.27,0,8.88,0,0.009553739,Low risk...
RJ004420,Jodhpur,Rural,2,14,Male,Low,Secondary,4844,72.3,72.7,8.23,1,5.35,1,0.9502206,High risk...
RJ004421,Jaipur,Rural,7,16,Male,Lower-Middle,Primary,11286,74.7,62.8,6.51,0,4.92,1,0.6218454,Moderate risk..
RJ004422,Bhilwara,Urban,8,8,Male,Lower-Middle,Primary,14676,77.6,73.6,1.37,0,8.09,1,0.07739644,Low risk...
RJ004423,Ajmer,Rural,4,18,Female,Low,Primary,4477,77.2,58.0,4.09,1,4.69,0,0.067923106,Low risk...
RJ004424,Alwar,Urban,12,15,Female,Middle,Graduate+,23526,83.3,69.6,2.74,0,5.76,0,0.032286707,Low risk...
RJ004425,Kota,Rural,1,9,Female,Low,Primary,5538,72.4,65.3,5.51,1,7.26,0,0.025491463,Low risk...
RJ004426,Bikaner,Rural,2,6,Male,Low,Secondary,6240,82.0,63.7,4.97,1,6.45,0,0.04954937,Low risk...
RJ004427,Jodhpur,Rural,4,9,Male,Lower-Middle,Graduate+,12295,82.4,76.7,2.88,1,3.02,0,0.14156102,Low risk...
RJ004428,Jaipur,Rural,7,18,Male,Middle,Secondary,30002,87.3,79.9,1.4,1,4.74,0,0.03466195,Low risk...
RJ004429,Jodhpur,Rural,2,6,Male,Upper-Middle,Graduate+,51205,95.4,86.7,3.84,0,4.77,0,0.0102638975,Low risk...
RJ004430,Sikar,Rural,6,10,Female,Low,No formal,7992,68.6,42.0,7.47,1,4.53,1,0.91211444,High risk...
RJ004431,Alwar,Urban,2,10,Male,Lower-Middle,Higher Secondary,9918,78.8,64.9,0.42,0,7.81,0,0.011287057,Low risk...
RJ004432,Udaipur,Rural,12,16,Male,Low,Primary,6015,73.0,61.7,4.09,1,4.29,1,0.11442317,Low risk...
RJ004433,Udaipur,Urban,7,12,Male,Middle,Higher Secondary,24502,82.6,68.0,0.1,0,5.16,0,0.007980799,Low risk...
RJ004434,Bhilwara,Urban,2,13,Male,Lower-Middle,Higher Secondary,9345,80.7,69.5,1.17,0,10.0,0,0.03744368,Low risk...
RJ004435,Jaipur,Rural,3,9,Male,Middle,Primary,20384,86.8,70.0,4.75,1,3.92,0,0.031030215,Low risk...
RJ004436,Kota,Rural,9,12,Female,Low,Primary,5614,68.2,52.3,3.87,1,9.15,0,0.07797369,Low risk...
RJ004437,Kota,Urban,4,9,Male,Middle,Secondary,30359,85.4,67.7,0.99,0,9.44,0,0.005564935,Low risk...
RJ004438,Sikar,Rural,5,8,Female,Lower-Middle,No formal,9661,82.7,53.7,7.01,1,6.06,0,0.041941606,Low risk...
RJ004439,Bhilwara,Urban,9,11,Female,Upper-Middle,Secondary,39858,90.2,68.3,2.25,0,7.58,0,0.011999461,Low risk...
RJ004440,Jodhpur,Rural,7,9,Male,Low,No formal,7041,76.3,47.1,8.72,1,3.54,0,0.03470805,Low risk...
RJ004441,Barmer,Rural,8,8,Female,Lower-Middle,Higher Secondary,13412,81.5,70.2,4.46,1,6.15,0,0.4680068,Moderate risk..
RJ004442,Sikar,Rural,11,14,Female,Middle,Primary,19327,84.2,64.6,4.16,1,6.57,0,0.03603071,Low risk...
RJ004443,Jodhpur,Rural,3,10,Male,Lower-Middle,Secondary,16327,82.0,59.9,6.28,1,3.74,0,0.13287069,Low risk...
RJ004444,Bikaner,Urban,11,18,Female,Low,No formal,4822,71.8,70.9,0.11,1,7.41,1,0.8568031,High risk...
RJ004445,Bikaner,Rural,11,12,Female,High,Primary,59439,88.1,66.5,5.72,0,8.92,0,0.008554532,Low risk...
RJ004446,Bhilwara,Urban,4,17,Male,Low,Primary,5478,71.4,60.7,1.9,1,9.72,0,0.18993461,Low risk...
RJ004447,Jodhpur,Urban,7,11,Female,Low,Primary,4311,70.9,53.0,1.18,1,4.45,1,0.94867504,High risk...
RJ004448,Sikar,Rural,4,15,Female,Lower-Middle,No formal,8658,79.5,57.9,1.95,1,4.27,0,0.0053136973,Low risk...
RJ004449,Kota,Urban,2,10,Female,Lower-Middle,Higher Secondary,13261,79.5,70.7,2.0,1,10.0,0,0.026752349,Low risk...
RJ004450,Alwar,Rural,10,12,Female,Middle,No formal,33127,84.7,61.7,0.1,1,4.85,0,0.013117432,Low risk...
RJ004451,Bikaner,Rural,6,16,Male,Lower-Middle,Secondary,11781,80.1,66.1,2.63,0,6.78,0,0.07172345,Low risk...
RJ004452,Ajmer,Rural,9,11,Male,Lower-Middle,Primary,10938,78.9,69.4,2.47,1,4.32,0,0.054550525,Low risk...
RJ004453,Sikar,Rural,2,15,Female,Lower-Middle,Primary,16083,82.6,61.0,2.0,1,5.77,0,0.017133022,Low risk...
RJ004454,Sikar,Rural,1,7,Female,Lower-Middle,No formal,8916,85.6,54.2,3.65,1,4.01,0,0.19548245,Low risk...
RJ004455,Barmer,Rural,8,18,Female,Upper-Middle,Secondary,46409,88.5,58.9,4.19,0,4.93,0,0.006723903,Low risk...
RJ004456,Jaipur,Rural,1,18,Male,Upper-Middle,Primary,39457,95.0,84.1,5.5,0,2.21,0,0.0027292115,Low risk...
RJ004457,Alwar,Urban,1,18,Male,Lower-Middle,No formal,11606,83.5,71.0,0.53,1,5.46,1,0.835964,High risk...
RJ004458,Jaipur,Rural,3,8,Male,Low,No formal,5925,78.4,65.8,5.95,1,2.25,1,0.88248914,High risk...
RJ004459,Bikaner,Rural,5,7,Male,Upper-Middle,No formal,48672,94.8,66.9,6.08,0,5.94,0,0.0059375954,Low risk...
RJ004460,Udaipur,Rural,12,17,Male,Low,No formal,6104,72.2,46.2,4.83,1,4.7,0,0.08733009,Low risk...
RJ004461,Bikaner,Urban,9,8,Male,Low,No formal,8350,72.3,54.6,1.8,1,9.49,0,0.037747245,Low risk...
RJ004462,Udaipur,Urban,11,6,Male,Low,No formal,4307,71.3,55.5,0.45,1,5.31,0,0.015224267,Low risk...
RJ004463,Bhilwara,Rural,10,13,Male,Low,Secondary,7382,70.1,51.0,6.08,1,6.52,1,0.93010604,High risk...
RJ004464,Jaipur,Rural,2,11,Male,Middle,Primary,18392,86.0,55.4,0.1,1,4.99,0,0.05953203,Low risk...
RJ004465,Alwar,Rural,12,18,Female,Lower-Middle,Primary,12021,79.2,49.3,3.48,1,6.06,0,0.045510583,Low risk...
RJ004466,Bikaner,Rural,12,7,Female,High,No formal,67303,86.6,70.7,0.1,0,6.09,0,0.0027644655,Low risk...
RJ004467,Jaipur,Rural,1,13,Male,Low,Secondary,8170,80.8,56.8,0.1,1,3.96,0,0.07009371,Low risk...
RJ004468,Jodhpur,Rural,1,11,Female,Lower-Middle,Primary,14469,81.5,67.0,2.47,1,4.39,0,0.009838479,Low risk...
RJ004469,Bhilwara,Urban,8,12,Female,High,Secondary,81919,99.0,74.2,1.04,0,9.37,0,0.013004837,Low risk...
RJ004470,Barmer,Rural,10,16,Female,Middle,Secondary,34164,81.4,71.6,2.73,0,7.44,1,0.01745321,Low risk...
RJ004471,Barmer,Urban,10,6,Male,Middle,Secondary,30123,84.3,71.3,1.93,1,5.38,0,0.01130776,Low risk...
RJ004472,Bhilwara,Urban,10,12,Male,Low,Primary,8198,70.4,56.0,0.1,1,9.21,0,0.037756927,Low risk...
RJ004473,Jodhpur,Rural,2,8,Female,Middle,Primary,29830,85.1,67.7,1.88,0,5.59,0,0.13572668,Low risk...
RJ004474,Kota,Urban,9,16,Male,Low,Primary,4526,75.2,59.8,1.15,1,10.0,0,0.059862487,Low risk...
RJ004475,Alwar,Rural,9,17,Female,Lower-Middle,Higher Secondary,13577,74.7,60.3,1.96,1,5.54,1,0.85642505,High risk...
RJ004476,Udaipur,Urban,2,13,Female,Lower-Middle,Secondary,16635,79.5,73.5,0.16,1,4.17,0,0.034006033,Low risk...
RJ004477,Bikaner,Urban,3,11,Female,Lower-Middle,Primary,10199,82.8,61.9,1.46,0,6.97,1,0.68205345,Moderate risk..
RJ004478,Kota,Rural,2,9,Male,Middle,Graduate+,31373,89.7,75.6,2.95,0,8.2,0,0.010285636,Low risk...
RJ004479,Ajmer,Rural,6,16,Male,Middle,Primary,20731,81.3,53.1,4.51,1,5.34,0,0.034562383,Low risk...
RJ004480,Ajmer,Rural,7,13,Male,Low,Primary,6099,74.7,62.6,4.83,1,5.13,0,0.064374685,Low risk...
RJ004481,Jodhpur,Rural,12,14,Female,Lower-Middle,No formal,9111,76.9,54.8,0.1,1,4.38,1,0.8687443,High risk...
RJ004482,Udaipur,Urban,6,15,Male,Middle,Primary,23460,82.7,61.4,1.04,0,6.46,0,0.028529504,Low risk...
RJ004483,Udaipur,Rural,3,7,Female,Low,Higher Secondary,7460,72.6,57.2,1.19,1,4.52,0,0.22338562,Low risk...
RJ004484,Ajmer,Urban,12,11,Male,Low,Higher Secondary,4390,64.4,58.0,1.43,1,6.89,0,0.03349963,Low risk...
RJ004485,Jodhpur,Rural,3,10,Male,Low,Secondary,5545,80.2,50.1,1.82,1,3.5,1,0.9376997,High risk...
RJ004486,Alwar,Rural,12,10,Male,Lower-Middle,Primary,13690,79.5,68.8,6.44,1,6.4,0,0.10087125,Low risk...
RJ004487,Jaipur,Rural,2,15,Female,High,Secondary,109119,90.6,72.1,0.1,1,3.03,0,0.00080004625,Low risk...
RJ004488,Kota,Rural,2,16,Female,Low,Secondary,5230,77.9,61.0,5.95,1,8.34,0,0.083605826,Low risk...
RJ004489,Sikar,Urban,11,8,Male,Lower-Middle,Primary,9854,75.3,48.4,1.54,1,6.52,0,0.10441954,Low risk...
RJ004490,Udaipur,Rural,12,17,Female,Middle,Primary,21064,85.2,70.2,4.22,1,4.57,0,0.024505561,Low risk...
RJ004491,Jodhpur,Urban,5,13,Female,Low,Secondary,5195,72.5,56.4,0.1,0,7.36,1,0.879677,High risk...
RJ004492,Alwar,Urban,11,13,Female,Upper-Middle,Higher Secondary,51607,85.9,82.4,1.82,0,7.52,0,0.026544666,Low risk...
RJ004493,Udaipur,Rural,11,17,Female,Lower-Middle,Secondary,16789,76.1,67.6,6.05,1,5.39,1,0.8829548,High risk...
RJ004494,Sikar,Urban,8,10,Male,Upper-Middle,No formal,47993,86.5,77.7,1.49,0,6.54,0,0.0042540575,Low risk...
RJ004495,Alwar,Urban,6,13,Male,Low,No formal,5340,77.7,61.2,2.75,1,6.96,0,0.07660362,Low risk...
RJ004496,Ajmer,Rural,9,15,Female,Low,Higher Secondary,7337,74.7,73.8,3.77,1,4.64,0,0.029042045,Low risk...
RJ004497,Udaipur,Rural,11,13,Male,Low,Higher Secondary,4865,71.3,66.9,6.4,1,2.32,0,0.017951408,Low risk...
RJ004498,Jaipur,Urban,5,8,Male,Low,Primary,4326,77.1,58.3,0.55,1,6.18,0,0.039895896,Low risk...
RJ004499,Jodhpur,Rural,10,7,Male,Middle,Secondary,28092,78.6,66.7,9.44,0,4.66,0,0.040611837,Low risk...
RJ004500,Bikaner,Rural,4,14,Female,Low,Higher Secondary,5083,70.8,56.2,3.24,1,7.76,1,0.93882346,High risk...
RJ004501,Ajmer,Rural,9,7,Male,Lower-Middle,Higher Secondary,11754,79.4,84.6,3.52,1,6.23,0,0.09312894,Low risk...
RJ004502,Udaipur,Rural,12,14,Female,Low,Secondary,5171,72.7,60.8,3.3,1,2.84,0,0.61425936,Moderate risk..
RJ004503,Kota,Rural,10,9,Male,Middle,No formal,33566,84.3,64.3,1.67,0,6.0,0,0.0107022105,Low risk...
RJ004504,Jaipur,Rural,11,17,Other,Middle,Secondary,23415,77.4,67.6,2.58,1,4.85,1,0.8130156,High risk...
RJ004505,Udaipur,Rural,5,18,Male,Lower-Middle,No formal,12172,76.8,50.9,0.88,1,3.91,0,0.08517442,Low risk...
RJ004506,Kota,Urban,1,7,Female,Low,Higher Secondary,5186,77.2,77.3,0.1,1,9.09,0,0.03008619,Low risk...
RJ004507,Alwar,Rural,5,15,Female,Lower-Middle,No formal,9113,87.3,57.7,2.26,1,3.89,0,0.078204945,Low risk...
RJ004508,Jaipur,Rural,5,6,Female,Low,Secondary,6353,77.7,54.6,4.07,1,5.08,0,0.051762857,Low risk...
RJ004509,Ajmer,Rural,5,9,Male,Low,Secondary,7849,78.7,63.9,5.89,1,5.67,1,0.7552344,High risk...
RJ004510,Bhilwara,Urban,2,14,Female,Lower-Middle,Secondary,11354,82.5,57.3,0.29,0,8.08,0,0.005086039,Low risk...
RJ004511,Jodhpur,Rural,6,17,Male,High,Secondary,99734,93.5,86.6,2.31,0,6.18,0,0.0018917316,Low risk...
RJ004512,Udaipur,Rural,5,14,Male,Upper-Middle,No formal,32527,86.9,63.8,7.09,0,2.61,1,0.8317884,High risk...
RJ004513,Jaipur,Rural,2,9,Female,Lower-Middle,Secondary,10378,84.4,42.9,0.1,1,3.28,0,0.036480244,Low risk...
RJ004514,Ajmer,Rural,12,14,Female,Lower-Middle,Primary,9505,76.3,63.0,3.51,1,5.99,1,0.037165243,Low risk...
RJ004515,Udaipur,Rural,10,17,Female,High,Primary,78561,92.6,75.6,6.87,0,5.13,0,0.016148282,Low risk...
RJ004516,Bikaner,Urban,8,11,Female,Lower-Middle,Graduate+,15912,78.6,66.3,0.85,0,7.27,0,0.06259338,Low risk...
RJ004517,Udaipur,Rural,6,6,Male,Lower-Middle,Secondary,11538,80.3,55.3,0.1,1,3.69,1,0.9149377,High risk...
RJ004518,Barmer,Rural,11,15,Female,Upper-Middle,Secondary,50505,86.7,69.2,9.12,0,5.44,0,0.017790945,Low risk...
RJ004519,Jodhpur,Urban,10,18,Male,Low,Primary,7972,72.2,55.1,0.1,1,7.07,0,0.12930028,Low risk...
RJ004520,Jaipur,Urban,12,11,Female,Low,Secondary,5711,73.5,54.3,1.95,0,6.5,1,0.8635905,High risk...
RJ004521,Barmer,Rural,11,14,Female,Lower-Middle,Secondary,11472,73.2,53.4,3.73,0,5.4,0,0.47776443,Moderate risk..
RJ004522,Ajmer,Rural,3,18,Male,Low,Secondary,4570,70.5,61.5,5.92,1,5.09,0,0.026958883,Low risk...
RJ004523,Barmer,Rural,9,7,Male,Lower-Middle,Graduate+,11332,79.3,77.3,0.1,0,4.52,1,0.0026952073,Low risk...
RJ004524,Ajmer,Urban,11,11,Male,Lower-Middle,Primary,14668,81.3,68.1,1.67,1,7.0,0,0.100428954,Low risk...
RJ004525,Sikar,Urban,11,7,Male,Lower-Middle,Secondary,15495,82.1,53.4,1.55,1,8.35,0,0.05202015,Low risk...
RJ004526,Bikaner,Urban,4,9,Male,High,Secondary,96474,89.8,76.8,0.79,0,8.55,0,0.001195708,Low risk...
RJ004527,Alwar,Rural,3,13,Male,Low,Primary,4229,73.8,66.1,3.0,1,5.09,0,0.008531128,Low risk...
RJ004528,Barmer,Rural,7,18,Female,Lower-Middle,Primary,9383,74.6,71.5,4.96,1,5.84,0,0.043320008,Low risk...
RJ004529,Ajmer,Rural,12,12,Male,Low,Graduate+,7270,68.8,56.2,1.65,1,6.06,0,0.055765655,Low risk...
RJ004530,Jodhpur,Rural,8,16,Male,Lower-Middle,No formal,16316,81.9,62.2,4.02,1,3.59,0,0.09695137,Low risk...
RJ004531,Jodhpur,Urban,7,17,Male,Middle,Primary,29669,85.0,71.1,0.15,1,4.28,0,0.0027489655,Low risk...
RJ004532,Jodhpur,Urban,1,18,Male,Lower-Middle,Primary,10299,80.9,59.9,1.89,1,3.88,0,0.05337476,Low risk...
RJ004533,Jodhpur,Rural,1,14,Female,Low,No formal,4652,77.6,64.5,2.8,1,4.22,1,0.17075112,Low risk...
RJ004534,Kota,Urban,5,12,Female,Lower-Middle,Higher Secondary,15767,77.6,66.8,1.84,1,7.77,0,0.057108734,Low risk...
RJ004535,Udaipur,Urban,8,6,Male,Lower-Middle,Primary,9232,83.3,58.8,0.98,1,6.37,0,0.09360398,Low risk...
RJ004536,Ajmer,Rural,10,7,Female,Low,Primary,4834,71.5,52.4,5.02,1,3.28,0,0.045526117,Low risk...
RJ004537,Bikaner,Rural,11,11,Female,Lower-Middle,Higher Secondary,13412,75.8,75.9,4.87,1,8.88,0,0.07704388,Low risk...
RJ004538,Ajmer,Rural,3,12,Female,Lower-Middle,Primary,9996,82.8,57.3,4.34,1,4.66,0,0.032227457,Low risk...
RJ004539,Jaipur,Rural,8,8,Female,High,Secondary,68745,94.3,65.2,5.02,0,2.81,0,0.0048563825,Low risk...
RJ004540,Jaipur,Rural,3,14,Male,Middle,Higher Secondary,19990,91.8,78.2,6.63,1,3.07,0,0.011962237,Low risk...
RJ004541,Jodhpur,Rural,4,18,Male,Middle,Secondary,34026,85.9,69.3,4.93,0,3.23,1,0.95003957,High risk...
RJ004542,Udaipur,Urban,10,12,Male,Upper-Middle,Secondary,35435,90.8,62.0,2.04,0,6.99,0,0.049201354,Low risk...
RJ004543,Jodhpur,Rural,7,11,Male,Middle,No formal,33798,85.3,60.5,2.42,0,4.77,0,0.0077740015,Low risk...
RJ004544,Kota,Urban,3,18,Female,Upper-Middle,No formal,41775,89.2,60.5,0.93,0,8.97,0,0.12765518,Low risk...
RJ004545,Bikaner,Urban,4,11,Male,Low,Primary,7651,72.2,53.8,0.67,0,7.56,0,0.038646605,Low risk...
RJ004546,Sikar,Urban,8,6,Male,Lower-Middle,No formal,16380,75.2,78.8,0.1,1,6.86,0,0.082048684,Low risk...
RJ004547,Jaipur,Rural,4,18,Male,Middle,Primary,26587,84.3,63.8,2.47,0,2.84,0,0.1325218,Low risk...
RJ004548,Ajmer,Rural,9,10,Female,Lower-Middle,Primary,14869,81.3,57.3,0.1,1,2.37,0,0.056463532,Low risk...
RJ004549,Alwar,Rural,4,15,Female,Low,Secondary,5317,76.6,80.1,5.06,1,4.67,1,0.847886,High risk...
RJ004550,Sikar,Rural,4,8,Female,Low,Primary,5808,70.8,65.2,3.39,1,6.02,0,0.043870945,Low risk...
RJ004551,Bhilwara,Rural,5,12,Male,Low,Primary,6523,68.8,62.7,4.1,1,6.73,0,0.083348446,Low risk...
RJ004552,Jaipur,Rural,1,15,Female,Low,Primary,7772,72.7,52.6,3.46,1,3.47,1,0.93556523,High risk...
RJ004553,Jodhpur,Rural,7,8,Male,Low,No formal,6807,70.7,65.5,6.26,1,5.14,0,0.7251421,High risk...
RJ004554,Barmer,Rural,9,10,Male,Lower-Middle,Secondary,8586,77.1,70.8,6.64,1,5.56,0,0.055281486,Low risk...
RJ004555,Bikaner,Urban,12,12,Male,Upper-Middle,Secondary,41101,90.0,73.2,0.1,1,10.0,0,0.002990306,Low risk...
RJ004556,Udaipur,Urban,9,8,Female,Middle,Higher Secondary,32637,82.4,56.1,1.1,0,3.28,0,0.060972698,Low risk...
RJ004557,Alwar,Rural,1,18,Female,Middle,Higher Secondary,21704,93.0,76.0,3.28,0,4.52,0,0.0053705503,Low risk...
RJ004558,Alwar,Urban,6,18,Female,Upper-Middle,Secondary,43090,84.5,82.5,0.27,0,7.77,0,0.021985672,Low risk...
RJ004559,Bhilwara,Rural,3,15,Female,Lower-Middle,Secondary,11673,80.0,67.8,4.54,1,7.58,0,0.054560754,Low risk...
RJ004560,Bhilwara,Rural,4,7,Male,Low,No formal,4849,76.9,56.6,4.32,1,7.25,0,0.061800506,Low risk...
RJ004561,Alwar,Rural,8,11,Male,Low,No formal,5669,75.0,56.7,5.67,1,4.76,0,0.035204634,Low risk...
RJ004562,Kota,Urban,4,13,Male,Upper-Middle,Higher Secondary,57249,89.5,72.8,1.33,0,9.1,0,0.011614833,Low risk...
RJ004563,Barmer,Rural,8,9,Female,Low,No formal,7766,75.5,52.4,6.33,1,4.86,1,0.87786347,High risk...
RJ004564,Jaipur,Rural,4,14,Female,Middle,Primary,27666,88.9,68.6,3.27,0,1.76,0,0.06820111,Low risk...
RJ004565,Jodhpur,Rural,9,17,Female,Lower-Middle,No formal,14101,76.0,70.6,3.75,1,4.31,0,0.056098085,Low risk...
RJ004566,Barmer,Rural,6,17,Female,Upper-Middle,No formal,48339,90.4,78.4,2.31,0,4.18,0,0.004963439,Low risk...
RJ004567,Jodhpur,Rural,1,13,Female,Lower-Middle,Secondary,8772,84.1,62.4,6.15,1,4.94,1,0.68532854,Moderate risk..
RJ004568,Jodhpur,Rural,10,12,Female,Middle,Primary,29692,81.7,74.8,5.77,1,4.44,0,0.00453371,Low risk...
RJ004569,Jaipur,Urban,2,12,Female,Low,Primary,8386,80.6,70.0,1.07,0,7.07,1,0.89372325,High risk...
RJ004570,Barmer,Rural,7,8,Female,Low,No formal,5157,70.5,60.9,7.98,1,4.7,1,0.96622145,High risk...
RJ004571,Udaipur,Urban,10,11,Female,Lower-Middle,Secondary,16650,77.9,68.2,1.52,1,4.39,1,0.7505664,High risk...
RJ004572,Alwar,Rural,7,18,Female,High,Secondary,111875,88.3,63.5,9.47,0,2.87,0,0.008896639,Low risk...
RJ004573,Jodhpur,Urban,3,18,Female,Lower-Middle,Primary,9589,81.3,61.1,1.43,0,4.66,1,0.096957944,Low risk...
RJ004574,Alwar,Rural,1,10,Male,Upper-Middle,Secondary,60673,88.8,77.9,3.7,0,5.74,0,0.023975382,Low risk...
RJ004575,Sikar,Urban,8,6,Male,Middle,No formal,29322,83.6,54.0,1.61,0,7.55,1,0.8138264,High risk...
RJ004576,Kota,Urban,10,16,Male,Middle,Secondary,25662,78.7,56.9,1.73,1,8.27,0,0.09101523,Low risk...
RJ004577,Bikaner,Rural,11,8,Male,Lower-Middle,Secondary,11295,79.4,68.1,4.03,1,6.84,0,0.0864194,Low risk...
RJ004578,Jodhpur,Rural,11,18,Female,Lower-Middle,Graduate+,13690,78.1,63.0,7.8,1,4.16,1,0.9336115,High risk...
RJ004579,Bhilwara,Urban,10,17,Male,Low,No formal,7740,74.8,65.0,0.26,1,9.03,0,0.057273064,Low risk...
RJ004580,Ajmer,Rural,7,6,Male,High,No formal,57910,91.0,62.1,3.75,0,6.02,1,0.8257733,High risk...
RJ004581,Bhilwara,Rural,10,9,Male,High,Primary,85986,93.9,73.9,4.17,0,6.56,0,0.030463897,Low risk...
RJ004582,Kota,Urban,8,15,Female,Middle,No formal,28880,84.6,66.9,1.06,0,8.13,0,0.110677734,Low risk...
RJ004583,Sikar,Rural,1,8,Male,Low,No formal,4308,76.3,55.4,7.77,1,7.44,0,0.016420983,Low risk...
RJ004584,Sikar,Rural,3,16,Male,Low,Primary,7934,81.3,62.5,3.48,1,7.2,0,0.05391547,Low risk...
RJ004585,Alwar,Rural,2,9,Male,High,Primary,109300,93.0,66.0,2.47,0,4.83,0,0.013581876,Low risk...
RJ004586,Bhilwara,Rural,1,14,Male,Low,Higher Secondary,6772,79.7,68.1,6.8,1,8.29,0,0.0417393,Low risk...
RJ004587,Bikaner,Rural,5,8,Female,Middle,No formal,19548,87.4,58.2,0.56,0,9.47,0,0.0020257535,Low risk...
RJ004588,Jaipur,Urban,3,17,Male,Lower-Middle,Graduate+,16232,79.3,68.3,1.43,1,6.43,1,0.7981227,High risk...
RJ004589,Alwar,Rural,10,11,Female,Lower-Middle,Higher Secondary,15162,73.6,70.5,7.18,1,4.6,0,0.066537715,Low risk...
RJ004590,Alwar,Urban,8,11,Female,Middle,Higher Secondary,18000,81.4,60.1,0.62,0,6.97,0,0.026811205,Low risk...
RJ004591,Ajmer,Rural,6,12,Female,Low,Graduate+,6632,76.9,64.7,2.3,1,3.25,0,0.024128407,Low risk...
RJ004592,Jodhpur,Urban,10,14,Male,Lower-Middle,Secondary,9362,82.7,71.8,1.33,1,4.63,1,0.84521616,High risk...
RJ004593,Udaipur,Rural,9,17,Male,High,Secondary,63900,91.3,56.2,7.56,0,3.96,0,0.022608617,Low risk...
RJ004594,Kota,Urban,9,12,Male,Middle,Primary,20869,84.4,81.1,0.77,0,9.09,0,0.09657285,Low risk...
RJ004595,Bikaner,Rural,11,6,Male,Middle,Primary,24433,85.3,75.1,1.3,0,6.57,0,0.029857501,Low risk...
RJ004596,Ajmer,Rural,6,13,Female,Middle,Graduate+,32837,85.7,61.6,7.42,1,2.25,0,0.06420068,Low risk...
RJ004597,Alwar,Rural,2,10,Male,Low,Primary,4331,78.8,46.0,6.4,1,5.55,1,0.90959305,High risk...
RJ004598,Jodhpur,Rural,9,14,Male,Low,No formal,7095,72.9,57.5,0.84,1,4.82,0,0.06862462,Low risk...
RJ004599,Bikaner,Rural,2,15,Female,Lower-Middle,Secondary,16502,81.9,58.2,11.54,1,8.03,0,0.012163872,Low risk...
RJ004600,Jodhpur,Urban,3,18,Female,Lower-Middle,Secondary,13786,78.9,73.0,0.1,1,5.39,0,0.009023247,Low risk...
RJ004601,Jodhpur,Urban,6,17,Male,Lower-Middle,Higher Secondary,15251,76.7,69.6,1.99,0,5.46,0,0.1158826,Low risk...
RJ004602,Sikar,Rural,2,10,Male,Middle,No formal,33281,78.0,61.3,9.96,1,5.66,1,0.9396577,High risk...
RJ004603,Barmer,Rural,5,10,Male,Low,Secondary,7202,77.7,60.1,6.66,1,5.1,0,0.028963614,Low risk...
RJ004604,Kota,Urban,2,17,Female,Middle,No formal,29047,87.1,78.6,1.72,1,8.78,0,0.023864646,Low risk...
RJ004605,Alwar,Urban,12,17,Female,Low,Higher Secondary,4275,69.3,68.0,0.62,1,4.54,1,0.0044250996,Low risk...
RJ004606,Barmer,Urban,4,7,Female,Low,No formal,6379,68.6,59.5,1.31,1,7.59,1,0.92522687,High risk...
RJ004607,Barmer,Rural,11,17,Female,Lower-Middle,Higher Secondary,12341,75.1,75.1,6.6,1,4.23,0,0.06270382,Low risk...
RJ004608,Jodhpur,Rural,11,16,Male,Middle,No formal,26647,80.7,53.8,0.1,1,2.87,0,0.03199206,Low risk...
RJ004609,Bhilwara,Rural,3,8,Male,Low,No formal,6016,72.6,67.3,8.63,0,6.76,0,0.08022484,Low risk...
RJ004610,Kota,Urban,5,15,Male,Lower-Middle,No formal,16015,81.0,60.0,0.83,1,8.98,0,0.029187676,Low risk...
RJ004611,Kota,Urban,6,14,Female,Middle,Primary,33058,85.9,69.8,1.65,0,8.26,0,0.0149146905,Low risk...
RJ004612,Jaipur,Urban,7,12,Female,Low,Secondary,4728,68.9,58.1,1.37,1,4.57,1,0.054656878,Low risk...
RJ004613,Udaipur,Rural,10,6,Male,Lower-Middle,No formal,12876,73.6,42.6,4.51,0,3.65,1,0.92049,High risk...
RJ004614,Jaipur,Rural,8,8,Female,Upper-Middle,Primary,61726,84.6,74.0,6.42,0,3.97,0,0.09448335,Low risk...
RJ004615,Jodhpur,Urban,9,17,Female,Lower-Middle,No formal,13429,83.4,48.9,0.1,1,4.8,0,0.052198626,Low risk...
RJ004616,Kota,Rural,4,7,Male,Low,Higher Secondary,7567,79.0,60.1,4.38,1,7.71,1,0.89859545,High risk...
RJ004617,Sikar,Urban,4,6,Female,Lower-Middle,No formal,11536,77.9,56.6,0.1,1,5.53,0,0.06586661,Low risk...
RJ004618,Barmer,Rural,7,14,Male,Lower-Middle,Primary,11569,73.1,43.8,5.43,1,6.7,1,0.9159479,High risk...
RJ004619,Kota,Rural,12,13,Male,Low,Secondary,5568,70.9,51.7,6.9,1,8.44,0,0.08791849,Low risk...
RJ004620,Barmer,Urban,10,10,Male,Low,Higher Secondary,4292,71.6,65.3,0.1,1,5.92,0,0.01779617,Low risk...
RJ004621,Barmer,Rural,10,16,Female,Low,Higher Secondary,8084,72.5,61.1,0.1,1,5.03,0,0.04420409,Low risk...
RJ004622,Sikar,Rural,11,17,Female,Low,Higher Secondary,5668,73.2,62.2,8.39,1,4.24,0,0.71796066,High risk...
RJ004623,Jaipur,Rural,9,7,Male,Low,No formal,5742,73.4,50.2,7.54,1,4.17,1,0.89979404,High risk...
RJ004624,Alwar,Rural,11,6,Female,Lower-Middle,Higher Secondary,14780,73.7,65.0,9.14,1,6.21,0,0.04172554,Low risk...
RJ004625,Bhilwara,Urban,2,12,Female,Lower-Middle,Secondary,12826,82.4,64.8,0.26,1,8.92,0,0.05184963,Low risk...
RJ004626,Alwar,Rural,11,18,Female,Upper-Middle,Higher Secondary,42904,89.6,61.0,7.76,0,6.26,0,0.2385718,Low risk...
RJ004627,Kota,Urban,6,16,Male,Lower-Middle,Primary,15822,77.3,60.4,0.28,0,8.86,0,0.04541496,Low risk...
RJ004628,Udaipur,Rural,10,16,Female,Upper-Middle,Higher Secondary,57499,88.4,63.5,5.62,0,3.88,0,0.038908836,Low risk...
RJ004629,Ajmer,Urban,10,7,Male,Lower-Middle,Primary,16605,75.8,68.3,2.24,1,5.84,0,0.061612718,Low risk...
RJ004630,Udaipur,Urban,8,6,Male,Low,Secondary,6892,78.5,62.0,1.98,1,6.03,1,0.05931399,Low risk...
RJ004631,Jaipur,Urban,5,7,Male,Lower-Middle,Primary,14197,76.0,81.4,1.61,0,4.28,0,0.079823524,Low risk...
RJ004632,Kota,Urban,5,12,Male,Middle,Primary,23179,89.5,77.0,1.13,0,9.29,0,0.008170205,Low risk...
RJ004633,Sikar,Rural,8,12,Female,Low,Primary,4618,67.5,55.1,3.76,1,5.72,1,0.91668457,High risk...
RJ004634,Barmer,Urban,1,15,Male,Low,Primary,4645,81.4,69.1,0.85,1,7.54,1,0.77708155,High risk...
RJ004635,Jaipur,Rural,6,11,Male,Low,Secondary,6913,70.1,43.3,8.74,1,4.2,0,0.34688413,Low risk...
RJ004636,Bhilwara,Urban,10,10,Female,Lower-Middle,Secondary,9351,78.1,72.6,0.96,0,6.9,1,0.8569046,High risk...
RJ004637,Kota,Rural,9,8,Female,Low,Secondary,8008,67.1,51.7,2.27,1,6.71,0,0.040936153,Low risk...
RJ004638,Alwar,Rural,12,17,Female,Low,No formal,7156,66.5,54.1,1.43,1,4.67,0,0.01993117,Low risk...
RJ004639,Alwar,Rural,6,8,Male,Low,Graduate+,5150,76.2,62.4,2.89,1,4.63,1,0.1401135,Low risk...
RJ004640,Sikar,Rural,7,16,Female,Middle,Secondary,22386,88.1,65.9,4.59,0,6.38,1,0.8450827,High risk...
RJ004641,Bhilwara,Rural,4,18,Male,Lower-Middle,No formal,14364,81.2,60.8,5.92,0,4.95,0,0.09603493,Low risk...
RJ004642,Kota,Rural,12,17,Female,Lower-Middle,Secondary,15323,78.7,65.8,1.74,1,8.8,0,0.038041305,Low risk...
RJ004643,Barmer,Rural,10,14,Female,Lower-Middle,No formal,15451,80.6,61.6,5.12,1,5.69,1,0.029448168,Low risk...
RJ004644,Jaipur,Rural,1,9,Female,Lower-Middle,No formal,13449,79.9,61.4,5.84,1,3.8,1,0.8289095,High risk...
RJ004645,Alwar,Rural,9,14,Male,Low,Primary,4852,67.8,43.3,1.2,1,5.71,0,0.048787605,Low risk...
RJ004646,Alwar,Urban,12,9,Male,Lower-Middle,Secondary,15274,76.5,82.6,0.89,1,6.94,1,0.096109174,Low risk...
RJ004647,Alwar,Rural,6,7,Male,Low,No formal,7525,71.8,58.4,3.75,1,5.52,0,0.108348355,Low risk...
RJ004648,Jodhpur,Urban,3,9,Male,Lower-Middle,Primary,15417,82.2,68.4,2.4,0,6.72,0,0.03427711,Low risk...
RJ004649,Barmer,Rural,4,11,Male,Lower-Middle,Graduate+,9724,82.1,69.0,2.41,0,4.47,0,0.11902516,Low risk...
RJ004650,Jodhpur,Rural,10,11,Female,Low,Primary,7074,69.5,50.3,3.59,1,4.69,1,0.85656935,High risk...
RJ004651,Jaipur,Rural,12,10,Male,Low,No formal,8233,72.6,58.3,4.09,1,2.74,0,0.1028747,Low risk...
RJ004652,Alwar,Rural,6,6,Female,Low,Graduate+,5275,75.5,70.1,9.59,1,5.89,0,0.012768682,Low risk...
RJ004653,Udaipur,Rural,6,8,Male,Low,Primary,7210,75.7,71.4,4.13,1,3.7,0,0.1871382,Low risk...
RJ004654,Barmer,Rural,12,10,Male,Low,Secondary,5287,69.3,76.2,8.02,1,5.12,0,0.4877125,Moderate risk..
RJ004655,Bikaner,Rural,9,11,Female,High,No formal,73197,93.3,81.3,8.24,0,6.4,1,0.96484506,High risk...
RJ004656,Jodhpur,Urban,4,6,Female,Lower-Middle,Secondary,12476,82.1,53.1,1.05,1,6.04,0,0.051359642,Low risk...
RJ004657,Sikar,Rural,5,14,Male,Lower-Middle,Primary,15918,81.9,61.1,3.13,1,5.37,0,0.09451167,Low risk...
RJ004658,Udaipur,Rural,5,8,Male,Middle,Graduate+,18177,91.0,79.8,8.25,0,5.54,0,0.0060151173,Low risk...
RJ004659,Jodhpur,Urban,3,15,Female,Lower-Middle,Primary,16713,82.0,61.6,1.13,0,5.85,0,0.003398482,Low risk...
RJ004660,Alwar,Rural,2,18,Male,Upper-Middle,Secondary,55820,89.7,71.5,3.65,0,5.85,1,0.8674041,High risk...
RJ004661,Udaipur,Rural,8,8,Male,Upper-Middle,Graduate+,42833,85.2,56.5,6.25,0,3.54,0,0.20626837,Low risk...
RJ004662,Ajmer,Rural,10,16,Female,Middle,Graduate+,23698,86.9,82.0,7.2,1,5.31,1,0.06698339,Low risk...
RJ004663,Bikaner,Rural,9,7,Male,High,No formal,83047,92.1,53.8,3.91,0,7.74,0,0.054787975,Low risk...
RJ004664,Sikar,Rural,10,13,Male,Low,Higher Secondary,7877,76.5,53.7,3.17,1,5.06,1,0.8652522,High risk...
RJ004665,Sikar,Urban,11,18,Female,Lower-Middle,Primary,8551,70.9,50.0,2.03,0,6.48,0,0.8170827,High risk...
RJ004666,Alwar,Rural,9,8,Female,Upper-Middle,Secondary,48770,90.7,71.6,4.14,0,4.55,1,0.002363712,Low risk...
RJ004667,Jaipur,Urban,5,11,Male,Lower-Middle,Primary,8871,79.2,50.1,1.55,0,5.04,0,0.0325785,Low risk...
RJ004668,Sikar,Urban,11,7,Female,High,Primary,62474,88.9,60.5,0.93,0,6.26,0,0.028148292,Low risk...
RJ004669,Alwar,Urban,9,12,Male,Low,No formal,7101,69.7,64.5,0.82,1,7.15,1,0.6729294,Moderate risk..
RJ004670,Alwar,Urban,4,18,Female,Lower-Middle,Secondary,10368,83.2,67.0,1.59,0,6.07,0,0.026051242,Low risk...
RJ004671,Kota,Urban,2,9,Female,High,Primary,58329,96.3,76.8,1.36,0,8.75,0,0.009201724,Low risk...
RJ004672,Barmer,Urban,3,14,Male,Lower-Middle,No formal,9780,77.6,50.2,1.06,1,5.25,0,0.06988784,Low risk...
RJ004673,Alwar,Urban,1,15,Male,Middle,Primary,21151,88.5,68.3,0.99,0,8.0,1,0.9218539,High risk...
RJ004674,Jaipur,Rural,5,14,Male,Low,Graduate+,7433,76.1,67.1,4.52,1,3.64,1,0.8731647,High risk...
RJ004675,Bikaner,Urban,1,12,Male,Middle,Secondary,28436,88.5,64.7,0.85,0,8.78,0,0.016688028,Low risk...
RJ004676,Barmer,Rural,12,17,Female,Upper-Middle,Primary,54656,89.8,69.1,2.4,1,5.29,0,0.037059862,Low risk...
RJ004677,Jaipur,Rural,11,13,Male,Lower-Middle,Higher Secondary,11507,76.1,50.9,9.34,1,5.39,1,0.9211452,High risk...
RJ004678,Bhilwara,Rural,1,8,Male,Low,Secondary,4675,69.2,63.0,7.2,0,7.23,0,0.015452152,Low risk...
RJ004679,Alwar,Urban,11,16,Male,Low,No formal,7582,71.6,53.3,0.57,0,5.37,1,0.8544619,High risk...
RJ004680,Ajmer,Rural,11,10,Male,Upper-Middle,Primary,35923,87.5,66.0,4.76,0,6.18,0,0.08835023,Low risk...
RJ004681,Kota,Urban,7,7,Male,Middle,No formal,24197,85.9,71.9,1.6,0,7.51,0,0.0020921226,Low risk...
RJ004682,Jodhpur,Urban,2,15,Female,Low,Secondary,5302,78.8,68.7,0.9,0,5.1,0,0.27393827,Low risk...
RJ004683,Bhilwara,Rural,8,12,Female,Low,Graduate+,5445,66.6,59.9,9.26,1,8.34,1,0.7286066,High risk...
RJ004684,Kota,Rural,6,18,Female,Middle,Primary,28032,84.8,57.5,7.29,0,7.04,0,0.015913432,Low risk...
RJ004685,Sikar,Rural,4,13,Female,Middle,Primary,20376,83.7,76.4,0.98,0,4.84,0,0.041725595,Low risk...
RJ004686,Bikaner,Rural,9,14,Female,Low,Primary,6073,68.4,45.9,6.93,1,7.55,0,0.116218105,Low risk...
RJ004687,Jaipur,Rural,10,16,Female,Low,Primary,6882,71.3,63.4,1.52,1,3.62,0,0.0890314,Low risk...
RJ004688,Jaipur,Urban,8,16,Female,Middle,Secondary,32706,86.6,57.2,0.99,0,4.42,0,0.07642907,Low risk...
RJ004689,Udaipur,Urban,10,12,Male,Lower-Middle,Secondary,11518,78.4,72.4,2.46,0,6.35,0,0.13501942,Low risk...
RJ004690,Bhilwara,Rural,3,15,Male,High,No formal,73847,91.9,76.7,8.37,0,8.38,0,0.0038364143,Low risk...
RJ004691,Kota,Rural,3,15,Male,Lower-Middle,Higher Secondary,11490,80.6,53.5,4.71,1,8.76,1,0.9049874,High risk...
RJ004692,Kota,Urban,4,18,Female,Middle,No formal,26264,89.3,70.7,2.18,0,9.42,1,0.860393,High risk...
RJ004693,Kota,Rural,9,13,Female,Lower-Middle,Graduate+,11030,80.0,73.4,4.13,1,6.67,0,0.07593316,Low risk...
RJ004694,Udaipur,Urban,9,17,Male,Upper-Middle,Primary,39389,86.3,73.0,2.01,0,4.22,0,0.0073848125,Low risk...
RJ004695,Bikaner,Rural,5,14,Female,Lower-Middle,Secondary,11553,78.1,67.8,6.37,1,4.95,0,0.31907693,Low risk...
RJ004696,Barmer,Rural,12,11,Female,Low,No formal,7467,65.4,45.0,3.95,1,5.73,0,0.0074498607,Low risk...
RJ004697,Udaipur,Rural,9,17,Male,Low,Primary,5262,70.7,56.3,0.1,1,4.17,0,0.015970178,Low risk...
RJ004698,Udaipur,Urban,6,17,Male,Upper-Middle,Higher Secondary,58106,84.3,84.3,0.1,0,5.06,0,0.015933981,Low risk...
RJ004699,Jaipur,Rural,8,15,Male,Lower-Middle,Primary,10795,84.7,57.6,4.68,0,1.68,1,0.8508372,High risk...
RJ004700,Bhilwara,Rural,11,7,Male,Lower-Middle,Higher Secondary,13466,74.4,67.6,0.46,0,5.97,0,0.14019063,Low risk...
RJ004701,Jodhpur,Urban,8,7,Female,Lower-Middle,Secondary,16556,81.8,76.3,0.16,1,3.83,0,0.018100992,Low risk...
RJ004702,Jaipur,Urban,12,9,Female,Low,Graduate+,8198,76.0,60.2,0.1,1,6.55,0,0.045586046,Low risk...
RJ004703,Alwar,Rural,10,14,Female,Low,Graduate+,6025,72.1,54.4,10.23,1,6.0,0,0.0529326,Low risk...
RJ004704,Ajmer,Rural,7,12,Female,Low,Primary,4484,72.7,49.1,4.37,1,3.69,1,0.91935843,High risk...
RJ004705,Bikaner,Urban,4,7,Female,Lower-Middle,Secondary,15982,76.5,67.1,0.79,0,10.0,1,0.88563,High risk...
RJ004706,Bikaner,Rural,4,13,Female,Middle,Higher Secondary,19721,85.0,61.2,5.51,0,6.54,0,0.100723065,Low risk...
RJ004707,Sikar,Rural,6,16,Female,Middle,No formal,33662,90.3,66.6,0.1,0,5.76,0,0.0024231237,Low risk...
RJ004708,Jodhpur,Urban,9,12,Female,Upper-Middle,Higher Secondary,54578,89.1,84.8,0.7,0,5.95,0,0.020905204,Low risk...
RJ004709,Sikar,Rural,7,14,Female,Lower-Middle,Secondary,16248,79.1,65.0,0.34,1,5.32,0,0.06313263,Low risk...
RJ004710,Ajmer,Urban,5,13,Male,Middle,Secondary,29144,89.9,65.7,1.11,0,6.2,0,0.024211986,Low risk...
RJ004711,Bikaner,Urban,5,8,Female,Low,No formal,8379,76.1,60.2,1.88,1,8.8,1,0.32087559,Low risk...
RJ004712,Bikaner,Urban,8,6,Male,Low,Secondary,6161,72.1,60.7,1.76,1,8.49,0,0.12667188,Low risk...
RJ004713,Jodhpur,Rural,6,7,Female,Low,Primary,5584,74.1,63.7,3.22,0,4.34,0,0.05359865,Low risk...
RJ004714,Alwar,Rural,1,18,Male,Lower-Middle,Higher Secondary,11704,79.7,81.2,1.04,0,5.65,0,0.3410787,Low risk...
RJ004715,Udaipur,Urban,1,7,Male,Low,Primary,5671,74.3,63.4,0.15,1,4.95,0,0.04607034,Low risk...
RJ004716,Kota,Rural,9,9,Female,Low,Primary,5883,71.4,74.7,3.87,1,8.47,0,0.030773103,Low risk...
RJ004717,Ajmer,Rural,8,11,Male,Lower-Middle,Graduate+,15836,80.2,74.3,4.49,0,4.16,0,0.018503286,Low risk...
RJ004718,Bhilwara,Urban,6,9,Male,Lower-Middle,Secondary,13373,75.8,57.3,1.2,1,9.04,0,0.026717069,Low risk...
RJ004719,Bikaner,Rural,1,14,Male,Lower-Middle,Graduate+,14496,82.2,90.1,4.71,1,6.93,0,0.032471824,Low risk...
RJ004720,Bhilwara,Rural,2,9,Female,Lower-Middle,Primary,10818,80.3,62.8,5.14,1,6.28,0,0.036263667,Low risk...
RJ004721,Kota,Rural,10,11,Female,Low,Secondary,8357,68.8,50.8,7.34,0,7.09,0,0.48351645,Moderate risk..
RJ004722,Jaipur,Rural,3,11,Female,Low,Secondary,5379,73.8,80.9,0.1,1,2.95,1,0.90612763,High risk...
RJ004723,Jodhpur,Urban,10,15,Female,Low,Secondary,4868,64.5,50.8,1.43,1,6.25,1,0.062268093,Low risk...
RJ004724,Bikaner,Rural,12,16,Male,Low,No formal,7468,68.2,48.2,0.86,0,7.17,0,0.035734136,Low risk...
RJ004725,Jodhpur,Urban,3,15,Male,Lower-Middle,Primary,15448,77.7,57.8,1.48,1,6.96,0,0.03212284,Low risk...
RJ004726,Jaipur,Rural,2,6,Male,Middle,Higher Secondary,24391,86.7,73.7,4.36,1,2.66,0,0.019334406,Low risk...
RJ004727,Barmer,Rural,12,13,Female,Low,Primary,6473,63.7,61.3,5.23,1,2.5,0,0.013834714,Low risk...
RJ004728,Barmer,Urban,2,17,Female,Lower-Middle,Graduate+,11879,82.1,50.6,1.22,1,6.59,1,0.84522057,High risk...
RJ004729,Alwar,Rural,6,8,Male,Middle,No formal,22644,88.2,73.8,1.16,0,7.08,0,0.0049033924,Low risk...
RJ004730,Jodhpur,Rural,7,18,Male,Low,Graduate+,7616,72.6,61.6,8.89,1,4.58,0,0.055063788,Low risk...
RJ004731,Jaipur,Rural,4,11,Male,Low,Secondary,7380,76.0,60.3,2.75,1,2.67,0,0.034587085,Low risk...
RJ004732,Jaipur,Urban,1,8,Female,Lower-Middle,Secondary,12477,80.5,80.0,0.71,0,4.09,0,0.05067137,Low risk...
RJ004733,Alwar,Rural,6,16,Male,Lower-Middle,Primary,12227,74.8,62.2,0.18,1,7.39,0,0.02217597,Low risk...
RJ004734,Bhilwara,Rural,7,7,Male,Lower-Middle,Higher Secondary,9913,79.0,71.4,0.1,1,6.77,0,0.009954989,Low risk...
RJ004735,Bikaner,Urban,4,10,Male,Middle,Primary,28652,88.5,68.3,1.95,0,7.75,0,0.02053288,Low risk...
RJ004736,Jaipur,Urban,6,6,Female,Low,Secondary,8079,69.5,65.8,0.49,1,6.3,1,0.8951623,High risk...
RJ004737,Udaipur,Rural,9,14,Female,Lower-Middle,No formal,14438,76.6,72.4,5.81,1,3.83,0,0.054537483,Low risk...
RJ004738,Kota,Urban,4,16,Male,Low,Secondary,6326,73.8,42.5,0.43,0,6.84,1,0.953104,High risk...
RJ004739,Kota,Urban,12,12,Female,Middle,Higher Secondary,18177,91.1,83.7,0.72,0,10.0,0,0.021355206,Low risk...
RJ004740,Ajmer,Rural,10,8,Female,Upper-Middle,No formal,60804,88.2,78.8,3.37,0,5.58,0,0.15157801,Low risk...
RJ004741,Alwar,Rural,4,9,Female,Low,Secondary,5494,68.8,63.3,4.29,1,3.85,0,0.056510065,Low risk...
RJ004742,Jaipur,Rural,10,18,Male,Low,No formal,5460,65.0,47.1,4.79,1,5.01,0,0.005608861,Low risk...
RJ004743,Jaipur,Rural,12,11,Female,Low,Graduate+,6172,72.7,56.9,1.11,1,2.56,0,0.032204118,Low risk...
RJ004744,Bhilwara,Rural,5,8,Male,Low,Graduate+,6002,81.5,90.3,3.5,1,6.04,0,0.0056983237,Low risk...
RJ004745,Jodhpur,Rural,3,17,Male,Low,Primary,8242,74.2,52.9,8.7,1,3.2,1,0.86038065,High risk...
RJ004746,Jaipur,Urban,10,12,Female,Lower-Middle,No formal,9786,76.5,71.5,0.99,1,7.05,0,0.75488096,High risk...
RJ004747,Jodhpur,Rural,2,18,Male,High,Secondary,94591,95.8,78.6,3.91,0,6.14,1,0.91119015,High risk...
RJ004748,Jaipur,Rural,9,11,Male,Lower-Middle,No formal,9297,75.6,75.2,5.5,1,3.06,0,0.026740178,Low risk...
RJ004749,Bikaner,Rural,1,14,Male,Low,Primary,5363,68.4,54.1,1.1,1,8.97,0,0.032086037,Low risk...
RJ004750,Sikar,Rural,5,17,Male,Low,Primary,7233,77.1,49.0,5.83,1,3.13,1,0.9465597,High risk...
RJ004751,Kota,Urban,5,10,Male,Low,Primary,7577,72.2,58.9,1.42,1,9.79,0,0.0022157782,Low risk...
RJ004752,Bikaner,Rural,8,9,Male,Low,No formal,6169,75.7,47.0,5.9,1,8.63,0,0.060298953,Low risk...
RJ004753,Alwar,Rural,6,8,Female,Middle,No formal,31314,83.2,84.8,4.13,0,6.87,0,0.007726445,Low risk...
RJ004754,Udaipur,Rural,6,15,Female,Low,No formal,8128,73.9,62.9,0.1,0,4.05,0,0.053990006,Low risk...
RJ004755,Barmer,Rural,6,6,Male,High,Secondary,108404,95.1,81.3,6.06,0,5.26,0,0.008887566,Low risk...
RJ004756,Barmer,Urban,4,8,Female,Lower-Middle,Secondary,11277,83.7,74.5,1.28,1,5.48,1,0.81076956,High risk...
RJ004757,Jaipur,Urban,1,8,Female,Lower-Middle,No formal,11022,82.7,57.6,2.1,0,5.14,0,0.06578247,Low risk...
RJ004758,Sikar,Urban,3,12,Male,Lower-Middle,Secondary,14502,81.5,65.8,0.61,0,6.75,1,0.75923634,High risk...
RJ004759,Bikaner,Rural,10,12,Male,Middle,Higher Secondary,28947,85.4,72.5,1.11,0,7.04,0,0.0014527536,Low risk...
RJ004760,Bhilwara,Urban,12,18,Female,Lower-Middle,Primary,11695,77.9,77.9,0.35,1,9.79,1,0.9145441,High risk...
RJ004761,Udaipur,Rural,11,17,Female,Low,Higher Secondary,5160,67.1,51.4,7.38,1,4.19,1,0.9829662,High risk...
RJ004762,Bhilwara,Urban,6,6,Male,Low,Secondary,6797,69.7,54.0,0.1,1,10.0,0,0.024994256,Low risk...
RJ004763,Alwar,Rural,5,8,Male,Upper-Middle,No formal,45053,83.7,60.8,8.26,0,5.61,0,0.05583904,Low risk...
RJ004764,Jodhpur,Urban,10,18,Male,Low,Primary,4755,73.8,54.5,1.16,1,7.79,0,0.107287444,Low risk...
RJ004765,Udaipur,Rural,1,13,Other,Lower-Middle,Primary,13770,80.8,52.4,1.9,1,5.2,0,0.17906371,Low risk...
RJ004766,Bhilwara,Rural,5,14,Male,Lower-Middle,Secondary,14260,82.5,45.9,4.85,1,7.07,1,0.8390821,High risk...
RJ004767,Barmer,Rural,2,12,Female,Low,Primary,5730,76.7,47.0,5.81,1,4.87,1,0.20742522,Low risk...
RJ004768,Jaipur,Rural,1,12,Male,Low,Graduate+,7694,73.0,75.1,4.89,1,2.77,0,0.02384633,Low risk...
RJ004769,Alwar,Urban,4,17,Male,Low,Secondary,4509,74.1,62.4,0.76,1,7.02,1,0.14362231,Low risk...
RJ004770,Kota,Urban,6,16,Male,Middle,Primary,26178,84.1,72.7,1.14,0,7.89,0,0.021677174,Low risk...
RJ004771,Jaipur,Rural,7,13,Female,Lower-Middle,No formal,16433,77.2,55.2,8.68,1,4.94,0,0.03124965,Low risk...
RJ004772,Bikaner,Rural,9,11,Male,Middle,No formal,20833,86.7,64.7,6.32,1,6.92,1,0.021480246,Low risk...
RJ004773,Jodhpur,Urban,5,16,Male,Middle,Primary,20516,93.5,84.6,2.5,0,5.95,0,0.0076752496,Low risk...
RJ004774,Sikar,Rural,8,8,Female,Low,Primary,5791,75.8,73.5,2.74,1,3.13,0,0.016436024,Low risk...
RJ004775,Kota,Rural,8,6,Other,Lower-Middle,Secondary,10652,78.4,72.6,0.1,0,7.1,0,0.13810425,Low risk...
RJ004776,Sikar,Urban,11,12,Male,Middle,Secondary,21377,86.8,71.7,0.1,1,6.54,0,0.05622182,Low risk...
RJ004777,Jaipur,Urban,9,6,Male,Lower-Middle,No formal,16379,83.1,67.5,1.8,1,6.03,0,0.067512006,Low risk...
RJ004778,Kota,Rural,3,6,Female,Lower-Middle,Secondary,11297,76.8,67.0,4.55,1,7.89,0,0.026874648,Low risk...
RJ004779,Jodhpur,Urban,3,14,Female,Middle,No formal,18547,90.7,66.6,2.28,0,6.61,0,0.0062342454,Low risk...
RJ004780,Jodhpur,Urban,9,18,Male,Low,Primary,7979,74.3,56.9,0.85,1,6.04,0,0.023717504,Low risk...
RJ004781,Jaipur,Urban,7,15,Female,Middle,Secondary,25344,88.6,80.1,3.02,1,6.34,1,0.864388,High risk...
RJ004782,Jodhpur,Urban,4,12,Male,Low,Primary,7291,76.9,51.4,1.22,1,6.01,1,0.18106416,Low risk...
RJ004783,Udaipur,Rural,1,18,Female,Lower-Middle,Higher Secondary,11486,81.3,81.1,0.59,1,2.6,0,0.34758553,Low risk...
RJ004784,Kota,Urban,7,16,Male,Low,Graduate+,8128,79.1,67.8,0.99,1,8.78,0,0.12337669,Low risk...
RJ004785,Bikaner,Urban,10,18,Female,Middle,Secondary,22537,84.5,58.2,0.97,1,8.73,1,0.86769843,High risk...
RJ004786,Kota,Rural,6,9,Male,Lower-Middle,No formal,13967,78.2,56.1,2.21,0,4.11,0,0.043887086,Low risk...
RJ004787,Barmer,Urban,3,11,Female,Lower-Middle,Primary,15324,82.5,58.1,1.83,0,5.18,0,0.058383945,Low risk...
RJ004788,Barmer,Rural,5,6,Female,Middle,No formal,21664,88.9,62.2,3.69,0,6.74,1,0.79765046,High risk...
RJ004789,Udaipur,Rural,3,12,Male,Upper-Middle,Secondary,56748,91.3,68.0,4.95,0,3.7,0,0.014757629,Low risk...
RJ004790,Kota,Rural,8,17,Female,Middle,Higher Secondary,31365,85.7,66.8,5.36,1,7.27,0,0.031514738,Low risk...
RJ004791,Jaipur,Rural,5,11,Male,Low,Secondary,8250,74.3,60.1,8.81,1,1.43,0,0.013337542,Low risk...
RJ004792,Bhilwara,Urban,10,9,Female,Upper-Middle,Secondary,60569,85.5,68.8,1.41,1,7.3,0,0.063103095,Low risk...
RJ004793,Jaipur,Rural,10,12,Female,Lower-Middle,Secondary,11664,75.0,69.1,0.1,1,4.1,0,0.08306737,Low risk...
RJ004794,Kota,Rural,6,8,Female,Lower-Middle,Higher Secondary,13361,75.3,63.6,0.29,1,6.91,0,0.07356034,Low risk...
RJ004795,Kota,Rural,2,6,Female,Upper-Middle,Primary,60647,96.1,75.9,5.22,0,6.26,0,0.006593653,Low risk...
RJ004796,Kota,Urban,8,9,Female,Low,Higher Secondary,4218,71.8,63.5,1.1,1,10.0,0,0.00036840187,Low risk...
RJ004797,Jodhpur,Urban,9,8,Male,Low,Secondary,6835,61.7,59.3,1.36,0,4.89,0,0.0799033,Low risk...
RJ004798,Sikar,Rural,3,6,Male,Lower-Middle,Primary,10209,82.2,65.3,1.19,1,4.11,1,0.8835349,High risk...
RJ004799,Jaipur,Rural,6,7,Female,Middle,Graduate+,30428,86.6,69.3,6.88,0,3.65,0,0.42150557,Moderate risk..
RJ004800,Ajmer,Rural,6,16,Male,Lower-Middle,Graduate+,15090,73.9,59.5,2.05,1,4.18,0,0.016805166,Low risk...
RJ004801,Jaipur,Urban,2,10,Female,Lower-Middle,Secondary,14389,79.0,67.1,1.27,0,4.3,0,0.0796677,Low risk...
RJ004802,Jaipur,Urban,10,13,Female,Lower-Middle,Higher Secondary,16767,74.9,75.5,0.86,0,5.05,1,0.8741636,High risk...
RJ004803,Barmer,Rural,8,6,Male,Lower-Middle,Primary,12426,76.3,59.5,5.68,1,4.05,0,0.021911247,Low risk...
RJ004804,Jodhpur,Rural,5,9,Male,Middle,Primary,27324,89.6,63.8,7.22,1,2.43,0,0.03844195,Low risk...
RJ004805,Sikar,Urban,11,9,Male,Low,No formal,5918,70.6,53.8,0.32,1,7.47,0,0.029285474,Low risk...
RJ004806,Udaipur,Urban,11,10,Female,Middle,Primary,34545,81.7,60.1,0.55,0,6.34,0,0.022284493,Low risk...
RJ004807,Jaipur,Rural,8,12,Male,Middle,Primary,33648,87.9,63.0,1.84,1,3.36,0,0.056095738,Low risk...
RJ004808,Bhilwara,Rural,8,18,Male,Lower-Middle,No formal,16688,80.0,50.0,4.29,0,7.77,0,0.05314128,Low risk...
RJ004809,Jodhpur,Rural,12,17,Female,Low,Secondary,8337,65.3,55.2,6.54,1,3.73,0,0.033119645,Low risk...
RJ004810,Barmer,Rural,3,13,Female,Low,No formal,7961,73.2,59.3,1.15,1,2.79,0,0.0009627054,Low risk...
RJ004811,Jodhpur,Rural,5,11,Female,Middle,No formal,33790,87.0,57.0,4.19,0,4.99,0,0.030869327,Low risk...
RJ004812,Barmer,Urban,7,6,Female,Low,Primary,4704,70.2,50.7,0.65,1,6.1,0,0.0058891196,Low risk...
RJ004813,Jaipur,Rural,5,12,Female,Lower-Middle,Primary,9858,86.1,59.7,6.79,1,3.76,0,0.037181243,Low risk...
RJ004814,Udaipur,Rural,6,8,Male,Low,Primary,7918,73.8,48.8,7.43,1,3.87,0,0.15260306,Low risk...
RJ004815,Sikar,Rural,2,18,Female,Lower-Middle,Primary,14505,79.2,55.5,1.39,1,5.23,0,0.046790358,Low risk...
RJ004816,Bhilwara,Rural,8,18,Male,Middle,Primary,32812,81.1,62.7,4.86,0,7.29,0,0.0079950895,Low risk...
RJ004817,Barmer,Urban,5,18,Female,Middle,No formal,30976,88.8,56.0,1.33,0,6.36,0,0.023656094,Low risk...
RJ004818,Sikar,Rural,6,11,Female,Lower-Middle,Primary,9573,77.6,61.1,1.83,1,6.68,1,0.66716635,Moderate risk..
RJ004819,Barmer,Rural,1,13,Female,Middle,Higher Secondary,33540,89.1,68.2,3.48,0,5.13,0,0.008652477,Low risk...
RJ004820,Jodhpur,Rural,10,12,Male,Middle,No formal,30996,80.0,54.1,7.43,0,5.27,0,0.1262382,Low risk...
RJ004821,Kota,Urban,2,15,Male,Low,Secondary,6597,75.7,66.4,0.1,1,10.0,0,0.037009813,Low risk...
RJ004822,Kota,Rural,11,11,Female,Low,No formal,6436,69.1,49.8,4.12,1,5.76,0,0.039730765,Low risk...
RJ004823,Kota,Rural,4,14,Male,Upper-Middle,Primary,49575,89.6,65.6,5.35,1,8.65,0,0.0051449267,Low risk...
RJ004824,Bikaner,Urban,11,14,Female,Middle,Primary,24332,80.6,74.3,0.16,1,9.42,1,0.19395027,Low risk...
RJ004825,Udaipur,Urban,9,6,Female,Lower-Middle,Graduate+,15147,81.1,63.8,0.35,1,5.97,1,0.87024724,High risk...
RJ004826,Jodhpur,Rural,6,6,Female,Low,Primary,8018,72.0,71.3,2.27,1,5.08,0,0.08205899,Low risk...
RJ004827,Alwar,Rural,8,6,Female,Middle,Secondary,21926,84.1,65.7,1.13,0,5.1,0,0.008584105,Low risk...
RJ004828,Jodhpur,Urban,2,13,Female,Lower-Middle,Secondary,8720,81.2,57.6,1.15,0,6.2,0,0.0025474932,Low risk...
RJ004829,Kota,Rural,10,17,Male,Middle,No formal,21051,88.3,62.0,1.62,1,6.31,0,0.013648057,Low risk...
RJ004830,Udaipur,Rural,5,18,Male,High,Graduate+,98411,95.7,80.5,5.86,1,2.57,0,0.016899893,Low risk...
RJ004831,Sikar,Rural,12,17,Male,High,Primary,104630,91.9,80.8,8.59,0,5.94,0,0.052617718,Low risk...
RJ004832,Alwar,Urban,12,15,Female,Upper-Middle,No formal,42480,81.8,69.0,2.43,0,6.79,0,0.03682873,Low risk...
RJ004833,Ajmer,Rural,1,12,Female,Low,Primary,4840,74.0,60.5,0.1,1,5.0,1,0.75104153,High risk...
RJ004834,Jodhpur,Urban,4,8,Female,Upper-Middle,Primary,58544,94.1,82.1,1.1,0,4.8,0,0.014486531,Low risk...
RJ004835,Udaipur,Urban,10,18,Male,Low,No formal,5102,68.0,39.3,2.61,1,5.87,1,0.93954486,High risk...
RJ004836,Jaipur,Rural,1,7,Male,Upper-Middle,Secondary,39119,92.3,75.4,0.1,0,3.19,0,0.00075542,Low risk...
RJ004837,Kota,Rural,11,9,Male,Low,Primary,4589,67.8,58.8,4.09,1,7.33,0,0.022284618,Low risk...
RJ004838,Bikaner,Rural,11,8,Female,Lower-Middle,Secondary,16047,74.1,65.0,5.41,1,6.78,0,0.12758414,Low risk...
RJ004839,Jaipur,Urban,9,12,Male,Low,No formal,5572,77.0,46.8,2.06,1,4.31,0,0.005470984,Low risk...
RJ004840,Kota,Rural,2,15,Male,Middle,Graduate+,20507,89.7,68.2,9.46,1,7.16,0,0.03662807,Low risk...
RJ004841,Bhilwara,Rural,7,13,Female,Low,No formal,8205,75.9,57.7,0.43,1,8.34,1,0.9220045,High risk...
RJ004842,Bhilwara,Rural,3,11,Male,Lower-Middle,Secondary,11218,83.4,77.0,3.65,1,6.68,0,0.034377363,Low risk...
RJ004843,Kota,Rural,2,8,Female,Middle,Secondary,30581,87.1,85.6,3.69,1,7.25,0,0.01693536,Low risk...
RJ004844,Jaipur,Urban,4,11,Male,Middle,No formal,21532,84.4,58.8,0.36,1,4.85,1,0.8412739,High risk...
RJ004845,Jodhpur,Urban,7,7,Male,Low,No formal,7253,71.8,46.1,2.13,1,4.96,0,0.06800372,Low risk...
RJ004846,Bikaner,Urban,7,17,Male,Lower-Middle,No formal,10350,78.4,67.1,0.1,1,9.99,0,0.017395273,Low risk...
RJ004847,Bhilwara,Rural,9,12,Female,Low,No formal,6879,77.3,80.8,5.84,1,5.79,0,0.08938304,Low risk...
RJ004848,Jaipur,Urban,12,16,Male,Middle,No formal,25215,78.5,69.5,2.23,1,5.03,0,0.014466693,Low risk...
RJ004849,Sikar,Urban,3,15,Male,High,Secondary,100728,92.3,67.4,0.47,1,6.07,0,0.0018256467,Low risk...
RJ004850,Jaipur,Rural,7,12,Male,Middle,Primary,30280,82.3,87.9,2.53,0,4.18,0,0.0046790526,Low risk...
RJ004851,Bhilwara,Urban,6,9,Male,Low,Primary,8129,76.7,67.1,0.63,1,8.79,1,0.2502006,Low risk...
RJ004852,Bikaner,Urban,10,18,Female,Lower-Middle,No formal,11564,83.1,57.0,1.54,1,9.95,0,0.076429576,Low risk...
RJ004853,Sikar,Rural,7,13,Male,High,Higher Secondary,98243,92.9,91.6,6.72,0,6.15,0,0.005639237,Low risk...
RJ004854,Kota,Urban,7,9,Female,Low,No formal,8269,74.2,51.1,2.15,1,8.95,0,0.6450824,Moderate risk..
RJ004855,Ajmer,Rural,10,12,Male,Lower-Middle,Primary,11225,77.8,57.3,3.5,1,5.74,0,0.10968552,Low risk...
RJ004856,Jodhpur,Rural,5,9,Female,Lower-Middle,No formal,10836,81.3,68.1,8.84,1,4.93,0,0.12907287,Low risk...
RJ004857,Jaipur,Urban,9,18,Female,Middle,No formal,30958,86.3,65.1,2.14,0,4.2,0,0.049793195,Low risk...
RJ004858,Bhilwara,Rural,7,17,Female,Upper-Middle,Secondary,45534,90.3,72.5,0.1,0,7.92,1,0.8734776,High risk...
RJ004859,Barmer,Rural,7,10,Female,Low,Secondary,5874,74.5,63.0,4.8,1,4.99,0,0.027586784,Low risk...
RJ004860,Barmer,Rural,12,12,Male,Middle,Secondary,27048,84.8,77.8,0.32,0,5.18,0,0.025263969,Low risk...
RJ004861,Ajmer,Rural,3,18,Female,Lower-Middle,Secondary,16258,75.7,44.8,4.81,0,4.59,0,0.36549756,Low risk...
RJ004862,Sikar,Rural,1,18,Male,Low,Graduate+,4552,76.0,70.4,8.03,1,4.56,1,0.90464747,High risk...
RJ004863,Jaipur,Urban,5,15,Male,Low,Primary,6156,74.9,58.2,3.27,1,4.08,0,0.029912217,Low risk...
RJ004864,Kota,Rural,8,8,Female,Lower-Middle,Primary,9325,79.7,57.4,1.3,1,3.96,0,0.4348091,Moderate risk..
RJ004865,Kota,Rural,5,15,Male,Low,No formal,7911,73.5,51.6,6.59,1,6.66,0,0.12737378,Low risk...
RJ004866,Ajmer,Rural,10,10,Female,Middle,No formal,19892,84.0,42.8,2.5,0,7.44,0,0.056407772,Low risk...
RJ004867,Kota,Rural,3,16,Male,Low,Primary,4577,72.8,52.9,5.25,1,8.19,0,0.040298525,Low risk...
RJ004868,Jaipur,Urban,9,8,Female,Low,Primary,8248,66.7,65.9,0.71,1,5.43,1,0.9449801,High risk...
RJ004869,Ajmer,Rural,2,10,Female,Low,Primary,6566,78.4,69.3,6.67,1,5.96,0,0.054752696,Low risk...
RJ004870,Sikar,Rural,3,8,Female,Low,No formal,7669,71.6,54.9,2.06,1,5.15,0,0.019831993,Low risk...
RJ004871,Bikaner,Rural,12,16,Female,Lower-Middle,Higher Secondary,12350,76.0,54.7,0.1,1,6.87,1,0.07425413,Low risk...
RJ004872,Jaipur,Urban,4,15,Female,Lower-Middle,Graduate+,12059,78.3,76.1,1.91,1,4.82,1,0.75629145,High risk...
RJ004873,Jodhpur,Rural,10,16,Female,Middle,Primary,33453,88.3,79.1,0.1,0,3.36,1,0.28799322,Low risk...
RJ004874,Jodhpur,Rural,1,12,Male,High,Higher Secondary,111433,94.8,85.6,6.81,0,3.44,0,0.0012362335,Low risk...
RJ004875,Kota,Urban,11,18,Female,Middle,Higher Secondary,28324,82.1,61.9,0.84,1,8.86,0,0.10742041,Low risk...
RJ004876,Ajmer,Urban,4,6,Male,Low,Graduate+,8056,76.7,61.6,0.77,1,6.56,1,0.7438767,High risk...
RJ004877,Ajmer,Urban,4,14,Male,Upper-Middle,Primary,58676,97.0,87.0,2.1,0,7.83,0,0.003856512,Low risk...
RJ004878,Alwar,Rural,9,14,Male,Lower-Middle,Secondary,12970,79.2,55.8,0.1,1,6.39,0,0.04454077,Low risk...
RJ004879,Kota,Rural,8,10,Male,Lower-Middle,No formal,16305,77.4,63.8,3.4,1,5.89,0,0.12464603,Low risk...
RJ004880,Sikar,Rural,2,14,Female,Lower-Middle,Secondary,10164,83.6,53.9,5.34,1,5.12,0,0.21242842,Low risk...
RJ004881,Jodhpur,Urban,7,15,Female,Low,Secondary,7916,68.3,56.6,1.09,1,4.49,0,0.08616766,Low risk...
RJ004882,Bikaner,Rural,6,18,Female,Upper-Middle,Secondary,41245,89.6,76.4,2.53,0,4.66,0,0.032230478,Low risk...
RJ004883,Sikar,Rural,7,11,Female,Low,No formal,4328,79.0,60.7,2.56,1,5.5,0,0.0583181,Low risk...
RJ004884,Jodhpur,Rural,11,10,Male,Lower-Middle,Higher Secondary,15012,77.5,71.1,8.63,1,4.67,0,0.043444093,Low risk...
RJ004885,Jaipur,Urban,4,18,Male,Low,Primary,8106,74.8,50.7,2.25,0,5.18,1,0.89098936,High risk...
RJ004886,Barmer,Urban,5,8,Male,Middle,No formal,21294,86.1,58.6,2.72,0,6.63,0,0.08840595,Low risk...
RJ004887,Kota,Rural,6,16,Female,Middle,Primary,26846,84.3,70.0,8.05,0,7.04,0,0.04968343,Low risk...
RJ004888,Alwar,Urban,9,16,Male,Low,Higher Secondary,7347,72.9,69.7,2.06,1,5.83,1,0.9317591,High risk...
RJ004889,Jaipur,Urban,2,13,Female,Middle,Graduate+,23303,89.8,78.1,1.0,0,4.74,0,0.04964183,Low risk...
RJ004890,Alwar,Urban,11,9,Female,Middle,Secondary,20071,82.0,74.8,0.82,0,8.23,0,0.03402893,Low risk...
RJ004891,Kota,Rural,9,15,Female,Lower-Middle,No formal,11695,70.5,42.5,0.56,0,7.75,1,0.8692149,High risk...
RJ004892,Jaipur,Urban,10,18,Female,Lower-Middle,No formal,12235,78.9,57.1,1.94,1,3.59,0,0.044739086,Low risk...
RJ004893,Ajmer,Urban,1,18,Female,Lower-Middle,No formal,14635,88.4,81.1,1.92,1,6.63,0,0.022244193,Low risk...
RJ004894,Jodhpur,Rural,4,8,Male,Low,No formal,5034,73.4,67.8,4.74,1,5.37,1,0.8843551,High risk...
RJ004895,Bikaner,Rural,12,18,Male,Middle,Primary,31764,78.1,67.5,4.73,0,8.03,0,0.11090449,Low risk...
RJ004896,Jaipur,Rural,5,11,Female,Lower-Middle,Primary,12618,82.0,63.6,3.73,1,4.9,0,0.16000374,Low risk...
RJ004897,Jaipur,Rural,9,13,Female,Lower-Middle,No formal,15993,83.2,71.7,2.29,1,2.12,0,0.036882736,Low risk...
RJ004898,Kota,Rural,6,18,Female,Upper-Middle,Higher Secondary,49322,91.1,78.5,5.6,0,7.5,0,0.0517694,Low risk...
RJ004899,Jaipur,Rural,4,14,Male,Low,Secondary,6077,79.7,53.7,1.61,1,3.26,0,0.007044984,Low risk...
RJ004900,Barmer,Rural,2,11,Female,Low,Secondary,5405,77.9,72.7,4.45,1,5.29,0,0.3456075,Low risk...
RJ004901,Jaipur,Urban,5,10,Male,Low,Primary,4646,76.1,54.3,1.68,1,4.26,0,0.028379448,Low risk...
RJ004902,Udaipur,Rural,8,17,Male,Low,Primary,5761,70.9,64.2,5.16,1,3.11,0,0.0950981,Low risk...
RJ004903,Jaipur,Urban,8,16,Male,Low,Primary,5937,73.4,46.7,1.86,1,5.11,1,0.07395258,Low risk...
RJ004904,Kota,Urban,6,7,Male,High,Primary,87824,92.4,83.8,2.34,0,7.95,0,0.0477796,Low risk...
RJ004905,Bhilwara,Rural,11,7,Male,Low,Secondary,7811,70.8,58.3,6.08,1,7.41,0,0.021365363,Low risk...
RJ004906,Jodhpur,Rural,1,14,Male,Middle,Primary,25617,87.2,59.0,0.1,0,2.05,0,0.032666594,Low risk...
RJ004907,Bhilwara,Rural,8,7,Female,Low,Higher Secondary,5520,73.2,58.8,5.38,1,8.33,1,0.96319115,High risk...
RJ004908,Jodhpur,Rural,4,7,Female,Lower-Middle,Higher Secondary,15735,76.6,63.7,4.23,1,1.31,1,0.86597115,High risk...
RJ004909,Alwar,Rural,2,8,Female,High,Primary,97099,96.9,73.7,5.12,1,6.27,0,0.032684747,Low risk...
RJ004910,Udaipur,Rural,1,8,Male,Low,No formal,5490,73.4,68.1,2.41,1,3.4,0,0.018511137,Low risk...
RJ004911,Barmer,Rural,7,9,Female,Middle,Graduate+,20422,84.2,73.6,7.45,0,3.25,0,0.011061206,Low risk...
RJ004912,Udaipur,Rural,2,12,Male,High,Secondary,72298,95.5,57.9,4.75,0,4.15,0,0.0017488418,Low risk...
RJ004913,Udaipur,Urban,4,14,Male,Lower-Middle,Secondary,9439,77.7,54.8,1.36,0,6.36,0,0.027756207,Low risk...
RJ004914,Jodhpur,Urban,4,7,Female,Low,Secondary,7994,68.6,81.2,1.24,1,6.75,1,0.9631021,High risk...
RJ004915,Jodhpur,Rural,10,9,Male,Middle,No formal,28205,82.4,64.0,6.71,1,5.22,0,0.1708153,Low risk...
RJ004916,Barmer,Urban,1,14,Female,Middle,No formal,32611,83.7,71.3,0.1,0,5.34,0,0.0139610525,Low risk...
RJ004917,Kota,Urban,2,7,Female,Low,No formal,7646,77.6,57.6,1.56,1,9.08,1,0.03715761,Low risk...
RJ004918,Kota,Urban,1,15,Female,Lower-Middle,No formal,9687,78.5,52.6,0.98,1,7.09,0,0.035064615,Low risk...
RJ004919,Alwar,Rural,6,16,Female,Low,Primary,6061,78.0,58.5,7.03,1,5.44,0,0.19019046,Low risk...
RJ004920,Kota,Rural,3,18,Female,Low,No formal,8283,75.0,59.5,5.45,1,7.71,0,0.038878683,Low risk...
RJ004921,Bhilwara,Rural,1,6,Male,Upper-Middle,Higher Secondary,38865,92.2,72.0,0.44,0,6.78,0,0.016136996,Low risk...
RJ004922,Alwar,Rural,12,15,Female,Lower-Middle,Secondary,8822,70.6,75.7,1.07,0,3.52,1,0.9798743,High risk...
RJ004923,Ajmer,Rural,8,13,Male,Low,Primary,5653,72.9,54.4,4.01,1,4.41,0,0.1239705,Low risk...
RJ004924,Barmer,Rural,12,14,Female,Lower-Middle,No formal,12692,76.3,50.8,2.07,1,6.6,1,0.80246514,High risk...
RJ004925,Jaipur,Rural,4,12,Female,Low,Secondary,4435,70.6,66.8,0.1,0,4.0,1,0.8949939,High risk...
RJ004926,Jodhpur,Rural,10,13,Male,Low,No formal,5992,71.8,64.0,1.76,1,3.61,1,0.8559529,High risk...
RJ004927,Bikaner,Rural,7,9,Female,Lower-Middle,Secondary,10529,77.8,64.9,3.16,1,7.11,1,0.7336869,High risk...
RJ004928,Jodhpur,Urban,10,9,Male,Lower-Middle,Higher Secondary,10182,76.8,61.7,1.49,1,5.98,1,0.4380391,Moderate risk..
RJ004929,Alwar,Urban,2,18,Male,Low,Primary,5308,75.6,45.8,1.17,1,5.31,1,0.9386066,High risk...
RJ004930,Barmer,Rural,6,7,Female,Low,No formal,4643,72.1,66.5,0.1,0,3.2,0,0.0062305178,Low risk...
RJ004931,Bikaner,Rural,6,13,Male,Lower-Middle,Secondary,9044,80.2,73.1,1.68,1,6.53,0,0.09571851,Low risk...
RJ004932,Kota,Rural,7,16,Male,Middle,Primary,27927,84.7,62.9,6.39,0,6.86,0,0.03424189,Low risk...
RJ004933,Bhilwara,Rural,12,7,Male,Upper-Middle,No formal,61357,87.9,66.7,2.0,0,8.95,0,0.003652551,Low risk...
RJ004934,Bikaner,Urban,1,14,Female,Low,Primary,7580,74.4,58.4,1.45,1,8.84,0,0.11764008,Low risk...
RJ004935,Udaipur,Urban,12,9,Male,Lower-Middle,Graduate+,15405,73.3,79.5,2.23,1,4.96,0,0.0049741114,Low risk...
RJ004936,Kota,Rural,1,6,Male,Upper-Middle,Primary,54655,89.9,61.2,5.34,0,7.43,0,0.0053219725,Low risk...
RJ004937,Barmer,Urban,2,18,Female,Lower-Middle,Higher Secondary,16430,85.8,66.9,1.42,1,4.17,0,0.016384741,Low risk...
RJ004938,Udaipur,Rural,11,9,Male,Upper-Middle,No formal,61442,89.9,61.7,1.83,0,3.07,0,0.00343104,Low risk...
RJ004939,Sikar,Rural,2,8,Male,Upper-Middle,No formal,56017,95.1,73.0,5.45,0,4.66,0,0.0037823587,Low risk...
RJ004940,Sikar,Rural,5,17,Female,Low,Secondary,7207,77.8,65.1,5.12,1,4.39,0,0.04704968,Low risk...
RJ004941,Kota,Urban,1,11,Female,Low,No formal,5482,74.6,59.9,1.47,1,10.0,1,0.84997445,High risk...
RJ004942,Bikaner,Rural,11,12,Female,Low,Primary,4583,71.9,51.7,4.28,1,7.93,0,0.007967933,Low risk...
RJ004943,Barmer,Rural,2,13,Male,Low,No formal,4590,75.7,70.8,0.1,1,3.48,0,0.07618458,Low risk...
RJ004944,Kota,Rural,6,7,Female,Upper-Middle,Primary,54692,91.5,66.9,7.51,0,6.1,0,0.0032386791,Low risk...
RJ004945,Sikar,Rural,3,11,Female,Upper-Middle,Primary,32394,90.1,79.2,7.69,0,4.15,0,0.037205596,Low risk...
RJ004946,Bhilwara,Rural,4,11,Male,Low,Secondary,7629,74.8,88.0,3.14,1,6.97,0,0.023832873,Low risk...
RJ004947,Ajmer,Urban,1,15,Male,Lower-Middle,Secondary,11478,82.2,60.3,1.18,0,6.7,0,0.0052688285,Low risk...
RJ004948,Alwar,Rural,5,17,Female,Lower-Middle,Graduate+,10013,81.6,74.2,1.73,1,5.78,0,0.03743028,Low risk...
RJ004949,Sikar,Rural,4,10,Male,Lower-Middle,Secondary,11824,82.5,66.4,3.58,1,4.4,0,0.024491226,Low risk...
RJ004950,Barmer,Urban,8,15,Female,Lower-Middle,Secondary,14307,78.8,81.5,1.34,0,6.02,0,0.06492325,Low risk...
RJ004951,Bikaner,Urban,3,15,Female,Upper-Middle,Secondary,40166,91.4,70.6,2.74,0,8.71,0,0.0039226725,Low risk...
RJ004952,Jaipur,Urban,10,12,Female,Low,Higher Secondary,4929,72.2,65.7,1.44,1,6.31,0,0.067715466,Low risk...
RJ004953,Bikaner,Rural,1,8,Female,Low,Primary,7299,80.9,66.0,3.99,1,8.04,0,0.060534574,Low risk...
RJ004954,Alwar,Rural,10,9,Male,Low,Primary,7899,66.3,54.6,3.73,1,3.93,1,0.9190119,High risk...
RJ004955,Bikaner,Urban,5,15,Male,Lower-Middle,Secondary,13319,77.1,70.3,0.25,0,6.88,1,0.849183,High risk...
RJ004956,Alwar,Rural,1,18,Female,Low,No formal,6400,78.0,61.0,7.77,1,5.25,0,0.11364795,Low risk...
RJ004957,Kota,Rural,11,14,Female,Lower-Middle,Higher Secondary,14741,77.8,70.9,0.1,0,6.73,0,0.20383604,Low risk...
RJ004958,Ajmer,Urban,5,9,Female,Lower-Middle,Primary,14554,80.8,65.8,1.71,1,5.54,1,0.78760314,High risk...
RJ004959,Jodhpur,Urban,9,8,Other,Middle,Primary,17610,86.0,62.4,2.57,1,4.84,0,0.012326687,Low risk...
RJ004960,Alwar,Urban,5,7,Female,Lower-Middle,Secondary,10767,80.6,64.2,1.96,0,7.44,0,0.04255011,Low risk...
RJ004961,Udaipur,Rural,2,10,Male,Low,Primary,8114,73.8,64.3,7.99,1,2.47,0,0.2436462,Low risk...
RJ004962,Jodhpur,Urban,2,9,Female,Middle,Graduate+,34304,89.4,80.6,1.42,1,7.44,0,0.01942013,Low risk...
RJ004963,Kota,Rural,10,18,Male,Middle,Graduate+,26430,83.6,82.6,5.61,1,6.65,1,0.8422996,High risk...
RJ004964,Alwar,Rural,9,18,Male,Low,Secondary,6552,70.7,75.3,7.74,1,5.99,0,0.04779864,Low risk...
RJ004965,Udaipur,Rural,12,13,Male,Low,No formal,4203,72.6,52.9,3.51,1,3.31,0,0.08874794,Low risk...
RJ004966,Jodhpur,Urban,5,12,Female,Middle,Primary,29266,88.0,69.5,0.15,0,4.08,0,0.0918198,Low risk...
RJ004967,Bhilwara,Rural,11,11,Female,Low,Primary,5092,71.6,57.0,0.22,1,7.01,0,0.023264008,Low risk...
RJ004968,Alwar,Rural,8,16,Male,Low,Higher Secondary,4737,77.7,58.2,5.25,1,4.11,0,0.039017018,Low risk...
RJ004969,Bhilwara,Urban,10,17,Male,Lower-Middle,No formal,10959,81.5,66.9,0.17,1,8.8,0,0.029005356,Low risk...
RJ004970,Bikaner,Urban,4,7,Female,Low,No formal,6993,77.5,66.2,2.32,1,8.74,0,0.02032931,Low risk...
RJ004971,Udaipur,Rural,2,8,Female,Low,No formal,6033,83.2,54.8,6.12,1,3.28,0,0.03712037,Low risk...
RJ004972,Barmer,Rural,4,15,Female,Lower-Middle,Primary,11332,80.1,60.7,4.61,1,4.85,0,0.056146346,Low risk...
RJ004973,Udaipur,Urban,12,14,Female,Middle,Higher Secondary,30219,81.1,65.3,1.52,0,6.52,0,0.023206698,Low risk...
RJ004974,Alwar,Rural,11,18,Female,Middle,No formal,31740,85.6,52.8,3.01,0,5.25,0,0.024895879,Low risk...
RJ004975,Jodhpur,Rural,4,14,Male,High,No formal,104675,92.7,68.8,3.04,1,3.37,0,0.006400027,Low risk...
RJ004976,Bikaner,Rural,11,10,Male,Low,Secondary,6068,71.0,51.4,0.11,1,7.67,0,0.029113835,Low risk...
RJ004977,Jaipur,Urban,9,8,Male,Low,Higher Secondary,7215,69.0,63.1,1.23,1,5.55,0,0.5085215,Moderate risk..
RJ004978,Jodhpur,Rural,10,7,Female,Middle,Higher Secondary,32991,85.3,73.7,7.0,0,3.81,1,0.9154718,High risk...
RJ004979,Jaipur,Urban,11,13,Male,Lower-Middle,Secondary,16035,72.6,64.7,2.7,0,6.49,0,0.70965374,High risk...
RJ004980,Jaipur,Rural,6,11,Female,Low,No formal,6267,73.2,61.0,6.44,1,3.31,0,0.040564846,Low risk...
RJ004981,Bhilwara,Rural,10,15,Male,Low,Primary,5692,71.5,70.7,6.26,1,8.64,0,0.07908026,Low risk...
RJ004982,Jodhpur,Rural,6,16,Male,Low,Graduate+,7981,72.2,59.4,1.02,1,3.44,0,0.045547888,Low risk...
RJ004983,Alwar,Rural,5,17,Male,Lower-Middle,Graduate+,10596,74.7,61.3,5.91,0,6.21,0,0.07332711,Low risk...
RJ004984,Sikar,Urban,6,12,Male,Low,Secondary,7547,68.2,64.2,0.76,1,6.69,1,0.94101,High risk...
RJ004985,Udaipur,Rural,1,6,Male,High,Secondary,106885,92.8,72.6,1.97,0,4.25,0,0.0043127853,Low risk...
RJ004986,Jodhpur,Urban,5,6,Female,Low,Graduate+,7307,75.6,76.9,0.8,1,3.57,0,0.015293438,Low risk...
RJ004987,Alwar,Rural,12,15,Male,High,Primary,94072,90.4,74.3,0.51,0,7.53,0,0.003547889,Low risk...
RJ004988,Ajmer,Urban,6,7,Female,Middle,No formal,18387,85.5,80.1,0.73,0,6.82,0,0.0068070865,Low risk...
RJ004989,Alwar,Rural,8,15,Male,Lower-Middle,Secondary,10109,75.8,62.7,0.34,1,6.38,0,0.023509689,Low risk...
RJ004990,Sikar,Rural,4,8,Female,Middle,Graduate+,29165,87.5,63.1,3.48,0,4.03,1,0.911105,High risk...
RJ004991,Bhilwara,Rural,5,17,Female,Middle,Secondary,31241,80.6,69.1,2.04,1,7.32,1,0.8869653,High risk...
RJ004992,Ajmer,Urban,4,6,Female,Low,Higher Secondary,4466,67.3,60.2,0.97,1,6.32,0,0.33210117,Low risk...
RJ004993,Kota,Rural,7,10,Male,Low,Primary,4280,72.3,63.3,2.47,1,6.31,0,0.016429134,Low risk...
RJ004994,Ajmer,Urban,10,8,Male,Lower-Middle,No formal,11017,75.9,64.3,1.37,0,7.78,1,0.79894406,High risk...
RJ004995,Jaipur,Rural,6,6,Female,Lower-Middle,No formal,13818,82.5,58.7,5.81,1,3.76,0,0.07446032,Low risk...
RJ004996,Barmer,Rural,4,13,Male,Lower-Middle,Graduate+,12701,81.0,63.0,1.13,0,4.64,0,0.009978665,Low risk...
RJ004997,Jaipur,Rural,6,17,Female,Lower-Middle,Primary,8470,84.5,65.1,4.84,1,4.24,0,0.048828773,Low risk...
RJ004998,Kota,Rural,4,16,Male,Lower-Middle,No formal,9674,78.9,41.8,1.44,1,6.52,1,0.9009632,High risk...
RJ004999,Sikar,Urban,12,11,Female,Lower-Middle,Graduate+,14718,78.0,69.9,1.5,1,7.07,0,0.043426935,Low risk...
RJ005000,Ajmer,Rural,8,14,Male,Lower-Middle,Primary,10900,77.7,59.0,3.75,1,5.09,0,0.03752738,Low risk...
